-- phpMyAdmin SQL Dump
-- version 4.7.3
-- https://www.phpmyadmin.net/
--
-- Хост: 127.0.0.1:3306
-- Время создания: Фев 03 2020 г., 00:30
-- Версия сервера: 5.5.57
-- Версия PHP: 7.0.21

SET SQL_MODE = "NO_AUTO_VALUE_ON_ZERO";
SET AUTOCOMMIT = 0;
START TRANSACTION;
SET time_zone = "+00:00";


/*!40101 SET @OLD_CHARACTER_SET_CLIENT=@@CHARACTER_SET_CLIENT */;
/*!40101 SET @OLD_CHARACTER_SET_RESULTS=@@CHARACTER_SET_RESULTS */;
/*!40101 SET @OLD_COLLATION_CONNECTION=@@COLLATION_CONNECTION */;
/*!40101 SET NAMES utf8mb4 */;

--
-- База данных: `ispr`
--

-- --------------------------------------------------------

--
-- Структура таблицы `auth_assignment`
--

CREATE TABLE `auth_assignment` (
  `item_name` varchar(64) COLLATE utf8_unicode_ci NOT NULL,
  `user_id` int(11) NOT NULL,
  `created_at` date DEFAULT NULL
) ENGINE=InnoDB DEFAULT CHARSET=utf8 COLLATE=utf8_unicode_ci;

--
-- Дамп данных таблицы `auth_assignment`
--

INSERT INTO `auth_assignment` (`item_name`, `user_id`, `created_at`) VALUES
('admin', 1, '2018-06-29'),
('teacher', 32, '2018-06-29'),
('teacher', 35, '2018-06-29');

-- --------------------------------------------------------

--
-- Структура таблицы `auth_item`
--

CREATE TABLE `auth_item` (
  `name` varchar(64) COLLATE utf8_unicode_ci NOT NULL,
  `type` smallint(6) NOT NULL,
  `description` text COLLATE utf8_unicode_ci,
  `rule_name` varchar(64) COLLATE utf8_unicode_ci DEFAULT NULL,
  `data` blob,
  `created_at` int(11) DEFAULT NULL,
  `updated_at` int(11) DEFAULT NULL
) ENGINE=InnoDB DEFAULT CHARSET=utf8 COLLATE=utf8_unicode_ci;

--
-- Дамп данных таблицы `auth_item`
--

INSERT INTO `auth_item` (`name`, `type`, `description`, `rule_name`, `data`, `created_at`, `updated_at`) VALUES
('admin', 1, 'Администратор', NULL, NULL, 1521125603, 1521125603),
('banned', 1, 'Заблокированный', NULL, NULL, 1521125603, 1521125603),
('canAdmin', 2, 'Право входа в админку', NULL, NULL, 1521127199, 1521127199),
('deleteOwnPost', 2, 'Право удалять собственные записи', 'isAuthor', NULL, NULL, NULL),
('deletePost', 2, 'Право удалить пост', NULL, NULL, NULL, NULL),
('teacher', 1, 'Преподаватель', NULL, NULL, 1521125603, 1521125603),
('updateOwnPost', 2, 'Право редактировать собственные записи', 'isAuthor', NULL, NULL, NULL),
('updatePost', 2, 'Право редактировать пост', NULL, NULL, 1521240311, 1521240311);

-- --------------------------------------------------------

--
-- Структура таблицы `auth_item_child`
--

CREATE TABLE `auth_item_child` (
  `parent` varchar(64) COLLATE utf8_unicode_ci NOT NULL,
  `child` varchar(64) COLLATE utf8_unicode_ci NOT NULL
) ENGINE=InnoDB DEFAULT CHARSET=utf8 COLLATE=utf8_unicode_ci;

--
-- Дамп данных таблицы `auth_item_child`
--

INSERT INTO `auth_item_child` (`parent`, `child`) VALUES
('admin', 'canAdmin'),
('teacher', 'canAdmin'),
('teacher', 'deleteOwnPost'),
('admin', 'deletePost'),
('deleteOwnPost', 'deletePost'),
('admin', 'teacher'),
('teacher', 'updateOwnPost'),
('admin', 'updatePost'),
('updateOwnPost', 'updatePost');

-- --------------------------------------------------------

--
-- Структура таблицы `auth_rule`
--

CREATE TABLE `auth_rule` (
  `name` varchar(64) COLLATE utf8_unicode_ci NOT NULL,
  `data` blob,
  `created_at` int(11) DEFAULT NULL,
  `updated_at` int(11) DEFAULT NULL
) ENGINE=InnoDB DEFAULT CHARSET=utf8 COLLATE=utf8_unicode_ci;

--
-- Дамп данных таблицы `auth_rule`
--

INSERT INTO `auth_rule` (`name`, `data`, `created_at`, `updated_at`) VALUES
('isAuthor', 0x4f3a33303a226261636b656e645c636f6e74726f6c6c6572735c417574686f7252756c65223a333a7b733a343a226e616d65223b733a383a226973417574686f72223b733a393a22637265617465644174223b693a313532313234303835323b733a393a22757064617465644174223b693a313532313234303835323b7d, 1521240852, 1521240852);

-- --------------------------------------------------------

--
-- Структура таблицы `blog`
--

CREATE TABLE `blog` (
  `id` int(11) NOT NULL,
  `title` varchar(255) NOT NULL,
  `text` text,
  `status_id` tinyint(1) NOT NULL DEFAULT '1',
  `date` datetime NOT NULL,
  `image` varchar(255) NOT NULL,
  `url` varchar(255) NOT NULL,
  `author_id` int(11) NOT NULL
) ENGINE=InnoDB DEFAULT CHARSET=utf8;

--
-- Дамп данных таблицы `blog`
--

INSERT INTO `blog` (`id`, `title`, `text`, `status_id`, `date`, `image`, `url`, `author_id`) VALUES
(1, 'У ДДМА відбувся святковий концерт до Дня Збройних Сил України', '6 грудня в актовому залі Академії на честь Дня Збройних Сил України відбувся святковий концерт. Із привітальним словом виступили перший проректор ДДМА Анатолій Фесенко, член вищої ради українського реєстрового козацтва, головний отаман Донецької області, радник міського голови м. Краматорськ, генерал Сергій Міхальков, командир окремого ремонтно-відновлювального батальйону ООС, підполковник Сергій Дешевенко.', 1, '2018-10-08 19:53:27', '1.jpg', 'http://www.dgma.donetsk.ua/u-ddma-vidbuvsya-svyatkoviy-kontsert-do-dnya-zbroynih-sil-ukrayini-2018.html', 1),
(2, 'Шахісти ДДМА стали кращими в області серед студентів', '5 грудня в Краматорську відбувся обласний турнір із шахів пам`яті І.М. Митька серед ЗВО III–IV рівнів акредитації. ДДМА представляли три команди: Олександр Касьянюк, Олена Мартинкова, Михайло Сафронов – команда ДДМА-1; Олена Балаболко, Андрій Касьянюк, Ярослав Недоруба – ДДМА-2; В\'ячеслав Хруслов, Андрій Літвінов, Дарія Чернишова – ДДМА-3.\r\n\r\nЗа результатами змагань наші студентки стали кращими шахістками області. В особистому заліку серед дівчат 1-е місце завоювала Олена Мартинкова (майстер спорту міжнародного класу); 2-е місце виборола Олена Балаболко (1-й розряд); 3-є місце – Дарія Чернишова.\r\n\r\nВ особистому заліку серед юнаків 3-є місце посів Михайло Сафронов (кандидат у майстри спорту).', 0, '2018-12-12 04:08:00', '2.jpg', 'http://www.dgma.donetsk.ua/shahistki-ddma-stalili-kraschimi-v-oblasti-sered-studentiv.html', 1),
(3, 'Із днем народження, ФІТО!', '5 грудня в актовому залі ДДМА відбувся концерт, присвячений Дню народження ФІТО.\r\n\r\nСвяткування дня народження почалося зі стендапу, де продемонстрували еволюцію студентів факультету. Присутнім у залі також видалася можливість згадати танець першокурсників, який вони танцювали на Дебюті. Запальні танці, пісні та смішний інтелектуальний батл між студентами та викладачами не залишили нікого байдужими. Глядачі дуже тепло зустрічали всіх учасників концерту та підтримували їх бурхливими оплесками.\r\n\r\nДекан факультету Олександр Гринь привітав із таким чудовим святом усіх присутніх у залі. Він розповів про досягнення факультету за рік, що супроводжувалося презентацією. Із привітаннями до працівників і студентів вийшов на сцену перший проректор ДДМА Анатолій Фесенко. Кращі студенти, викладачі й співробітники факультету були нагороджені почесними грамотами.', 1, '2018-12-13 00:00:00', '3.jpg', 'http://www.dgma.donetsk.ua/iz-dnem-narodzhennya-fito.html', 32),
(4, 'PRO справжній образ Донбасу', '3 грудня в рекреації біля музею ДДМА відбулося відкриття виставки «Донбас: переPROчитання образу». На відкриття зібрались студенти і викладачі ДДМА, учні й вчителі шкіл. Виставка складається з декількох стендів, на яких надані штрихи до справжньої історії Донбасу.\r\n\r\nВиставку відкрив заступник голови Донецької облдержадміністрації Ігор Стокоз. Він підкреслив те, що існують міфи, нібито Донеччина – це якийсь окремий регіон. Це не так. Історія доводить, що саме тут українська нація гартувалась сотні років, проявляючи себе з найкращої сторони в найбільш важкі часи. Виставка допомагає зрозуміти, що Україна тут була, є і буде завжди.\r\n\r\nСпівробітник Українського інституту національної пам\'яті Ігор Каретніков розповів про ідею формування виставки.', 1, '2018-12-18 00:00:00', '4.jpg', 'http://www.dgma.donetsk.ua/pro-spravzhniy-obraz-donbasu.html', 1),
(5, 'Знайомитись зі спеціальностями можна дуже весело!', '1 грудня Академія відкрила свої двері для майбутніх абітурієнтів із Краматорська, Слов`янська, Дружківки та Торецька. Випускники коледжів, технікумів, ВПУ завітали до нас, щоби ближче познайомитися з Академією і дізнатися, як до неї вступити. Більшість випускників уже планують вступати до нашого вишу, а ті, хто тільки обдумує, де продовжити навчання, мали змогу краще дізнатися про навчання в ДДМА. День відкритих дверей у цьому році проходив у вигляді цікавого квесту.', 1, '2018-12-06 00:00:00', '5.jpg', 'http://www.dgma.donetsk.ua/znayomitis-zi-spetsialnostyami-mozhna-duzhe-veselo.html', 35),
(6, 'Вітаємо з нагородою!', 'Ректор ДДМА Віктор Ковальов – голова Донецького наукового центру Національної академії наук України і Міністерства освіти і науки України, доктор технічних наук, професор, нагороджений Почесною відзнакою Національної академії наук України за вагомий особистий внесок у розвиток вітчизняної науки, зміцнення науково-технічного потенціалу України, багаторічну сумлінну працю, високий професіоналізм та з нагоди 100-річчя Національної академії наук України.', 1, '2018-12-13 05:09:11', '6.jpg', 'http://www.dgma.donetsk.ua/vitaemo-z-nagorodoyu.html', 1),
(7, 'Творимо добро!', 'До Дня святого Миколая, 21 грудня, волонтери ДДМА взяли участь у театральній постанові «Випадкові зустрічі», яка пройшла в Центрі соціально-психологічної реабілітації дітей. Після вистави наші волонтери спільно з Асоціацією молоді НКМЗ провели конкурсну програму і святкову дискотеку для дітей Центру.', 1, '2018-12-12 00:15:14', '7.jpg', 'http://www.dgma.donetsk.ua/tvorimo-dobro.html', 1),
(8, 'Студентка ДДМА увійшла у п’ятірку сильніших шахісток України', 'Першокурсниця нової спеціальності ДДМА «Фізична культура і спорт» Олена Мартинкова (ФКС-18-1), майстер спорту міжнародного класу, узяла участь у фіналі чемпіонату України з шахів серед жінок, який проходив у Києві з 10 по 20 грудня. У турнірі за коловою системою грали 10 кращих шахісток нашої країни з Донецької, Харківської, Львівської, Херсонської, Миколаївської, Тернопільської, Вінницької областей і Києва. Наймолодшій учасниці було 15 років, найстаршій – 40. Олена єдина спортсменка з Донецької області, по дві шахістки представляли Харківську область та Київ.\r\n\r\nСклад спортсменів був рівний – два члени збірної України, призери й переможці чемпіонатів України, Європи та світу. Не було легких і прохідних партій. За результатами ігор наша шахістка набрала 4 очки з 9 можливих і посіла 5-е місце.', 1, '2018-12-19 05:00:12', '8.jpg', 'http://www.dgma.donetsk.ua/studentka-ddma-uviyshla-u-pyatirku-silnishih-shahistok-ukrayini.html', 35),
(9, 'ДДМА стала переможцем обласної універсіади', '19 грудня в ДДМА відбулася нарада Донецького обласного відділення (філії) Комітету з фізичного виховання та спорту Міністерства освіти і науки України з керівниками фізичного виховання закладів вищої освіти Донецької області.\r\n\r\nimg_main.jpg\r\nНа нараді були нагороджені навчальні заклади, які посіли призові місця в Універсіаді та обласних змаганнях серед студентів ЗВО та брали активну участь у спортивному житті області. В Універсіаді змагалися 8 вишів із таких видів спорту, як бадмінтон, настільний теніс, баскетбол, волейбол, легка атлетика, футзал, скелелазіння, волейбол пляжний, футбол, класичний пауерліфтинг, шахи.', 1, '2018-12-20 04:29:00', '9.jpg', 'http://www.dgma.donetsk.ua/ddma-stala-peremozhtsem-oblasnoyi-universiadi.html', 32);

-- --------------------------------------------------------

--
-- Структура таблицы `Cathedra`
--

CREATE TABLE `Cathedra` (
  `Cathedra_id` int(11) NOT NULL,
  `Faculty_id` int(11) NOT NULL,
  `Cathedra_name` varchar(255) NOT NULL
) ENGINE=InnoDB DEFAULT CHARSET=utf8;

--
-- Дамп данных таблицы `Cathedra`
--

INSERT INTO `Cathedra` (`Cathedra_id`, `Faculty_id`, `Cathedra_name`) VALUES
(1, 1, 'ІСПР');

-- --------------------------------------------------------

--
-- Структура таблицы `Control_type`
--

CREATE TABLE `Control_type` (
  `Control_type_id` int(11) NOT NULL,
  `Laba` int(11) NOT NULL,
  `Lecture` int(11) NOT NULL,
  `SR` int(11) NOT NULL,
  `KR` int(11) NOT NULL,
  `Additional_points` int(11) NOT NULL
) ENGINE=InnoDB DEFAULT CHARSET=utf8;

-- --------------------------------------------------------

--
-- Структура таблицы `Current_estimates`
--

CREATE TABLE `Current_estimates` (
  `estimates_id` int(11) NOT NULL,
  `Student_id` int(11) DEFAULT NULL,
  `Plan_id` int(11) DEFAULT NULL,
  `View_id` int(11) DEFAULT NULL,
  `Vh_control` int(11) DEFAULT NULL,
  `Date` datetime DEFAULT NULL,
  `KR_1` int(11) DEFAULT NULL,
  `KR_2` int(11) DEFAULT NULL,
  `KR_3` int(11) DEFAULT NULL,
  `KR_4` int(11) DEFAULT NULL,
  `LR_1` int(11) DEFAULT '0',
  `LR_2` varchar(255) DEFAULT '0',
  `LR_3` int(11) DEFAULT '0',
  `LR_4` int(11) DEFAULT '0',
  `LR_5` int(11) DEFAULT '0',
  `LR_6` int(11) DEFAULT '0',
  `LR_7` int(11) DEFAULT '0',
  `LR_8` int(11) DEFAULT '0',
  `LR_9` int(11) DEFAULT '0',
  `LR_10` int(11) DEFAULT '0',
  `LR_11` int(11) DEFAULT '0',
  `LR_12` int(11) DEFAULT '0',
  `LR_13` int(11) DEFAULT '0',
  `LR_14` int(11) DEFAULT '0',
  `LR_15` int(11) DEFAULT '0',
  `Start_year` varchar(255) DEFAULT NULL,
  `Course` varchar(255) DEFAULT NULL,
  `Sum_mark` int(11) DEFAULT NULL
) ENGINE=MyISAM DEFAULT CHARSET=utf8;

--
-- Дамп данных таблицы `Current_estimates`
--

INSERT INTO `Current_estimates` (`estimates_id`, `Student_id`, `Plan_id`, `View_id`, `Vh_control`, `Date`, `KR_1`, `KR_2`, `KR_3`, `KR_4`, `LR_1`, `LR_2`, `LR_3`, `LR_4`, `LR_5`, `LR_6`, `LR_7`, `LR_8`, `LR_9`, `LR_10`, `LR_11`, `LR_12`, `LR_13`, `LR_14`, `LR_15`, `Start_year`, `Course`, `Sum_mark`) VALUES
(1, 15013496, 121, NULL, 4, NULL, 26, NULL, NULL, NULL, 11, '8', 13, 11, 0, 0, 0, 0, 0, 0, 0, 0, 0, 0, 0, '2015', 'прискорений', 84),
(19, 47004108, 121, NULL, 3, NULL, 38, NULL, NULL, NULL, 14, '9', 11, 14, 0, 0, 0, 0, 0, 0, 0, 0, 0, 0, 0, '2015', 'прискорений', 66),
(20, 15013496, 122, NULL, 2, NULL, 12, NULL, NULL, NULL, 8, '8', 8, 8, 8, 8, 8, 8, 0, 0, 0, 0, 0, 0, 0, '2015', 'прискорений', 55),
(21, 15013542, 122, NULL, 1, NULL, 15, NULL, NULL, NULL, 9, '9', 9, 9, 9, 9, 9, 9, 0, 0, 0, 0, 0, 0, 0, '2015', 'прискорений', 100),
(22, 15013545, 122, NULL, 3, NULL, 14, NULL, NULL, NULL, 10, '10', 10, 10, 10, 10, 10, 10, 0, 0, 0, 0, 0, 0, 0, '2015', 'прискорений', 62),
(23, 15013561, 122, NULL, 2, NULL, 17, NULL, NULL, NULL, 10, '10', 10, 10, 10, 10, 10, 10, 0, 0, 0, 0, 0, 0, 0, '2015', 'прискорений', 63),
(24, 15013565, 122, NULL, 2, NULL, 16, NULL, NULL, NULL, 10, '10', 10, 10, 10, 10, 10, 10, 0, 0, 0, 0, 0, 0, 0, '2015', 'прискорений', 75),
(25, 15013571, 122, NULL, 3, NULL, 13, NULL, NULL, NULL, 9, '9', 9, 9, 9, 9, 9, 9, 0, 0, 0, 0, 0, 0, 0, '2015', 'прискорений', 86),
(26, 15013591, 122, NULL, 1, NULL, 10, NULL, NULL, NULL, 7, '7', 7, 7, 7, 7, 7, 7, 0, 0, 0, 0, 0, 0, 0, '2015', 'прискорений', 100),
(27, 15013593, 122, NULL, 3, NULL, 9, NULL, NULL, NULL, 8, '8', 8, 8, 8, 8, 8, 8, 0, 0, 0, 0, 0, 0, 0, '2015', 'прискорений', 55),
(28, 15013597, 122, NULL, 0, NULL, 10, NULL, NULL, NULL, 6, '6', 6, 6, 6, 6, 6, 6, 0, 0, 0, 0, 0, 0, 0, '2015', 'прискорений', 84),
(29, 15013606, 122, NULL, 2, NULL, 11, NULL, NULL, NULL, 10, '10', 10, 10, 10, 10, 10, 10, 0, 0, 0, 0, 0, 0, 0, '2015', 'прискорений', 87),
(30, 15013613, 122, NULL, 3, NULL, 14, NULL, NULL, NULL, 8, '8', 8, 8, 8, 8, 8, 8, 0, 0, 0, 0, 0, 0, 0, '2015', 'прискорений', 89),
(31, 15013614, 122, NULL, 1, NULL, 15, NULL, NULL, NULL, 9, '9', 9, 9, 9, 9, 9, 9, 0, 0, 0, 0, 0, 0, 0, '2015', 'прискорений', 93),
(32, 15020496, 122, NULL, 3, NULL, 12, NULL, NULL, NULL, 8, '8', 8, 8, 8, 8, 8, 8, 0, 0, 0, 0, 0, 0, 0, '2015', 'прискорений', 96),
(33, 15043114, 122, NULL, 0, NULL, 16, NULL, NULL, NULL, 9, '9', 9, 9, 9, 9, 9, 9, 0, 0, 0, 0, 0, 0, 0, '2015', 'прискорений', 64),
(34, 15043131, 122, NULL, 1, NULL, 17, NULL, NULL, NULL, 10, '10', 10, 10, 10, 10, 10, 10, 0, 0, 0, 0, 0, 0, 0, '2015', 'прискорений', 57),
(35, 15043140, 122, NULL, 2, NULL, 13, NULL, NULL, NULL, 8, '8', 8, 8, 8, 8, 8, 8, 0, 0, 0, 0, 0, 0, 0, '2015', 'прискорений', 69),
(36, 15043158, 122, NULL, 3, NULL, 12, NULL, NULL, NULL, 9, '9', 9, 9, 9, 9, 9, 9, 0, 0, 0, 0, 0, 0, 0, '2015', 'прискорений', 74),
(37, 15043160, 122, NULL, 1, NULL, 10, NULL, NULL, NULL, 8, '7', 8, 8, 8, 8, 8, 8, 0, 0, 0, 0, 0, 0, 0, '2015', 'прискорений', 96),
(38, 47004108, 122, NULL, 2, NULL, 9, NULL, NULL, NULL, 9, '9', 9, 9, 9, 9, 9, 9, 0, 0, 0, 0, 0, 0, 0, '2015', 'прискорений', 56),
(39, 15013496, 123, NULL, 3, NULL, 25, NULL, NULL, NULL, 7, '7', 7, 7, 7, 7, 0, 0, 0, 0, 0, 0, 0, 0, 0, '2015', 'прискорений', 82),
(40, 15013542, 123, NULL, 4, NULL, 24, NULL, NULL, NULL, 9, '9', 9, 9, 9, 9, 0, 0, 0, 0, 0, 0, 0, 0, 0, '2015', 'прискорений', 81),
(41, 15013545, 123, NULL, 2, NULL, 32, NULL, NULL, NULL, 10, '10', 10, 10, 10, 10, 0, 0, 0, 0, 0, 0, 0, 0, 0, '2015', 'прискорений', 93),
(42, 15013561, 123, NULL, 0, NULL, 35, NULL, NULL, NULL, 8, '8', 8, 8, 8, 8, 0, 0, 0, 0, 0, 0, 0, 0, 0, '2015', 'прискорений', 75),
(43, 15013565, 123, NULL, 1, NULL, 34, NULL, NULL, NULL, 9, '9', 9, 9, 9, 9, 0, 0, 0, 0, 0, 0, 0, 0, 0, '2015', 'прискорений', 60),
(44, 15013571, 123, NULL, 5, NULL, 27, NULL, NULL, NULL, 7, '7', 7, 7, 7, 7, 0, 0, 0, 0, 0, 0, 0, 0, 0, '2015', 'прискорений', 64),
(45, 15013591, 123, NULL, 3, NULL, 33, NULL, NULL, NULL, 6, '6', 6, 6, 6, 6, 0, 0, 0, 0, 0, 0, 0, 0, 0, '2015', 'прискорений', 68),
(46, 15013593, 123, NULL, 4, NULL, 25, NULL, NULL, NULL, 8, '8', 8, 8, 8, 8, 0, 0, 0, 0, 0, 0, 0, 0, 0, '2015', 'прискорений', 76),
(47, 15013597, 123, NULL, 5, NULL, 24, NULL, NULL, NULL, 9, '9', 9, 9, 9, 9, 0, 0, 0, 0, 0, 0, 0, 0, 0, '2015', 'прискорений', 79),
(48, 15013606, 123, NULL, 5, NULL, 23, NULL, NULL, NULL, 10, '10', 10, 10, 10, 10, 0, 0, 0, 0, 0, 0, 0, 0, 0, '2015', 'прискорений', 87),
(49, 15013613, 123, NULL, 4, NULL, 32, NULL, NULL, NULL, 10, '10', 10, 10, 10, 10, 0, 0, 0, 0, 0, 0, 0, 0, 0, '2015', 'прискорений', 89),
(50, 15013614, 123, NULL, 3, NULL, 33, NULL, NULL, NULL, 9, '9', 9, 9, 9, 9, 0, 0, 0, 0, 0, 0, 0, 0, 0, '2015', 'прискорений', 91),
(51, 15020496, 123, NULL, 2, NULL, 34, NULL, NULL, NULL, 7, '7', 7, 7, 7, 7, 0, 0, 0, 0, 0, 0, 0, 0, 0, '2015', 'прискорений', 93),
(2, 15013542, 121, NULL, 3, NULL, 32, NULL, NULL, NULL, 12, '9', 12, 15, 0, 0, 0, 0, 0, 0, 0, 0, 0, 0, 0, '2015', 'прискорений', 56),
(3, 15013545, 121, NULL, 5, NULL, 40, NULL, NULL, NULL, 9, '10', 14, 14, 0, 0, 0, 0, 0, 0, 0, 0, 0, 0, 0, '2015', 'прискорений', 100),
(4, 15013561, 121, NULL, 5, NULL, 35, NULL, NULL, NULL, 10, '8', 10, 10, 0, 0, 0, 0, 0, 0, 0, 0, 0, 0, 0, '2015', 'прискорений', 79),
(5, 15013565, 121, NULL, 4, NULL, 39, NULL, NULL, NULL, 13, '8', 11, 9, 0, 0, 0, 0, 0, 0, 0, 0, 0, 0, 0, '2015', 'прискорений', 82),
(6, 15013571, 121, NULL, 3, NULL, 28, NULL, NULL, NULL, 15, '8', 13, 13, 0, 0, 0, 0, 0, 0, 0, 0, 0, 0, 0, '2015', 'прискорений', 59),
(7, 15013591, 121, NULL, 5, NULL, 29, NULL, NULL, NULL, 14, '9', 12, 12, 0, 0, 0, 0, 0, 0, 0, 0, 0, 0, 0, '2015', 'прискорений', 67),
(8, 15013593, 121, NULL, 5, NULL, 27, NULL, NULL, NULL, 15, '8', 10, 14, 0, 0, 0, 0, 0, 0, 0, 0, 0, 0, 0, '2015', 'прискорений', 92),
(9, 15013597, 121, NULL, 4, NULL, 36, NULL, NULL, NULL, 12, '9', 9, 13, 0, 0, 0, 0, 0, 0, 0, 0, 0, 0, 0, '2015', 'прискорений', 75),
(10, 15013606, 121, NULL, 4, NULL, 35, NULL, NULL, NULL, 10, '10', 7, 12, 0, 0, 0, 0, 0, 0, 0, 0, 0, 0, 0, '2015', 'прискорений', 100),
(11, 15013613, 121, NULL, 4, NULL, 34, NULL, NULL, NULL, 9, '9', 12, 9, 0, 0, 0, 0, 0, 0, 0, 0, 0, 0, 0, '2015', 'прискорений', 90),
(12, 15013614, 121, NULL, 3, NULL, 33, NULL, NULL, NULL, 12, '9', 11, 12, 0, 0, 0, 0, 0, 0, 0, 0, 0, 0, 0, '2015', 'прискорений', 91),
(13, 15020496, 121, NULL, 4, NULL, 40, NULL, NULL, NULL, 15, '9', 8, 11, 0, 0, 0, 0, 0, 0, 0, 0, 0, 0, 0, '2015', 'прискорений', 74),
(14, 15043114, 121, NULL, 3, NULL, 39, NULL, NULL, NULL, 14, '8', 13, 10, 0, 0, 0, 0, 0, 0, 0, 0, 0, 0, 0, '2015', 'прискорений', 73),
(15, 15043131, 121, NULL, 5, NULL, 38, NULL, NULL, NULL, 10, '9', 8, 15, 0, 0, 0, 0, 0, 0, 0, 0, 0, 0, 0, '2015', 'прискорений', 82),
(16, 15043140, 121, NULL, 4, NULL, 37, NULL, NULL, NULL, 9, '10', 9, 14, 0, 0, 0, 0, 0, 0, 0, 0, 0, 0, 0, '2015', 'прискорений', 84),
(17, 15043158, 121, NULL, 5, NULL, 26, NULL, NULL, NULL, 11, '9', 9, 13, 0, 0, 0, 0, 0, 0, 0, 0, 0, 0, 0, '2015', 'прискорений', 81),
(18, 15043160, 121, NULL, 4, NULL, 35, NULL, NULL, NULL, 12, '10', 10, 12, 0, 0, 0, 0, 0, 0, 0, 0, 0, 0, 0, '2015', 'прискорений', 73),
(52, 15043114, 123, NULL, 5, NULL, 35, NULL, NULL, NULL, 9, '9', 9, 9, 9, 9, 0, 0, 0, 0, 0, 0, 0, 0, 0, '2015', 'прискорений', 85),
(53, 15043131, 123, NULL, 3, NULL, 32, NULL, NULL, NULL, 10, '10', 10, 10, 10, 10, 0, 0, 0, 0, 0, 0, 0, 0, 0, '2015', 'прискорений', 91),
(54, 15043140, 123, NULL, 2, NULL, 33, NULL, NULL, NULL, 6, '6', 6, 6, 6, 6, 0, 0, 0, 0, 0, 0, 0, 0, 0, '2015', 'прискорений', 94),
(55, 15043158, 123, NULL, 4, NULL, 30, NULL, NULL, NULL, 8, '8', 8, 8, 8, 8, 0, 0, 0, 0, 0, 0, 0, 0, 0, '2015', 'прискорений', 100),
(56, 15043160, 123, NULL, 5, NULL, 31, NULL, NULL, NULL, 7, '7', 7, 7, 7, 7, 0, 0, 0, 0, 0, 0, 0, 0, 0, '2015', 'прискорений', 100),
(57, 47004108, 123, NULL, 3, NULL, 28, NULL, NULL, NULL, 10, '10', 10, 10, 10, 10, 0, 0, 0, 0, 0, 0, 0, 0, 0, '2015', 'прискорений', 91),
(58, 15013496, 124, NULL, 2, NULL, 25, NULL, NULL, NULL, 6, '6', 6, 6, 6, 6, 6, 0, 0, 0, 0, 0, 0, 0, 0, '2015', 'прискорений', 65),
(59, 15013542, 124, NULL, 4, NULL, 35, NULL, NULL, NULL, 5, '5', 5, 5, 5, 5, 5, 0, 0, 0, 0, 0, 0, 0, 0, '2015', 'прискорений', 75),
(60, 15013545, 124, NULL, 5, NULL, 40, NULL, NULL, NULL, 8, '8', 8, 8, 8, 8, 8, 0, 0, 0, 0, 0, 0, 0, 0, '2015', 'прискорений', 100),
(61, 15013561, 124, NULL, 1, NULL, 40, NULL, NULL, NULL, 7, '7', 7, 7, 7, 7, 7, 0, 0, 0, 0, 0, 0, 0, 0, '2015', 'прискорений', 78),
(62, 15013565, 124, NULL, 3, NULL, 25, NULL, NULL, NULL, 8, '8', 8, 8, 8, 8, 8, 0, 0, 0, 0, 0, 0, 0, 0, '2015', 'прискорений', 84),
(63, 15013571, 124, NULL, 2, NULL, 35, NULL, NULL, NULL, 7, '7', 7, 7, 7, 7, 7, 0, 0, 0, 0, 0, 0, 0, 0, '2015', 'прискорений', 82),
(64, 15013591, 124, NULL, 5, NULL, 37, NULL, NULL, NULL, 5, '5', 5, 5, 5, 5, 5, 0, 0, 0, 0, 0, 0, 0, 0, '2015', 'прискорений', 89),
(65, 15013593, 124, NULL, 4, NULL, 38, NULL, NULL, NULL, 6, '6', 6, 6, 6, 6, 6, 0, 0, 0, 0, 0, 0, 0, 0, '2015', 'прискорений', 92),
(66, 15013597, 124, NULL, 3, NULL, 40, NULL, NULL, NULL, 7, '7', 7, 7, 7, 7, 7, 0, 0, 0, 0, 0, 0, 0, 0, '2015', 'прискорений', 93),
(67, 15013606, 124, NULL, 3, NULL, 40, NULL, NULL, NULL, 8, '8', 8, 8, 8, 8, 8, 0, 0, 0, 0, 0, 0, 0, 0, '2015', 'прискорений', 100),
(68, 15013613, 124, NULL, 4, NULL, 40, NULL, NULL, NULL, 6, '6', 6, 6, 6, 6, 6, 0, 0, 0, 0, 0, 0, 0, 0, '2015', 'прискорений', 55),
(69, 15013614, 124, NULL, 5, NULL, 25, NULL, NULL, NULL, 7, '7', 7, 7, 7, 7, 7, 0, 0, 0, 0, 0, 0, 0, 0, '2015', 'прискорений', 58),
(70, 15020496, 124, NULL, 1, NULL, 38, NULL, NULL, NULL, 7, '7', 7, 7, 7, 7, 7, 0, 0, 0, 0, 0, 0, 0, 0, '2015', 'прискорений', 71),
(71, 15043114, 124, NULL, 0, NULL, 40, NULL, NULL, NULL, 8, '8', 8, 8, 8, 8, 8, 0, 0, 0, 0, 0, 0, 0, 0, '2015', 'прискорений', 80),
(72, 15043131, 124, NULL, 2, NULL, 25, NULL, NULL, NULL, 6, '6', 6, 6, 6, 6, 6, 0, 0, 0, 0, 0, 0, 0, 0, '2015', 'прискорений', 84),
(73, 15043140, 124, NULL, 5, NULL, 25, NULL, NULL, NULL, 7, '7', 7, 7, 7, 7, 7, 0, 0, 0, 0, 0, 0, 0, 0, '2015', 'прискорений', 90),
(74, 15043158, 124, NULL, 3, NULL, 35, NULL, NULL, NULL, 5, '5', 5, 5, 5, 5, 5, 0, 0, 0, 0, 0, 0, 0, 0, '2015', 'прискорений', 89),
(75, 15043160, 124, NULL, 4, NULL, 40, NULL, NULL, NULL, 8, '8', 8, 8, 8, 8, 8, 0, 0, 0, 0, 0, 0, 0, 0, '2015', 'прискорений', 67),
(76, 47004108, 124, NULL, 3, NULL, 35, NULL, NULL, NULL, 8, '8', 8, 8, 8, 8, 8, 0, 0, 0, 0, 0, 0, 0, 0, '2015', 'прискорений', 75),
(77, 15013496, 125, NULL, 2, NULL, 25, NULL, NULL, NULL, 7, '7', 7, 7, 7, 7, 0, 0, 0, 0, 0, 0, 0, 0, 0, '2015', 'прискорений', 90),
(78, 15013542, 125, NULL, 3, NULL, 35, NULL, NULL, NULL, 8, '8', 8, 8, 8, 8, 0, 0, 0, 0, 0, 0, 0, 0, 0, '2015', 'прискорений', 81),
(79, 15013545, 125, NULL, 5, NULL, 40, NULL, NULL, NULL, 5, '5', 10, 5, 5, 5, 0, 0, 0, 0, 0, 0, 0, 0, 0, '2015', 'прискорений', 65),
(80, 15013561, 125, NULL, 4, NULL, 25, NULL, NULL, NULL, 8, '8', 8, 8, 8, 8, 0, 0, 0, 0, 0, 0, 0, 0, 0, '2015', 'прискорений', 94),
(81, 15013565, 125, NULL, 0, NULL, 35, NULL, NULL, NULL, 7, '7', 7, 7, 7, 7, 0, 0, 0, 0, 0, 0, 0, 0, 0, '2015', 'прискорений', 100),
(82, 15013571, 125, NULL, 2, NULL, 35, NULL, NULL, NULL, 6, '6', 10, 6, 6, 6, 0, 0, 0, 0, 0, 0, 0, 0, 0, '2015', 'прискорений', 56),
(83, 15013591, 125, NULL, 3, NULL, 35, NULL, NULL, NULL, 7, '7', 7, 7, 7, 7, 0, 0, 0, 0, 0, 0, 0, 0, 0, '2015', 'прискорений', 68),
(84, 15013593, 125, NULL, 1, NULL, 40, NULL, NULL, NULL, 8, '8', 8, 8, 8, 8, 0, 0, 0, 0, 0, 0, 0, 0, 0, '2015', 'прискорений', 71),
(85, 15013597, 125, NULL, 5, NULL, 30, NULL, NULL, NULL, 9, '9', 9, 9, 9, 9, 0, 0, 0, 0, 0, 0, 0, 0, 0, '2015', 'прискорений', 80),
(86, 15013606, 125, NULL, 4, NULL, 34, NULL, NULL, NULL, 9, '9', 9, 9, 9, 9, 0, 0, 0, 0, 0, 0, 0, 0, 0, '2015', 'прискорений', 82),
(87, 15013613, 125, NULL, 2, NULL, 38, NULL, NULL, NULL, 5, '5', 5, 5, 5, 5, 0, 0, 0, 0, 0, 0, 0, 0, 0, '2015', 'прискорений', 65),
(88, 15013614, 125, NULL, 3, NULL, 40, NULL, NULL, NULL, 6, '6', 6, 6, 6, 6, 0, 0, 0, 0, 0, 0, 0, 0, 0, '2015', 'прискорений', 91),
(89, 15020496, 125, NULL, 4, NULL, 28, NULL, NULL, NULL, 7, '7', 7, 7, 7, 7, 0, 0, 0, 0, 0, 0, 0, 0, 0, '2015', 'прискорений', 75),
(90, 15043114, 125, NULL, 5, NULL, 35, NULL, NULL, NULL, 8, '8', 8, 8, 8, 8, 0, 0, 0, 0, 0, 0, 0, 0, 0, '2015', 'прискорений', 70),
(91, 15043131, 125, NULL, 2, NULL, 38, NULL, NULL, NULL, 9, '9', 9, 9, 9, 9, 0, 0, 0, 0, 0, 0, 0, 0, 0, '2015', 'прискорений', 69),
(92, 15043140, 125, NULL, 3, NULL, 40, NULL, NULL, NULL, 5, '5', 5, 5, 5, 5, 0, 0, 0, 0, 0, 0, 0, 0, 0, '2015', 'прискорений', 82),
(93, 15043158, 125, NULL, 1, NULL, 36, NULL, NULL, NULL, 9, '9', 10, 9, 9, 9, 0, 0, 0, 0, 0, 0, 0, 0, 0, '2015', 'прискорений', 93),
(94, 15043160, 125, NULL, 0, NULL, 40, NULL, NULL, NULL, 8, '8', 8, 8, 8, 8, 0, 0, 0, 0, 0, 0, 0, 0, 0, '2015', 'прискорений', 56),
(95, 47004108, 125, NULL, 5, NULL, 30, NULL, NULL, NULL, 7, '7', 7, 7, 7, 7, 0, 0, 0, 0, 0, 0, 0, 0, 0, '2015', 'прискорений', 94),
(96, 45381977, 121, NULL, 4, NULL, 10, NULL, NULL, NULL, 10, '10', 10, 10, 0, 0, 0, 0, 0, 0, 0, 0, 0, 0, 0, '2013', 'прискорений', 92),
(97, 45642944, 121, NULL, 2, NULL, 15, NULL, NULL, NULL, 12, '12', 12, 12, 0, 0, 0, 0, 0, 0, 0, 0, 0, 0, 0, '2013', 'прискорений', 93),
(98, 45642949, 121, NULL, 3, NULL, 9, NULL, NULL, NULL, 10, '10', 10, 10, 0, 0, 0, 0, 0, 0, 0, 0, 0, 0, 0, '2013', 'прискорений', 100),
(99, 45642950, 121, NULL, 5, NULL, 12, NULL, NULL, NULL, 9, '9', 9, 9, 0, 0, 0, 0, 0, 0, 0, 0, 0, 0, 0, '2013', 'прискорений', 55),
(100, 28086943, 121, NULL, 4, NULL, 11, NULL, NULL, NULL, 13, '13', 13, 13, 0, 0, 0, 0, 0, 0, 0, 0, 0, 0, 0, '2013', 'прискорений', 58),
(517, 44802406, 104, NULL, 4, NULL, 26, NULL, NULL, NULL, 8, '5', 8, 7, 7, 5, 7, 0, 0, 0, 0, 0, 0, 0, 0, '2017', 'повний', 84),
(518, 49817121, 104, NULL, 3, NULL, 32, NULL, NULL, NULL, 6, '6', 8, 5, 8, 7, 7, 0, 0, 0, 0, 0, 0, 0, 0, '2017', 'повний', 56),
(519, 49823333, 104, NULL, 5, NULL, 40, NULL, NULL, NULL, 5, '7', 6, 6, 6, 5, 6, 0, 0, 0, 0, 0, 0, 0, 0, '2017', 'повний', 100),
(520, 49823398, 104, NULL, 5, NULL, 35, NULL, NULL, NULL, 8, '8', 5, 6, 6, 8, 7, 0, 0, 0, 0, 0, 0, 0, 0, '2017', 'повний', 79),
(521, 49823425, 104, NULL, 4, NULL, 39, NULL, NULL, NULL, 5, '7', 7, 5, 7, 7, 7, 0, 0, 0, 0, 0, 0, 0, 0, '2017', 'повний', 82),
(522, 49823449, 104, NULL, 3, NULL, 28, NULL, NULL, NULL, 7, '8', 8, 8, 5, 7, 6, 0, 0, 0, 0, 0, 0, 0, 0, '2017', 'повний', 59),
(523, 49863821, 104, NULL, 5, NULL, 29, NULL, NULL, NULL, 7, '7', 8, 6, 5, 5, 5, 0, 0, 0, 0, 0, 0, 0, 0, '2017', 'повний', 67),
(524, 49863896, 104, NULL, 5, NULL, 27, NULL, NULL, NULL, 5, '7', 5, 6, 6, 8, 6, 0, 0, 0, 0, 0, 0, 0, 0, '2017', 'повний', 92),
(525, 49863898, 104, NULL, 4, NULL, 36, NULL, NULL, NULL, 6, '5', 8, 8, 5, 6, 7, 0, 0, 0, 0, 0, 0, 0, 0, '2017', 'повний', 75),
(526, 49863902, 104, NULL, 4, NULL, 35, NULL, NULL, NULL, 5, '8', 5, 6, 7, 6, 5, 0, 0, 0, 0, 0, 0, 0, 0, '2017', 'повний', 100),
(527, 49863967, 104, NULL, 4, NULL, 34, NULL, NULL, NULL, 6, '5', 6, 8, 8, 8, 5, 0, 0, 0, 0, 0, 0, 0, 0, '2017', 'повний', 90),
(528, 49864008, 104, NULL, 3, NULL, 33, NULL, NULL, NULL, 8, '8', 5, 6, 5, 5, 6, 0, 0, 0, 0, 0, 0, 0, 0, '2017', 'повний', 91),
(529, 49864090, 104, NULL, 4, NULL, 40, NULL, NULL, NULL, 8, '8', 8, 6, 8, 7, 7, 0, 0, 0, 0, 0, 0, 0, 0, '2017', 'повний', 74),
(530, 49864238, 104, NULL, 3, NULL, 39, NULL, NULL, NULL, 8, '6', 5, 5, 6, 6, 6, 0, 0, 0, 0, 0, 0, 0, 0, '2017', 'повний', 73),
(531, 49864264, 104, NULL, 5, NULL, 38, NULL, NULL, NULL, 8, '6', 5, 6, 6, 5, 5, 0, 0, 0, 0, 0, 0, 0, 0, '2017', 'повний', 82),
(532, 49864332, 104, NULL, 4, NULL, 37, NULL, NULL, NULL, 8, '8', 7, 7, 8, 6, 7, 0, 0, 0, 0, 0, 0, 0, 0, '2017', 'повний', 84),
(533, 49864354, 104, NULL, 5, NULL, 26, NULL, NULL, NULL, 6, '8', 5, 8, 8, 6, 8, 0, 0, 0, 0, 0, 0, 0, 0, '2017', 'повний', 81),
(534, 49864380, 104, NULL, 4, NULL, 35, NULL, NULL, NULL, 5, '7', 5, 8, 8, 7, 5, 0, 0, 0, 0, 0, 0, 0, 0, '2017', 'повний', 73),
(535, 49864446, 104, NULL, 3, NULL, 38, NULL, NULL, NULL, 8, '8', 8, 6, 8, 5, 7, 0, 0, 0, 0, 0, 0, 0, 0, '2017', 'повний', 66),
(536, 49864576, 104, NULL, 2, NULL, 39, NULL, NULL, NULL, 7, '6', 7, 7, 5, 8, 8, 0, 0, 0, 0, 0, 0, 0, 0, '2017', 'повний', 70),
(537, 44802406, 68, NULL, 2, NULL, 12, NULL, NULL, NULL, 8, '8', 8, 8, 8, 8, 8, 8, 0, 0, 0, 0, 0, 0, 0, '2017', 'повний', 55),
(538, 49817121, 68, NULL, 1, NULL, 15, NULL, NULL, NULL, 9, '9', 9, 9, 9, 9, 9, 9, 0, 0, 0, 0, 0, 0, 0, '2017', 'повний', 100),
(539, 49823333, 68, NULL, 3, NULL, 14, NULL, NULL, NULL, 10, '10', 10, 10, 10, 10, 10, 10, 0, 0, 0, 0, 0, 0, 0, '2017', 'повний', 62),
(540, 49823398, 68, NULL, 2, NULL, 17, NULL, NULL, NULL, 10, '10', 10, 10, 10, 10, 10, 10, 0, 0, 0, 0, 0, 0, 0, '2017', 'повний', 63),
(541, 49823425, 68, NULL, 2, NULL, 16, NULL, NULL, NULL, 10, '10', 10, 10, 10, 10, 10, 10, 0, 0, 0, 0, 0, 0, 0, '2017', 'повний', 75),
(542, 49823449, 68, NULL, 3, NULL, 13, NULL, NULL, NULL, 9, '9', 9, 9, 9, 9, 9, 9, 0, 0, 0, 0, 0, 0, 0, '2017', 'повний', 86),
(543, 49863821, 68, NULL, 1, NULL, 10, NULL, NULL, NULL, 7, '7', 7, 7, 7, 7, 7, 7, 0, 0, 0, 0, 0, 0, 0, '2017', 'повний', 100),
(544, 49863896, 68, NULL, 3, NULL, 9, NULL, NULL, NULL, 8, '8', 8, 8, 8, 8, 8, 8, 0, 0, 0, 0, 0, 0, 0, '2017', 'повний', 55),
(545, 49863898, 68, NULL, 0, NULL, 10, NULL, NULL, NULL, 6, '6', 6, 6, 6, 6, 6, 6, 0, 0, 0, 0, 0, 0, 0, '2017', 'повний', 84),
(546, 49863902, 68, NULL, 2, NULL, 11, NULL, NULL, NULL, 10, '10', 10, 10, 10, 10, 10, 10, 0, 0, 0, 0, 0, 0, 0, '2017', 'повний', 87),
(547, 49863967, 68, NULL, 3, NULL, 14, NULL, NULL, NULL, 8, '8', 8, 8, 8, 8, 8, 8, 0, 0, 0, 0, 0, 0, 0, '2017', 'повний', 89),
(548, 49864008, 68, NULL, 1, NULL, 15, NULL, NULL, NULL, 9, '9', 9, 9, 9, 9, 9, 9, 0, 0, 0, 0, 0, 0, 0, '2017', 'повний', 93),
(549, 49864090, 68, NULL, 3, NULL, 12, NULL, NULL, NULL, 8, '8', 8, 8, 8, 8, 8, 8, 0, 0, 0, 0, 0, 0, 0, '2017', 'повний', 96),
(550, 49864238, 68, NULL, 0, NULL, 16, NULL, NULL, NULL, 9, '9', 9, 9, 9, 9, 9, 9, 0, 0, 0, 0, 0, 0, 0, '2017', 'повний', 64),
(551, 49864264, 68, NULL, 1, NULL, 17, NULL, NULL, NULL, 10, '10', 10, 10, 10, 10, 10, 10, 0, 0, 0, 0, 0, 0, 0, '2017', 'повний', 57),
(552, 49864332, 68, NULL, 2, NULL, 13, NULL, NULL, NULL, 8, '8', 8, 8, 8, 8, 8, 8, 0, 0, 0, 0, 0, 0, 0, '2017', 'повний', 69),
(553, 49864354, 68, NULL, 3, NULL, 12, NULL, NULL, NULL, 9, '9', 9, 9, 9, 9, 9, 9, 0, 0, 0, 0, 0, 0, 0, '2017', 'повний', 74),
(554, 49864380, 68, NULL, 1, NULL, 10, NULL, NULL, NULL, 8, '7', 8, 8, 8, 8, 8, 8, 0, 0, 0, 0, 0, 0, 0, '2017', 'повний', 96),
(555, 49864446, 68, NULL, 2, NULL, 9, NULL, NULL, NULL, 9, '9', 9, 9, 9, 9, 9, 9, 0, 0, 0, 0, 0, 0, 0, '2017', 'повний', 56),
(556, 49864576, 68, NULL, 2, NULL, 10, NULL, NULL, NULL, 10, '10', 10, 10, 10, 10, 10, 10, 0, 0, 0, 0, 0, 0, 0, '2017', 'повний', 55),
(557, 44802406, 113, NULL, 3, NULL, 25, NULL, NULL, NULL, 7, '7', 7, 7, 7, 7, 0, 0, 0, 0, 0, 0, 0, 0, 0, '2017', 'повний', 82),
(558, 49817121, 113, NULL, 4, NULL, 24, NULL, NULL, NULL, 9, '9', 9, 9, 9, 9, 0, 0, 0, 0, 0, 0, 0, 0, 0, '2017', 'повний', 81),
(559, 49823333, 113, NULL, 2, NULL, 32, NULL, NULL, NULL, 10, '10', 10, 10, 10, 10, 0, 0, 0, 0, 0, 0, 0, 0, 0, '2017', 'повний', 93),
(560, 49823398, 113, NULL, 0, NULL, 35, NULL, NULL, NULL, 8, '8', 8, 8, 8, 8, 0, 0, 0, 0, 0, 0, 0, 0, 0, '2017', 'повний', 75),
(561, 49823425, 113, NULL, 1, NULL, 34, NULL, NULL, NULL, 9, '9', 9, 9, 9, 9, 0, 0, 0, 0, 0, 0, 0, 0, 0, '2017', 'повний', 60),
(562, 49823449, 113, NULL, 5, NULL, 27, NULL, NULL, NULL, 7, '7', 7, 7, 7, 7, 0, 0, 0, 0, 0, 0, 0, 0, 0, '2017', 'повний', 64),
(563, 49863821, 113, NULL, 3, NULL, 33, NULL, NULL, NULL, 6, '6', 6, 6, 6, 6, 0, 0, 0, 0, 0, 0, 0, 0, 0, '2017', 'повний', 68),
(564, 49863896, 113, NULL, 4, NULL, 25, NULL, NULL, NULL, 8, '8', 8, 8, 8, 8, 0, 0, 0, 0, 0, 0, 0, 0, 0, '2017', 'повний', 76),
(565, 49863898, 113, NULL, 5, NULL, 24, NULL, NULL, NULL, 9, '9', 9, 9, 9, 9, 0, 0, 0, 0, 0, 0, 0, 0, 0, '2017', 'повний', 79),
(566, 49863902, 113, NULL, 5, NULL, 23, NULL, NULL, NULL, 10, '10', 10, 10, 10, 10, 0, 0, 0, 0, 0, 0, 0, 0, 0, '2017', 'повний', 87),
(567, 49863967, 113, NULL, 4, NULL, 32, NULL, NULL, NULL, 10, '10', 10, 10, 10, 10, 0, 0, 0, 0, 0, 0, 0, 0, 0, '2017', 'повний', 89),
(568, 49864008, 113, NULL, 3, NULL, 33, NULL, NULL, NULL, 9, '9', 9, 9, 9, 9, 0, 0, 0, 0, 0, 0, 0, 0, 0, '2017', 'повний', 91),
(569, 49864090, 113, NULL, 2, NULL, 34, NULL, NULL, NULL, 7, '7', 7, 7, 7, 7, 0, 0, 0, 0, 0, 0, 0, 0, 0, '2017', 'повний', 93),
(570, 49864238, 113, NULL, 5, NULL, 35, NULL, NULL, NULL, 9, '9', 9, 9, 9, 9, 0, 0, 0, 0, 0, 0, 0, 0, 0, '2017', 'повний', 85),
(571, 49864264, 113, NULL, 3, NULL, 32, NULL, NULL, NULL, 10, '10', 10, 10, 10, 10, 0, 0, 0, 0, 0, 0, 0, 0, 0, '2017', 'повний', 91),
(572, 49864332, 113, NULL, 2, NULL, 33, NULL, NULL, NULL, 6, '6', 6, 6, 6, 6, 0, 0, 0, 0, 0, 0, 0, 0, 0, '2017', 'повний', 94),
(573, 49864354, 113, NULL, 4, NULL, 30, NULL, NULL, NULL, 8, '8', 8, 8, 8, 8, 0, 0, 0, 0, 0, 0, 0, 0, 0, '2017', 'повний', 100),
(574, 49864380, 113, NULL, 5, NULL, 31, NULL, NULL, NULL, 7, '7', 7, 7, 7, 7, 0, 0, 0, 0, 0, 0, 0, 0, 0, '2017', 'повний', 100),
(575, 49864446, 113, NULL, 3, NULL, 28, NULL, NULL, NULL, 10, '10', 10, 10, 10, 10, 0, 0, 0, 0, 0, 0, 0, 0, 0, '2017', 'повний', 91),
(576, 49864576, 113, NULL, 1, NULL, 65, NULL, NULL, NULL, 7, '7', 7, 7, 7, 7, 0, 0, 0, 0, 0, 0, 0, 0, 0, '2017', 'повний', 85),
(577, 44802406, 46, NULL, 4, NULL, 12, NULL, NULL, NULL, 5, '7', 6, 5, 5, 5, 7, 5, 5, 8, 0, 0, 0, 0, 0, '2017', 'повний', 67),
(578, 49817121, 46, NULL, 3, NULL, 7, NULL, NULL, NULL, 7, '5', 7, 7, 8, 6, 7, 8, 8, 8, 0, 0, 0, 0, 0, '2017', 'повний', 92),
(579, 49823333, 46, NULL, 5, NULL, 11, NULL, NULL, NULL, 7, '5', 5, 5, 7, 6, 7, 6, 8, 5, 0, 0, 0, 0, 0, '2017', 'повний', 75),
(580, 49823398, 46, NULL, 5, NULL, 15, NULL, NULL, NULL, 7, '7', 8, 8, 8, 5, 5, 6, 7, 8, 0, 0, 0, 0, 0, '2017', 'повний', 100),
(581, 49823425, 46, NULL, 4, NULL, 5, NULL, NULL, NULL, 5, '5', 5, 7, 8, 8, 7, 7, 5, 8, 0, 0, 0, 0, 0, '2017', 'повний', 90),
(582, 49823449, 46, NULL, 3, NULL, 10, NULL, NULL, NULL, 8, '8', 5, 8, 8, 5, 6, 6, 8, 6, 0, 0, 0, 0, 0, '2017', 'повний', 91),
(583, 49863821, 46, NULL, 5, NULL, 13, NULL, NULL, NULL, 8, '8', 5, 8, 8, 8, 7, 8, 7, 8, 0, 0, 0, 0, 0, '2017', 'повний', 74),
(584, 49863896, 46, NULL, 5, NULL, 15, NULL, NULL, NULL, 5, '5', 6, 8, 5, 6, 8, 6, 8, 8, 0, 0, 0, 0, 0, '2017', 'повний', 73),
(585, 49863898, 46, NULL, 4, NULL, 15, NULL, NULL, NULL, 7, '5', 8, 5, 6, 6, 7, 7, 8, 6, 0, 0, 0, 0, 0, '2017', 'повний', 82),
(586, 49863902, 46, NULL, 4, NULL, 13, NULL, NULL, NULL, 6, '8', 6, 7, 6, 7, 7, 5, 8, 5, 0, 0, 0, 0, 0, '2017', 'повний', 84),
(587, 49863967, 46, NULL, 4, NULL, 13, NULL, NULL, NULL, 6, '6', 7, 7, 5, 6, 5, 8, 6, 5, 0, 0, 0, 0, 0, '2017', 'повний', 81),
(588, 49864008, 46, NULL, 3, NULL, 7, NULL, NULL, NULL, 6, '5', 7, 8, 8, 5, 6, 5, 8, 6, 0, 0, 0, 0, 0, '2017', 'повний', 73),
(589, 49864090, 46, NULL, 4, NULL, 6, NULL, NULL, NULL, 7, '8', 7, 7, 6, 8, 7, 6, 7, 8, 0, 0, 0, 0, 0, '2017', 'повний', 65),
(590, 49864238, 46, NULL, 3, NULL, 8, NULL, NULL, NULL, 7, '5', 7, 7, 5, 6, 5, 5, 8, 6, 0, 0, 0, 0, 0, '2017', 'повний', 74),
(591, 49864264, 46, NULL, 5, NULL, 12, NULL, NULL, NULL, 5, '5', 8, 5, 7, 8, 6, 5, 6, 8, 0, 0, 0, 0, 0, '2017', 'повний', 73),
(592, 49864332, 46, NULL, 4, NULL, 15, NULL, NULL, NULL, 8, '6', 7, 6, 8, 7, 7, 7, 7, 6, 0, 0, 0, 0, 0, '2017', 'повний', 82),
(593, 49864354, 46, NULL, 5, NULL, 12, NULL, NULL, NULL, 6, '7', 7, 7, 5, 8, 8, 6, 7, 8, 0, 0, 0, 0, 0, '2017', 'повний', 84),
(594, 49864380, 46, NULL, 4, NULL, 9, NULL, NULL, NULL, 5, '6', 5, 5, 7, 5, 5, 8, 7, 5, 0, 0, 0, 0, 0, '2017', 'повний', 81),
(595, 49864446, 46, NULL, 3, NULL, 11, NULL, NULL, NULL, 7, '8', 5, 8, 7, 8, 6, 8, 6, 7, 0, 0, 0, 0, 0, '2017', 'повний', 73),
(596, 49864576, 46, NULL, 2, NULL, 7, NULL, NULL, NULL, 8, '6', 5, 5, 8, 6, 6, 8, 6, 8, 0, 0, 0, 0, 0, '2017', 'повний', 65),
(597, 44802406, 95, NULL, 2, NULL, 25, NULL, NULL, NULL, 7, '7', 7, 7, 7, 7, 0, 0, 0, 0, 0, 0, 0, 0, 0, '2017', 'повний', 90),
(598, 49817121, 95, NULL, 1, NULL, 35, NULL, NULL, NULL, 8, '8', 8, 8, 8, 8, 0, 0, 0, 0, 0, 0, 0, 0, 0, '2017', 'повний', 81),
(599, 49823333, 95, NULL, 3, NULL, 40, NULL, NULL, NULL, 5, '5', 10, 5, 5, 5, 0, 0, 0, 0, 0, 0, 0, 0, 0, '2017', 'повний', 65),
(600, 49823398, 95, NULL, 2, NULL, 25, NULL, NULL, NULL, 8, '8', 8, 8, 8, 8, 0, 0, 0, 0, 0, 0, 0, 0, 0, '2017', 'повний', 94),
(601, 49823425, 95, NULL, 2, NULL, 35, NULL, NULL, NULL, 7, '7', 7, 7, 7, 7, 0, 0, 0, 0, 0, 0, 0, 0, 0, '2017', 'повний', 100),
(602, 49823449, 95, NULL, 3, NULL, 35, NULL, NULL, NULL, 6, '6', 10, 6, 6, 6, 0, 0, 0, 0, 0, 0, 0, 0, 0, '2017', 'повний', 56),
(603, 49863821, 95, NULL, 1, NULL, 35, NULL, NULL, NULL, 7, '7', 7, 7, 7, 7, 0, 0, 0, 0, 0, 0, 0, 0, 0, '2017', 'повний', 68),
(604, 49863896, 95, NULL, 3, NULL, 40, NULL, NULL, NULL, 8, '8', 8, 8, 8, 8, 0, 0, 0, 0, 0, 0, 0, 0, 0, '2017', 'повний', 71),
(605, 49863898, 95, NULL, 0, NULL, 30, NULL, NULL, NULL, 9, '9', 9, 9, 9, 9, 0, 0, 0, 0, 0, 0, 0, 0, 0, '2017', 'повний', 80),
(606, 49863902, 95, NULL, 2, NULL, 34, NULL, NULL, NULL, 9, '9', 9, 9, 9, 9, 0, 0, 0, 0, 0, 0, 0, 0, 0, '2017', 'повний', 82),
(607, 49863967, 95, NULL, 3, NULL, 38, NULL, NULL, NULL, 5, '5', 5, 5, 5, 5, 0, 0, 0, 0, 0, 0, 0, 0, 0, '2017', 'повний', 65),
(608, 49864008, 95, NULL, 1, NULL, 40, NULL, NULL, NULL, 6, '6', 6, 6, 6, 6, 0, 0, 0, 0, 0, 0, 0, 0, 0, '2017', 'повний', 91),
(609, 49864090, 95, NULL, 3, NULL, 28, NULL, NULL, NULL, 7, '7', 7, 7, 7, 7, 0, 0, 0, 0, 0, 0, 0, 0, 0, '2017', 'повний', 75),
(610, 49864238, 95, NULL, 0, NULL, 35, NULL, NULL, NULL, 8, '8', 8, 8, 8, 8, 0, 0, 0, 0, 0, 0, 0, 0, 0, '2017', 'повний', 70),
(611, 49864264, 95, NULL, 1, NULL, 38, NULL, NULL, NULL, 9, '9', 9, 9, 9, 9, 0, 0, 0, 0, 0, 0, 0, 0, 0, '2017', 'повний', 69),
(612, 49864332, 95, NULL, 2, NULL, 40, NULL, NULL, NULL, 5, '5', 5, 5, 5, 5, 0, 0, 0, 0, 0, 0, 0, 0, 0, '2017', 'повний', 82),
(613, 49864354, 95, NULL, 3, NULL, 36, NULL, NULL, NULL, 9, '9', 10, 9, 9, 9, 0, 0, 0, 0, 0, 0, 0, 0, 0, '2017', 'повний', 93),
(614, 49864380, 95, NULL, 1, NULL, 40, NULL, NULL, NULL, 8, '8', 8, 8, 8, 8, 0, 0, 0, 0, 0, 0, 0, 0, 0, '2017', 'повний', 56),
(615, 49864446, 95, NULL, 2, NULL, 30, NULL, NULL, NULL, 7, '7', 7, 7, 7, 7, 0, 0, 0, 0, 0, 0, 0, 0, 0, '2017', 'повний', 94),
(616, 49864576, 95, NULL, 2, NULL, 25, NULL, NULL, NULL, 8, '8', 7, 6, 5, 7, 0, 0, 0, 0, 0, 0, 0, 0, 0, '2017', 'повний', 80),
(617, 38065619, 104, NULL, 1, NULL, 24, NULL, NULL, NULL, 5, '5', 8, 6, 8, 6, 7, 0, 0, 0, 0, 0, 0, 0, 0, '2014', 'повний', 97),
(618, 40897824, 104, NULL, 5, NULL, 40, NULL, NULL, NULL, 7, '7', 5, 6, 8, 8, 8, 0, 0, 0, 0, 0, 0, 0, 0, '2014', 'повний', 78),
(619, 42423270, 104, NULL, 4, NULL, 26, NULL, NULL, NULL, 7, '5', 6, 7, 7, 6, 5, 0, 0, 0, 0, 0, 0, 0, 0, '2014', 'повний', 97),
(620, 44978659, 104, NULL, 0, NULL, 37, NULL, NULL, NULL, 6, '5', 7, 5, 5, 6, 8, 0, 0, 0, 0, 0, 0, 0, 0, '2014', 'повний', 67),
(621, 46165859, 104, NULL, 1, NULL, 31, NULL, NULL, NULL, 6, '7', 5, 5, 8, 5, 10, 0, 0, 0, 0, 0, 0, 0, 0, '2014', 'повний', 72),
(622, 46363941, 104, NULL, 3, NULL, 38, NULL, NULL, NULL, 8, '5', 7, 5, 5, 5, 7, 0, 0, 0, 0, 0, 0, 0, 0, '2014', 'повний', 79),
(623, 46364077, 104, NULL, 2, NULL, 30, NULL, NULL, NULL, 6, '5', 6, 7, 8, 7, 5, 0, 0, 0, 0, 0, 0, 0, 0, '2014', 'повний', 66),
(624, 46368146, 104, NULL, 4, NULL, 24, NULL, NULL, NULL, 7, '6', 7, 5, 5, 6, 8, 0, 0, 0, 0, 0, 0, 0, 0, '2014', 'повний', 87),
(625, 46369299, 104, NULL, 5, NULL, 29, NULL, NULL, NULL, 8, '6', 6, 6, 6, 7, 10, 0, 0, 0, 0, 0, 0, 0, 0, '2014', 'повний', 62),
(626, 46369339, 104, NULL, 3, NULL, 35, NULL, NULL, NULL, 5, '5', 6, 8, 8, 8, 8, 0, 0, 0, 0, 0, 0, 0, 0, '2014', 'повний', 75),
(627, 46369723, 104, NULL, 0, NULL, 29, NULL, NULL, NULL, 6, '7', 7, 5, 5, 7, 9, 0, 0, 0, 0, 0, 0, 0, 0, '2014', 'повний', 97),
(628, 46369740, 104, NULL, 3, NULL, 24, NULL, NULL, NULL, 6, '7', 5, 7, 6, 8, 6, 0, 0, 0, 0, 0, 0, 0, 0, '2014', 'повний', 85),
(629, 46372090, 104, NULL, 0, NULL, 31, NULL, NULL, NULL, 5, '6', 5, 8, 8, 6, 7, 0, 0, 0, 0, 0, 0, 0, 0, '2014', 'повний', 83),
(630, 46372192, 104, NULL, 1, NULL, 20, NULL, NULL, NULL, 7, '5', 5, 5, 7, 6, 8, 0, 0, 0, 0, 0, 0, 0, 0, '2014', 'повний', 83),
(631, 46372227, 104, NULL, 4, NULL, 38, NULL, NULL, NULL, 6, '5', 5, 5, 8, 5, 7, 0, 0, 0, 0, 0, 0, 0, 0, '2014', 'повний', 63),
(632, 46372231, 104, NULL, 3, NULL, 40, NULL, NULL, NULL, 5, '6', 7, 6, 7, 5, 8, 0, 0, 0, 0, 0, 0, 0, 0, '2014', 'повний', 64),
(633, 46372237, 104, NULL, 2, NULL, 37, NULL, NULL, NULL, 6, '8', 7, 5, 5, 6, 9, 0, 0, 0, 0, 0, 0, 0, 0, '2014', 'повний', 81),
(634, 46372257, 104, NULL, 0, NULL, 27, NULL, NULL, NULL, 5, '8', 5, 6, 6, 5, 7, 0, 0, 0, 0, 0, 0, 0, 0, '2014', 'повний', 90),
(635, 46372410, 104, NULL, 1, NULL, 35, NULL, NULL, NULL, 5, '6', 6, 8, 5, 5, 8, 0, 0, 0, 0, 0, 0, 0, 0, '2014', 'повний', 86),
(636, 46372421, 104, NULL, 1, NULL, 39, NULL, NULL, NULL, 6, '6', 5, 6, 6, 6, 10, 0, 0, 0, 0, 0, 0, 0, 0, '2014', 'повний', 93),
(637, 46372513, 104, NULL, 4, NULL, 39, NULL, NULL, NULL, 7, '6', 8, 5, 7, 6, 5, 0, 0, 0, 0, 0, 0, 0, 0, '2014', 'повний', 65),
(638, 46372516, 104, NULL, 2, NULL, 34, NULL, NULL, NULL, 5, '5', 5, 7, 8, 8, 5, 0, 0, 0, 0, 0, 0, 0, 0, '2014', 'повний', 55),
(639, 46372623, 104, NULL, 3, NULL, 40, NULL, NULL, NULL, 6, '7', 5, 5, 7, 5, 9, 0, 0, 0, 0, 0, 0, 0, 0, '2014', 'повний', 97),
(640, 46375220, 104, NULL, 2, NULL, 24, NULL, NULL, NULL, 8, '8', 6, 6, 8, 6, 10, 0, 0, 0, 0, 0, 0, 0, 0, '2014', 'повний', 56),
(641, 46883242, 104, NULL, 2, NULL, 24, NULL, NULL, NULL, 7, '5', 8, 5, 8, 7, 10, 0, 0, 0, 0, 0, 0, 0, 0, '2014', 'повний', 91),
(642, 44832070, 104, NULL, 5, NULL, 23, NULL, NULL, NULL, 8, '6', 6, 8, 5, 7, 6, 0, 0, 0, 0, 0, 0, 0, 0, '2014', 'повний', 98),
(643, 38065619, 68, NULL, 0, NULL, 11, NULL, NULL, NULL, 9, '10', 9, 9, 10, 9, 7, 9, 0, 0, 0, 0, 0, 0, 0, '2014', 'повний', 98),
(644, 40897824, 68, NULL, 4, NULL, 7, NULL, NULL, NULL, 7, '7', 8, 10, 9, 9, 7, 7, 0, 0, 0, 0, 0, 0, 0, '2014', 'повний', 99),
(645, 42423270, 68, NULL, 3, NULL, 13, NULL, NULL, NULL, 6, '6', 10, 9, 9, 8, 10, 6, 0, 0, 0, 0, 0, 0, 0, '2014', 'повний', 89),
(646, 44978659, 68, NULL, 3, NULL, 10, NULL, NULL, NULL, 7, '7', 10, 7, 8, 8, 7, 7, 0, 0, 0, 0, 0, 0, 0, '2014', 'повний', 61),
(647, 46165859, 68, NULL, 4, NULL, 10, NULL, NULL, NULL, 9, '8', 8, 6, 8, 9, 6, 7, 0, 0, 0, 0, 0, 0, 0, '2014', 'повний', 86),
(648, 46363941, 68, NULL, 2, NULL, 12, NULL, NULL, NULL, 6, '9', 10, 9, 10, 7, 10, 6, 0, 0, 0, 0, 0, 0, 0, '2014', 'повний', 72),
(649, 46364077, 68, NULL, 3, NULL, 15, NULL, NULL, NULL, 7, '9', 7, 6, 8, 8, 6, 6, 0, 0, 0, 0, 0, 0, 0, '2014', 'повний', 81),
(650, 46368146, 68, NULL, 5, NULL, 14, NULL, NULL, NULL, 8, '9', 8, 10, 7, 8, 8, 9, 0, 0, 0, 0, 0, 0, 0, '2014', 'повний', 91),
(651, 46369299, 68, NULL, 3, NULL, 11, NULL, NULL, NULL, 10, '10', 7, 10, 9, 6, 8, 6, 0, 0, 0, 0, 0, 0, 0, '2014', 'повний', 61),
(652, 46369339, 68, NULL, 3, NULL, 12, NULL, NULL, NULL, 6, '10', 10, 6, 9, 10, 8, 10, 0, 0, 0, 0, 0, 0, 0, '2014', 'повний', 77),
(653, 46369723, 68, NULL, 0, NULL, 14, NULL, NULL, NULL, 9, '9', 9, 9, 8, 7, 7, 7, 0, 0, 0, 0, 0, 0, 0, '2014', 'повний', 83),
(654, 46369740, 68, NULL, 3, NULL, 14, NULL, NULL, NULL, 7, '7', 10, 7, 8, 10, 10, 10, 0, 0, 0, 0, 0, 0, 0, '2014', 'повний', 91),
(655, 46372090, 68, NULL, 1, NULL, 8, NULL, NULL, NULL, 8, '6', 9, 10, 7, 9, 6, 7, 0, 0, 0, 0, 0, 0, 0, '2014', 'повний', 83),
(656, 46372192, 68, NULL, 5, NULL, 11, NULL, NULL, NULL, 9, '9', 7, 9, 7, 10, 8, 10, 0, 0, 0, 0, 0, 0, 0, '2014', 'повний', 94),
(657, 46372227, 68, NULL, 4, NULL, 10, NULL, NULL, NULL, 7, '10', 8, 8, 9, 9, 8, 6, 0, 0, 0, 0, 0, 0, 0, '2014', 'повний', 95),
(658, 46372231, 68, NULL, 5, NULL, 9, NULL, NULL, NULL, 10, '6', 10, 9, 7, 10, 6, 7, 0, 0, 0, 0, 0, 0, 0, '2014', 'повний', 84),
(659, 46372237, 68, NULL, 5, NULL, 12, NULL, NULL, NULL, 8, '10', 9, 8, 7, 6, 7, 10, 0, 0, 0, 0, 0, 0, 0, '2014', 'повний', 76),
(660, 46372257, 68, NULL, 1, NULL, 15, NULL, NULL, NULL, 6, '8', 7, 8, 10, 8, 10, 6, 0, 0, 0, 0, 0, 0, 0, '2014', 'повний', 68),
(661, 46372410, 68, NULL, 2, NULL, 15, NULL, NULL, NULL, 10, '9', 6, 9, 10, 10, 6, 9, 0, 0, 0, 0, 0, 0, 0, '2014', 'повний', 58),
(662, 46372421, 68, NULL, 5, NULL, 15, NULL, NULL, NULL, 6, '7', 8, 8, 7, 6, 10, 7, 0, 0, 0, 0, 0, 0, 0, '2014', 'повний', 65),
(663, 46372513, 68, NULL, 3, NULL, 10, NULL, NULL, NULL, 7, '8', 6, 9, 10, 10, 9, 6, 0, 0, 0, 0, 0, 0, 0, '2014', 'повний', 95),
(664, 46372516, 68, NULL, 5, NULL, 12, NULL, NULL, NULL, 7, '10', 10, 10, 7, 9, 10, 7, 0, 0, 0, 0, 0, 0, 0, '2014', 'повний', 70),
(665, 46372623, 68, NULL, 1, NULL, 7, NULL, NULL, NULL, 10, '9', 9, 7, 6, 10, 9, 7, 0, 0, 0, 0, 0, 0, 0, '2014', 'повний', 68),
(666, 46375220, 68, NULL, 1, NULL, 13, NULL, NULL, NULL, 7, '10', 7, 9, 7, 10, 8, 10, 0, 0, 0, 0, 0, 0, 0, '2014', 'повний', 81),
(667, 46883242, 68, NULL, 2, NULL, 15, NULL, NULL, NULL, 9, '10', 6, 9, 6, 10, 9, 10, 0, 0, 0, 0, 0, 0, 0, '2014', 'повний', 57),
(668, 44832070, 68, NULL, 2, NULL, 7, NULL, NULL, NULL, 8, '9', 6, 8, 9, 8, 9, 10, 0, 0, 0, 0, 0, 0, 0, '2014', 'повний', 88),
(669, 38065619, 113, NULL, 1, NULL, 29, NULL, NULL, NULL, 8, '10', 9, 9, 6, 6, 0, 0, 0, 0, 0, 0, 0, 0, 0, '2014', 'повний', 91),
(670, 40897824, 113, NULL, 3, NULL, 32, NULL, NULL, NULL, 8, '6', 10, 7, 9, 7, 0, 0, 0, 0, 0, 0, 0, 0, 0, '2014', 'повний', 93),
(671, 42423270, 113, NULL, 1, NULL, 35, NULL, NULL, NULL, 7, '9', 6, 9, 10, 7, 0, 0, 0, 0, 0, 0, 0, 0, 0, '2014', 'повний', 84),
(672, 44978659, 113, NULL, 1, NULL, 20, NULL, NULL, NULL, 10, '7', 8, 10, 7, 9, 0, 0, 0, 0, 0, 0, 0, 0, 0, '2014', 'повний', 72),
(673, 46165859, 113, NULL, 5, NULL, 29, NULL, NULL, NULL, 10, '6', 8, 10, 6, 9, 0, 0, 0, 0, 0, 0, 0, 0, 0, '2014', 'повний', 85),
(674, 46363941, 113, NULL, 2, NULL, 28, NULL, NULL, NULL, 6, '9', 8, 8, 7, 8, 0, 0, 0, 0, 0, 0, 0, 0, 0, '2014', 'повний', 75),
(675, 46364077, 113, NULL, 2, NULL, 29, NULL, NULL, NULL, 7, '9', 7, 7, 10, 8, 0, 0, 0, 0, 0, 0, 0, 0, 0, '2014', 'повний', 93),
(676, 46368146, 113, NULL, 2, NULL, 31, NULL, NULL, NULL, 8, '9', 9, 8, 6, 8, 0, 0, 0, 0, 0, 0, 0, 0, 0, '2014', 'повний', 68),
(677, 46369299, 113, NULL, 4, NULL, 35, NULL, NULL, NULL, 9, '7', 7, 8, 9, 7, 0, 0, 0, 0, 0, 0, 0, 0, 0, '2014', 'повний', 68),
(678, 46369339, 113, NULL, 3, NULL, 31, NULL, NULL, NULL, 9, '7', 7, 7, 7, 10, 0, 0, 0, 0, 0, 0, 0, 0, 0, '2014', 'повний', 63),
(679, 46369723, 113, NULL, 4, NULL, 30, NULL, NULL, NULL, 6, '9', 8, 7, 8, 7, 0, 0, 0, 0, 0, 0, 0, 0, 0, '2014', 'повний', 70),
(680, 46369740, 113, NULL, 3, NULL, 31, NULL, NULL, NULL, 8, '10', 10, 8, 6, 7, 0, 0, 0, 0, 0, 0, 0, 0, 0, '2014', 'повний', 59),
(681, 46372090, 113, NULL, 2, NULL, 35, NULL, NULL, NULL, 8, '9', 10, 7, 8, 7, 0, 0, 0, 0, 0, 0, 0, 0, 0, '2014', 'повний', 63),
(682, 46372192, 113, NULL, 3, NULL, 33, NULL, NULL, NULL, 6, '6', 10, 10, 6, 6, 0, 0, 0, 0, 0, 0, 0, 0, 0, '2014', 'повний', 67),
(683, 46372227, 113, NULL, 3, NULL, 20, NULL, NULL, NULL, 10, '10', 7, 8, 10, 10, 0, 0, 0, 0, 0, 0, 0, 0, 0, '2014', 'повний', 94),
(684, 46372231, 113, NULL, 5, NULL, 22, NULL, NULL, NULL, 7, '8', 8, 8, 7, 7, 0, 0, 0, 0, 0, 0, 0, 0, 0, '2014', 'повний', 57),
(685, 46372237, 113, NULL, 3, NULL, 24, NULL, NULL, NULL, 10, '10', 6, 8, 6, 7, 0, 0, 0, 0, 0, 0, 0, 0, 0, '2014', 'повний', 87),
(686, 46372257, 113, NULL, 5, NULL, 21, NULL, NULL, NULL, 10, '7', 10, 10, 10, 6, 0, 0, 0, 0, 0, 0, 0, 0, 0, '2014', 'повний', 100),
(687, 46372410, 113, NULL, 2, NULL, 21, NULL, NULL, NULL, 7, '7', 7, 8, 10, 8, 0, 0, 0, 0, 0, 0, 0, 0, 0, '2014', 'повний', 72),
(688, 46372421, 113, NULL, 2, NULL, 21, NULL, NULL, NULL, 10, '8', 8, 9, 9, 9, 0, 0, 0, 0, 0, 0, 0, 0, 0, '2014', 'повний', 70),
(689, 46372513, 113, NULL, 5, NULL, 31, NULL, NULL, NULL, 10, '7', 9, 6, 9, 8, 0, 0, 0, 0, 0, 0, 0, 0, 0, '2014', 'повний', 59),
(690, 46372516, 113, NULL, 1, NULL, 29, NULL, NULL, NULL, 9, '9', 7, 9, 9, 10, 0, 0, 0, 0, 0, 0, 0, 0, 0, '2014', 'повний', 78),
(691, 46372623, 113, NULL, 0, NULL, 20, NULL, NULL, NULL, 6, '7', 9, 10, 9, 7, 0, 0, 0, 0, 0, 0, 0, 0, 0, '2014', 'повний', 58),
(692, 46375220, 113, NULL, 2, NULL, 28, NULL, NULL, NULL, 6, '9', 8, 6, 10, 10, 0, 0, 0, 0, 0, 0, 0, 0, 0, '2014', 'повний', 95),
(693, 46883242, 113, NULL, 4, NULL, 21, NULL, NULL, NULL, 8, '10', 8, 6, 10, 9, 0, 0, 0, 0, 0, 0, 0, 0, 0, '2014', 'повний', 72),
(694, 44832070, 113, NULL, 1, NULL, 21, NULL, NULL, NULL, 7, '9', 9, 7, 6, 6, 0, 0, 0, 0, 0, 0, 0, 0, 0, '2014', 'повний', 77),
(695, 38065619, 46, NULL, 3, NULL, 6, NULL, NULL, NULL, 8, '8', 7, 8, 8, 6, 6, 5, 5, 5, 0, 0, 0, 0, 0, '2014', 'повний', 62),
(696, 40897824, 46, NULL, 3, NULL, 8, NULL, NULL, NULL, 7, '6', 5, 5, 7, 8, 7, 5, 6, 7, 0, 0, 0, 0, 0, '2014', 'повний', 91),
(697, 42423270, 46, NULL, 2, NULL, 5, NULL, NULL, NULL, 8, '5', 6, 7, 8, 7, 6, 8, 6, 8, 0, 0, 0, 0, 0, '2014', 'повний', 71),
(698, 44978659, 46, NULL, 5, NULL, 5, NULL, NULL, NULL, 7, '7', 5, 6, 6, 5, 5, 5, 6, 7, 0, 0, 0, 0, 0, '2014', 'повний', 91),
(699, 46165859, 46, NULL, 0, NULL, 14, NULL, NULL, NULL, 5, '8', 5, 8, 5, 6, 7, 8, 8, 5, 0, 0, 0, 0, 0, '2014', 'повний', 76),
(700, 46363941, 46, NULL, 1, NULL, 8, NULL, NULL, NULL, 8, '8', 6, 5, 6, 5, 8, 6, 6, 5, 0, 0, 0, 0, 0, '2014', 'повний', 66),
(701, 46364077, 46, NULL, 1, NULL, 6, NULL, NULL, NULL, 6, '8', 6, 5, 8, 7, 8, 8, 7, 6, 0, 0, 0, 0, 0, '2014', 'повний', 94),
(702, 46368146, 46, NULL, 5, NULL, 11, NULL, NULL, NULL, 5, '8', 7, 6, 7, 6, 7, 5, 5, 6, 0, 0, 0, 0, 0, '2014', 'повний', 62),
(703, 46369299, 46, NULL, 4, NULL, 11, NULL, NULL, NULL, 5, '8', 6, 8, 6, 7, 6, 5, 7, 5, 0, 0, 0, 0, 0, '2014', 'повний', 55),
(704, 46369339, 46, NULL, 4, NULL, 7, NULL, NULL, NULL, 8, '6', 6, 6, 5, 8, 6, 5, 8, 6, 0, 0, 0, 0, 0, '2014', 'повний', 76),
(705, 46369723, 46, NULL, 2, NULL, 10, NULL, NULL, NULL, 5, '5', 6, 8, 8, 6, 8, 6, 6, 8, 0, 0, 0, 0, 0, '2014', 'повний', 97),
(706, 46369740, 46, NULL, 4, NULL, 5, NULL, NULL, NULL, 6, '8', 5, 7, 5, 8, 6, 5, 7, 7, 0, 0, 0, 0, 0, '2014', 'повний', 82),
(707, 46372090, 46, NULL, 1, NULL, 10, NULL, NULL, NULL, 5, '6', 6, 8, 8, 6, 6, 5, 6, 6, 0, 0, 0, 0, 0, '2014', 'повний', 57),
(708, 46372192, 46, NULL, 1, NULL, 9, NULL, NULL, NULL, 5, '5', 6, 5, 7, 8, 5, 7, 5, 5, 0, 0, 0, 0, 0, '2014', 'повний', 60),
(709, 46372227, 46, NULL, 0, NULL, 14, NULL, NULL, NULL, 8, '8', 5, 6, 6, 8, 8, 8, 7, 5, 0, 0, 0, 0, 0, '2014', 'повний', 81),
(710, 46372231, 46, NULL, 4, NULL, 7, NULL, NULL, NULL, 5, '5', 7, 6, 7, 7, 6, 8, 8, 5, 0, 0, 0, 0, 0, '2014', 'повний', 79),
(711, 46372237, 46, NULL, 5, NULL, 15, NULL, NULL, NULL, 7, '8', 8, 7, 7, 8, 6, 6, 6, 5, 0, 0, 0, 0, 0, '2014', 'повний', 59),
(712, 46372257, 46, NULL, 2, NULL, 9, NULL, NULL, NULL, 6, '5', 5, 5, 7, 5, 8, 5, 8, 5, 0, 0, 0, 0, 0, '2014', 'повний', 99),
(713, 46372410, 46, NULL, 4, NULL, 6, NULL, NULL, NULL, 7, '8', 6, 8, 7, 8, 6, 5, 5, 7, 0, 0, 0, 0, 0, '2014', 'повний', 75),
(714, 46372421, 46, NULL, 0, NULL, 10, NULL, NULL, NULL, 5, '6', 5, 5, 8, 5, 6, 7, 6, 7, 0, 0, 0, 0, 0, '2014', 'повний', 100),
(715, 46372513, 46, NULL, 3, NULL, 6, NULL, NULL, NULL, 8, '6', 6, 7, 7, 5, 5, 5, 6, 7, 0, 0, 0, 0, 0, '2014', 'повний', 58),
(716, 46372516, 46, NULL, 5, NULL, 9, NULL, NULL, NULL, 7, '5', 7, 5, 8, 6, 6, 7, 6, 8, 0, 0, 0, 0, 0, '2014', 'повний', 84),
(717, 46372623, 46, NULL, 5, NULL, 10, NULL, NULL, NULL, 7, '6', 8, 5, 7, 6, 8, 7, 8, 7, 0, 0, 0, 0, 0, '2014', 'повний', 77),
(718, 46375220, 46, NULL, 1, NULL, 14, NULL, NULL, NULL, 5, '6', 5, 6, 7, 5, 8, 5, 6, 7, 0, 0, 0, 0, 0, '2014', 'повний', 61),
(719, 46883242, 46, NULL, 2, NULL, 8, NULL, NULL, NULL, 7, '8', 7, 5, 8, 7, 5, 6, 6, 6, 0, 0, 0, 0, 0, '2014', 'повний', 70),
(720, 44832070, 46, NULL, 1, NULL, 15, NULL, NULL, NULL, 8, '5', 6, 8, 8, 5, 6, 5, 7, 7, 0, 0, 0, 0, 0, '2014', 'повний', 57),
(721, 38065619, 95, NULL, 1, NULL, 26, NULL, NULL, NULL, 7, '7', 7, 9, 10, 6, 0, 0, 0, 0, 0, 0, 0, 0, 0, '2014', 'повний', 91),
(722, 40897824, 95, NULL, 4, NULL, 32, NULL, NULL, NULL, 9, '5', 10, 5, 8, 8, 0, 0, 0, 0, 0, 0, 0, 0, 0, '2014', 'повний', 99),
(723, 42423270, 95, NULL, 0, NULL, 35, NULL, NULL, NULL, 7, '6', 7, 5, 6, 8, 0, 0, 0, 0, 0, 0, 0, 0, 0, '2014', 'повний', 84),
(724, 44978659, 95, NULL, 4, NULL, 31, NULL, NULL, NULL, 7, '6', 6, 10, 5, 9, 0, 0, 0, 0, 0, 0, 0, 0, 0, '2014', 'повний', 61),
(725, 46165859, 95, NULL, 2, NULL, 27, NULL, NULL, NULL, 5, '5', 6, 7, 10, 7, 0, 0, 0, 0, 0, 0, 0, 0, 0, '2014', 'повний', 76),
(726, 46363941, 95, NULL, 2, NULL, 30, NULL, NULL, NULL, 6, '10', 9, 7, 7, 5, 0, 0, 0, 0, 0, 0, 0, 0, 0, '2014', 'повний', 68),
(727, 46364077, 95, NULL, 3, NULL, 39, NULL, NULL, NULL, 10, '10', 6, 5, 7, 6, 0, 0, 0, 0, 0, 0, 0, 0, 0, '2014', 'повний', 81),
(728, 46368146, 95, NULL, 0, NULL, 28, NULL, NULL, NULL, 8, '10', 9, 5, 5, 8, 0, 0, 0, 0, 0, 0, 0, 0, 0, '2014', 'повний', 98),
(729, 46369299, 95, NULL, 1, NULL, 25, NULL, NULL, NULL, 6, '9', 9, 6, 9, 10, 0, 0, 0, 0, 0, 0, 0, 0, 0, '2014', 'повний', 89),
(730, 46369339, 95, NULL, 1, NULL, 33, NULL, NULL, NULL, 10, '6', 5, 8, 9, 5, 0, 0, 0, 0, 0, 0, 0, 0, 0, '2014', 'повний', 96),
(731, 46369723, 95, NULL, 2, NULL, 39, NULL, NULL, NULL, 9, '5', 6, 5, 10, 5, 0, 0, 0, 0, 0, 0, 0, 0, 0, '2014', 'повний', 88),
(732, 46369740, 95, NULL, 0, NULL, 37, NULL, NULL, NULL, 5, '8', 10, 6, 9, 7, 0, 0, 0, 0, 0, 0, 0, 0, 0, '2014', 'повний', 63),
(733, 46372090, 95, NULL, 1, NULL, 31, NULL, NULL, NULL, 5, '8', 10, 8, 10, 7, 0, 0, 0, 0, 0, 0, 0, 0, 0, '2014', 'повний', 61),
(734, 46372192, 95, NULL, 3, NULL, 33, NULL, NULL, NULL, 8, '8', 10, 7, 6, 5, 0, 0, 0, 0, 0, 0, 0, 0, 0, '2014', 'повний', 86),
(735, 46372227, 95, NULL, 0, NULL, 30, NULL, NULL, NULL, 9, '7', 9, 8, 8, 10, 0, 0, 0, 0, 0, 0, 0, 0, 0, '2014', 'повний', 62),
(736, 46372231, 95, NULL, 0, NULL, 37, NULL, NULL, NULL, 9, '7', 10, 5, 5, 7, 0, 0, 0, 0, 0, 0, 0, 0, 0, '2014', 'повний', 84),
(737, 46372237, 95, NULL, 2, NULL, 38, NULL, NULL, NULL, 9, '8', 5, 8, 9, 8, 0, 0, 0, 0, 0, 0, 0, 0, 0, '2014', 'повний', 84),
(738, 46372257, 95, NULL, 1, NULL, 34, NULL, NULL, NULL, 8, '7', 9, 7, 7, 6, 0, 0, 0, 0, 0, 0, 0, 0, 0, '2014', 'повний', 88),
(739, 46372410, 95, NULL, 2, NULL, 31, NULL, NULL, NULL, 7, '5', 8, 5, 9, 9, 0, 0, 0, 0, 0, 0, 0, 0, 0, '2014', 'повний', 78),
(740, 46372421, 95, NULL, 5, NULL, 32, NULL, NULL, NULL, 6, '10', 6, 6, 7, 6, 0, 0, 0, 0, 0, 0, 0, 0, 0, '2014', 'повний', 66),
(741, 46372513, 95, NULL, 4, NULL, 29, NULL, NULL, NULL, 7, '7', 7, 6, 6, 7, 0, 0, 0, 0, 0, 0, 0, 0, 0, '2014', 'повний', 97),
(742, 46372516, 95, NULL, 1, NULL, 32, NULL, NULL, NULL, 8, '10', 6, 9, 8, 7, 0, 0, 0, 0, 0, 0, 0, 0, 0, '2014', 'повний', 78),
(743, 46372623, 95, NULL, 4, NULL, 30, NULL, NULL, NULL, 6, '9', 7, 10, 10, 7, 0, 0, 0, 0, 0, 0, 0, 0, 0, '2014', 'повний', 97),
(744, 46375220, 95, NULL, 5, NULL, 34, NULL, NULL, NULL, 7, '8', 5, 7, 5, 10, 0, 0, 0, 0, 0, 0, 0, 0, 0, '2014', 'повний', 91),
(745, 46883242, 95, NULL, 4, NULL, 35, NULL, NULL, NULL, 9, '7', 7, 10, 10, 7, 0, 0, 0, 0, 0, 0, 0, 0, 0, '2014', 'повний', 86),
(746, 44832070, 95, NULL, 5, NULL, 32, NULL, NULL, NULL, 9, '9', 5, 9, 7, 7, 0, 0, 0, 0, 0, 0, 0, 0, 0, '2014', 'повний', 58),
(747, 38065633, 104, NULL, 0, NULL, 23, NULL, NULL, NULL, 8, '6', 8, 6, 5, 5, 6, 0, 0, 0, 0, 0, 0, 0, 0, '2013', 'повний', 76),
(748, 38079935, 104, NULL, 0, NULL, 20, NULL, NULL, NULL, 6, '7', 8, 6, 7, 8, 8, 0, 0, 0, 0, 0, 0, 0, 0, '2013', 'повний', 87),
(749, 40896826, 104, NULL, 5, NULL, 32, NULL, NULL, NULL, 6, '8', 8, 6, 6, 7, 6, 0, 0, 0, 0, 0, 0, 0, 0, '2013', 'повний', 70),
(750, 44802999, 104, NULL, 3, NULL, 23, NULL, NULL, NULL, 6, '6', 7, 6, 6, 5, 7, 0, 0, 0, 0, 0, 0, 0, 0, '2013', 'повний', 57),
(751, 44803000, 104, NULL, 5, NULL, 21, NULL, NULL, NULL, 5, '7', 6, 8, 7, 5, 5, 0, 0, 0, 0, 0, 0, 0, 0, '2013', 'повний', 58),
(752, 44803076, 104, NULL, 5, NULL, 21, NULL, NULL, NULL, 5, '8', 8, 5, 7, 6, 7, 0, 0, 0, 0, 0, 0, 0, 0, '2013', 'повний', 74),
(753, 44803088, 104, NULL, 5, NULL, 29, NULL, NULL, NULL, 6, '6', 8, 6, 8, 5, 6, 0, 0, 0, 0, 0, 0, 0, 0, '2013', 'повний', 70),
(754, 44803163, 104, NULL, 1, NULL, 34, NULL, NULL, NULL, 8, '8', 6, 6, 6, 7, 7, 0, 0, 0, 0, 0, 0, 0, 0, '2013', 'повний', 71),
(755, 44803201, 104, NULL, 3, NULL, 32, NULL, NULL, NULL, 5, '7', 6, 6, 5, 7, 10, 0, 0, 0, 0, 0, 0, 0, 0, '2013', 'повний', 75),
(756, 44803234, 104, NULL, 4, NULL, 39, NULL, NULL, NULL, 7, '7', 8, 7, 7, 6, 8, 0, 0, 0, 0, 0, 0, 0, 0, '2013', 'повний', 88),
(757, 44803241, 104, NULL, 4, NULL, 40, NULL, NULL, NULL, 8, '7', 8, 7, 6, 6, 5, 0, 0, 0, 0, 0, 0, 0, 0, '2013', 'повний', 62),
(758, 44803249, 104, NULL, 5, NULL, 33, NULL, NULL, NULL, 6, '8', 6, 6, 8, 7, 7, 0, 0, 0, 0, 0, 0, 0, 0, '2013', 'повний', 67),
(759, 44805357, 104, NULL, 5, NULL, 21, NULL, NULL, NULL, 5, '8', 8, 7, 8, 5, 5, 0, 0, 0, 0, 0, 0, 0, 0, '2013', 'повний', 92),
(760, 44805539, 104, NULL, 3, NULL, 29, NULL, NULL, NULL, 6, '5', 6, 5, 5, 8, 8, 0, 0, 0, 0, 0, 0, 0, 0, '2013', 'повний', 97),
(761, 44807010, 104, NULL, 0, NULL, 29, NULL, NULL, NULL, 5, '7', 7, 8, 6, 6, 8, 0, 0, 0, 0, 0, 0, 0, 0, '2013', 'повний', 62),
(762, 44807189, 104, NULL, 1, NULL, 33, NULL, NULL, NULL, 5, '7', 6, 6, 5, 6, 5, 0, 0, 0, 0, 0, 0, 0, 0, '2013', 'повний', 99),
(763, 44807201, 104, NULL, 2, NULL, 29, NULL, NULL, NULL, 5, '7', 7, 5, 8, 6, 10, 0, 0, 0, 0, 0, 0, 0, 0, '2013', 'повний', 84),
(764, 44817250, 104, NULL, 1, NULL, 20, NULL, NULL, NULL, 5, '6', 6, 8, 8, 6, 7, 0, 0, 0, 0, 0, 0, 0, 0, '2013', 'повний', 72),
(765, 44823298, 104, NULL, 4, NULL, 30, NULL, NULL, NULL, 8, '7', 8, 6, 6, 7, 7, 0, 0, 0, 0, 0, 0, 0, 0, '2013', 'повний', 66),
(766, 44823416, 104, NULL, 0, NULL, 23, NULL, NULL, NULL, 6, '6', 5, 6, 7, 7, 10, 0, 0, 0, 0, 0, 0, 0, 0, '2013', 'повний', 56),
(767, 44823500, 104, NULL, 4, NULL, 32, NULL, NULL, NULL, 6, '5', 8, 6, 5, 6, 7, 0, 0, 0, 0, 0, 0, 0, 0, '2013', 'повний', 70),
(768, 44826227, 104, NULL, 2, NULL, 29, NULL, NULL, NULL, 8, '6', 7, 5, 6, 7, 10, 0, 0, 0, 0, 0, 0, 0, 0, '2013', 'повний', 83),
(769, 44827159, 104, NULL, 3, NULL, 27, NULL, NULL, NULL, 5, '5', 7, 7, 7, 6, 9, 0, 0, 0, 0, 0, 0, 0, 0, '2013', 'повний', 83),
(770, 44831843, 104, NULL, 3, NULL, 40, NULL, NULL, NULL, 6, '8', 6, 5, 8, 7, 7, 0, 0, 0, 0, 0, 0, 0, 0, '2013', 'повний', 76),
(771, 44831878, 104, NULL, 4, NULL, 29, NULL, NULL, NULL, 8, '5', 7, 5, 6, 7, 9, 0, 0, 0, 0, 0, 0, 0, 0, '2013', 'повний', 62),
(772, 44831898, 104, NULL, 5, NULL, 37, NULL, NULL, NULL, 7, '5', 7, 6, 8, 6, 10, 0, 0, 0, 0, 0, 0, 0, 0, '2013', 'повний', 97),
(773, 44832161, 104, NULL, 0, NULL, 37, NULL, NULL, NULL, 7, '8', 6, 6, 6, 7, 5, 0, 0, 0, 0, 0, 0, 0, 0, '2013', 'повний', 76),
(774, 44834868, 104, NULL, 5, NULL, 22, NULL, NULL, NULL, 5, '5', 7, 6, 7, 8, 9, 0, 0, 0, 0, 0, 0, 0, 0, '2013', 'повний', 82),
(775, 44984388, 104, NULL, 1, NULL, 29, NULL, NULL, NULL, 7, '8', 5, 8, 5, 7, 7, 0, 0, 0, 0, 0, 0, 0, 0, '2013', 'повний', 96),
(776, 45460859, 104, NULL, 1, NULL, 28, NULL, NULL, NULL, 5, '7', 8, 7, 6, 8, 6, 0, 0, 0, 0, 0, 0, 0, 0, '2013', 'повний', 88),
(777, 38065633, 68, NULL, 4, NULL, 9, NULL, NULL, NULL, 7, '8', 6, 7, 8, 6, 10, 9, 0, 0, 0, 0, 0, 0, 0, '2013', 'повний', 94),
(778, 38079935, 68, NULL, 4, NULL, 12, NULL, NULL, NULL, 7, '7', 7, 7, 9, 9, 6, 10, 0, 0, 0, 0, 0, 0, 0, '2013', 'повний', 93),
(779, 40896826, 68, NULL, 3, NULL, 11, NULL, NULL, NULL, 7, '6', 10, 9, 9, 8, 6, 8, 0, 0, 0, 0, 0, 0, 0, '2013', 'повний', 85),
(780, 44802999, 68, NULL, 5, NULL, 13, NULL, NULL, NULL, 7, '8', 8, 6, 6, 6, 9, 8, 0, 0, 0, 0, 0, 0, 0, '2013', 'повний', 94),
(781, 44803000, 68, NULL, 3, NULL, 10, NULL, NULL, NULL, 6, '9', 10, 9, 7, 10, 7, 6, 0, 0, 0, 0, 0, 0, 0, '2013', 'повний', 86),
(782, 44803076, 68, NULL, 3, NULL, 13, NULL, NULL, NULL, 8, '9', 10, 10, 8, 8, 10, 6, 0, 0, 0, 0, 0, 0, 0, '2013', 'повний', 93),
(783, 44803088, 68, NULL, 1, NULL, 14, NULL, NULL, NULL, 9, '9', 9, 9, 7, 7, 10, 10, 0, 0, 0, 0, 0, 0, 0, '2013', 'повний', 88),
(784, 44803163, 68, NULL, 3, NULL, 15, NULL, NULL, NULL, 8, '8', 9, 8, 8, 10, 6, 9, 0, 0, 0, 0, 0, 0, 0, '2013', 'повний', 70),
(785, 44803201, 68, NULL, 0, NULL, 13, NULL, NULL, NULL, 7, '10', 10, 8, 9, 8, 6, 8, 0, 0, 0, 0, 0, 0, 0, '2013', 'повний', 77),
(786, 44803234, 68, NULL, 0, NULL, 9, NULL, NULL, NULL, 6, '7', 7, 10, 6, 7, 10, 10, 0, 0, 0, 0, 0, 0, 0, '2013', 'повний', 83),
(787, 44803241, 68, NULL, 3, NULL, 14, NULL, NULL, NULL, 7, '8', 10, 6, 7, 9, 9, 10, 0, 0, 0, 0, 0, 0, 0, '2013', 'повний', 99),
(788, 44803249, 68, NULL, 5, NULL, 12, NULL, NULL, NULL, 8, '8', 10, 6, 6, 7, 9, 8, 0, 0, 0, 0, 0, 0, 0, '2013', 'повний', 66),
(789, 44805357, 68, NULL, 0, NULL, 12, NULL, NULL, NULL, 8, '7', 7, 7, 6, 9, 7, 6, 0, 0, 0, 0, 0, 0, 0, '2013', 'повний', 67),
(790, 44805539, 68, NULL, 3, NULL, 13, NULL, NULL, NULL, 9, '9', 7, 7, 9, 10, 9, 9, 0, 0, 0, 0, 0, 0, 0, '2013', 'повний', 94),
(791, 44807010, 68, NULL, 1, NULL, 7, NULL, NULL, NULL, 8, '9', 8, 9, 9, 10, 6, 10, 0, 0, 0, 0, 0, 0, 0, '2013', 'повний', 97),
(792, 44807189, 68, NULL, 4, NULL, 9, NULL, NULL, NULL, 7, '7', 9, 6, 9, 8, 8, 9, 0, 0, 0, 0, 0, 0, 0, '2013', 'повний', 89),
(793, 44807201, 68, NULL, 2, NULL, 13, NULL, NULL, NULL, 6, '9', 8, 6, 9, 6, 6, 7, 0, 0, 0, 0, 0, 0, 0, '2013', 'повний', 98),
(794, 44817250, 68, NULL, 2, NULL, 12, NULL, NULL, NULL, 8, '6', 8, 8, 8, 9, 10, 7, 0, 0, 0, 0, 0, 0, 0, '2013', 'повний', 88),
(795, 44823298, 68, NULL, 3, NULL, 10, NULL, NULL, NULL, 9, '6', 8, 7, 9, 9, 9, 9, 0, 0, 0, 0, 0, 0, 0, '2013', 'повний', 76),
(796, 44823416, 68, NULL, 0, NULL, 10, NULL, NULL, NULL, 10, '8', 10, 7, 7, 8, 10, 9, 0, 0, 0, 0, 0, 0, 0, '2013', 'повний', 85),
(797, 44823500, 68, NULL, 2, NULL, 14, NULL, NULL, NULL, 10, '7', 6, 6, 6, 8, 7, 8, 0, 0, 0, 0, 0, 0, 0, '2013', 'повний', 99),
(798, 44826227, 68, NULL, 2, NULL, 7, NULL, NULL, NULL, 7, '10', 10, 7, 10, 7, 7, 7, 0, 0, 0, 0, 0, 0, 0, '2013', 'повний', 86),
(799, 44827159, 68, NULL, 0, NULL, 14, NULL, NULL, NULL, 7, '7', 8, 9, 10, 7, 8, 10, 0, 0, 0, 0, 0, 0, 0, '2013', 'повний', 66),
(800, 44831843, 68, NULL, 3, NULL, 8, NULL, NULL, NULL, 10, '7', 7, 9, 8, 9, 7, 6, 0, 0, 0, 0, 0, 0, 0, '2013', 'повний', 56),
(801, 44831878, 68, NULL, 1, NULL, 8, NULL, NULL, NULL, 8, '6', 6, 9, 10, 7, 6, 7, 0, 0, 0, 0, 0, 0, 0, '2013', 'повний', 78),
(802, 44831898, 68, NULL, 1, NULL, 10, NULL, NULL, NULL, 9, '9', 7, 7, 8, 6, 7, 10, 0, 0, 0, 0, 0, 0, 0, '2013', 'повний', 84),
(803, 44832161, 68, NULL, 0, NULL, 13, NULL, NULL, NULL, 7, '6', 9, 6, 10, 6, 8, 6, 0, 0, 0, 0, 0, 0, 0, '2013', 'повний', 69),
(804, 44834868, 68, NULL, 0, NULL, 9, NULL, NULL, NULL, 6, '8', 8, 6, 9, 10, 8, 9, 0, 0, 0, 0, 0, 0, 0, '2013', 'повний', 67),
(805, 44984388, 68, NULL, 3, NULL, 7, NULL, NULL, NULL, 9, '6', 6, 7, 9, 8, 7, 7, 0, 0, 0, 0, 0, 0, 0, '2013', 'повний', 78);
INSERT INTO `Current_estimates` (`estimates_id`, `Student_id`, `Plan_id`, `View_id`, `Vh_control`, `Date`, `KR_1`, `KR_2`, `KR_3`, `KR_4`, `LR_1`, `LR_2`, `LR_3`, `LR_4`, `LR_5`, `LR_6`, `LR_7`, `LR_8`, `LR_9`, `LR_10`, `LR_11`, `LR_12`, `LR_13`, `LR_14`, `LR_15`, `Start_year`, `Course`, `Sum_mark`) VALUES
(806, 45460859, 68, NULL, 3, NULL, 9, NULL, NULL, NULL, 6, '7', 8, 6, 9, 6, 8, 10, 0, 0, 0, 0, 0, 0, 0, '2013', 'повний', 80),
(807, 38065633, 113, NULL, 5, NULL, 26, NULL, NULL, NULL, 7, '10', 10, 7, 10, 6, 0, 0, 0, 0, 0, 0, 0, 0, 0, '2013', 'повний', 83),
(808, 38079935, 113, NULL, 5, NULL, 34, NULL, NULL, NULL, 7, '7', 9, 7, 10, 10, 0, 0, 0, 0, 0, 0, 0, 0, 0, '2013', 'повний', 86),
(809, 40896826, 113, NULL, 2, NULL, 28, NULL, NULL, NULL, 10, '6', 6, 6, 9, 6, 0, 0, 0, 0, 0, 0, 0, 0, 0, '2013', 'повний', 72),
(810, 44802999, 113, NULL, 0, NULL, 34, NULL, NULL, NULL, 7, '6', 8, 8, 7, 6, 0, 0, 0, 0, 0, 0, 0, 0, 0, '2013', 'повний', 56),
(811, 44803000, 113, NULL, 5, NULL, 23, NULL, NULL, NULL, 9, '10', 9, 7, 7, 9, 0, 0, 0, 0, 0, 0, 0, 0, 0, '2013', 'повний', 56),
(812, 44803076, 113, NULL, 3, NULL, 24, NULL, NULL, NULL, 7, '10', 7, 10, 10, 9, 0, 0, 0, 0, 0, 0, 0, 0, 0, '2013', 'повний', 94),
(813, 44803088, 113, NULL, 5, NULL, 33, NULL, NULL, NULL, 7, '7', 7, 8, 9, 7, 0, 0, 0, 0, 0, 0, 0, 0, 0, '2013', 'повний', 56),
(814, 44803163, 113, NULL, 1, NULL, 26, NULL, NULL, NULL, 9, '10', 10, 7, 7, 10, 0, 0, 0, 0, 0, 0, 0, 0, 0, '2013', 'повний', 71),
(815, 44803201, 113, NULL, 3, NULL, 24, NULL, NULL, NULL, 8, '6', 8, 8, 9, 6, 0, 0, 0, 0, 0, 0, 0, 0, 0, '2013', 'повний', 80),
(816, 44803234, 113, NULL, 1, NULL, 25, NULL, NULL, NULL, 10, '9', 7, 8, 7, 10, 0, 0, 0, 0, 0, 0, 0, 0, 0, '2013', 'повний', 90),
(817, 44803241, 113, NULL, 2, NULL, 34, NULL, NULL, NULL, 7, '9', 8, 10, 9, 6, 0, 0, 0, 0, 0, 0, 0, 0, 0, '2013', 'повний', 99),
(818, 44803249, 113, NULL, 3, NULL, 33, NULL, NULL, NULL, 7, '6', 6, 10, 8, 8, 0, 0, 0, 0, 0, 0, 0, 0, 0, '2013', 'повний', 60),
(819, 44805357, 113, NULL, 3, NULL, 28, NULL, NULL, NULL, 8, '8', 6, 8, 8, 10, 0, 0, 0, 0, 0, 0, 0, 0, 0, '2013', 'повний', 89),
(820, 44805539, 113, NULL, 1, NULL, 28, NULL, NULL, NULL, 7, '7', 8, 10, 6, 7, 0, 0, 0, 0, 0, 0, 0, 0, 0, '2013', 'повний', 79),
(821, 44807010, 113, NULL, 5, NULL, 33, NULL, NULL, NULL, 8, '7', 9, 6, 8, 9, 0, 0, 0, 0, 0, 0, 0, 0, 0, '2013', 'повний', 88),
(822, 44807189, 113, NULL, 0, NULL, 25, NULL, NULL, NULL, 6, '10', 9, 8, 9, 7, 0, 0, 0, 0, 0, 0, 0, 0, 0, '2013', 'повний', 74),
(823, 44807201, 113, NULL, 1, NULL, 35, NULL, NULL, NULL, 10, '6', 10, 6, 9, 7, 0, 0, 0, 0, 0, 0, 0, 0, 0, '2013', 'повний', 69),
(824, 44817250, 113, NULL, 1, NULL, 28, NULL, NULL, NULL, 9, '10', 10, 7, 9, 10, 0, 0, 0, 0, 0, 0, 0, 0, 0, '2013', 'повний', 66),
(825, 44823298, 113, NULL, 5, NULL, 29, NULL, NULL, NULL, 8, '6', 8, 8, 8, 10, 0, 0, 0, 0, 0, 0, 0, 0, 0, '2013', 'повний', 59),
(826, 44823416, 113, NULL, 2, NULL, 35, NULL, NULL, NULL, 8, '6', 9, 6, 8, 8, 0, 0, 0, 0, 0, 0, 0, 0, 0, '2013', 'повний', 80),
(827, 44823500, 113, NULL, 1, NULL, 26, NULL, NULL, NULL, 7, '10', 10, 10, 10, 10, 0, 0, 0, 0, 0, 0, 0, 0, 0, '2013', 'повний', 61),
(828, 44826227, 113, NULL, 5, NULL, 35, NULL, NULL, NULL, 6, '6', 9, 10, 6, 10, 0, 0, 0, 0, 0, 0, 0, 0, 0, '2013', 'повний', 93),
(829, 44827159, 113, NULL, 4, NULL, 26, NULL, NULL, NULL, 10, '7', 8, 9, 6, 6, 0, 0, 0, 0, 0, 0, 0, 0, 0, '2013', 'повний', 99),
(830, 44831843, 113, NULL, 1, NULL, 33, NULL, NULL, NULL, 7, '8', 6, 9, 7, 9, 0, 0, 0, 0, 0, 0, 0, 0, 0, '2013', 'повний', 75),
(831, 44831878, 113, NULL, 5, NULL, 27, NULL, NULL, NULL, 10, '7', 9, 9, 9, 8, 0, 0, 0, 0, 0, 0, 0, 0, 0, '2013', 'повний', 92),
(832, 44831898, 113, NULL, 1, NULL, 20, NULL, NULL, NULL, 9, '7', 10, 8, 7, 7, 0, 0, 0, 0, 0, 0, 0, 0, 0, '2013', 'повний', 91),
(833, 44832161, 113, NULL, 0, NULL, 26, NULL, NULL, NULL, 9, '9', 10, 7, 8, 6, 0, 0, 0, 0, 0, 0, 0, 0, 0, '2013', 'повний', 92),
(834, 44834868, 113, NULL, 4, NULL, 33, NULL, NULL, NULL, 7, '8', 9, 9, 8, 7, 0, 0, 0, 0, 0, 0, 0, 0, 0, '2013', 'повний', 89),
(835, 44984388, 113, NULL, 4, NULL, 29, NULL, NULL, NULL, 9, '6', 10, 7, 10, 7, 0, 0, 0, 0, 0, 0, 0, 0, 0, '2013', 'повний', 84),
(836, 45460859, 113, NULL, 4, NULL, 35, NULL, NULL, NULL, 6, '10', 9, 8, 9, 7, 0, 0, 0, 0, 0, 0, 0, 0, 0, '2013', 'повний', 60),
(837, 38065633, 46, NULL, 2, NULL, 5, NULL, NULL, NULL, 6, '5', 5, 6, 5, 5, 5, 6, 7, 5, 0, 0, 0, 0, 0, '2013', 'повний', 77),
(838, 38079935, 46, NULL, 1, NULL, 5, NULL, NULL, NULL, 6, '5', 7, 7, 6, 6, 7, 5, 5, 7, 0, 0, 0, 0, 0, '2013', 'повний', 63),
(839, 40896826, 46, NULL, 5, NULL, 10, NULL, NULL, NULL, 7, '8', 6, 8, 8, 7, 5, 7, 7, 5, 0, 0, 0, 0, 0, '2013', 'повний', 87),
(840, 44802999, 46, NULL, 1, NULL, 6, NULL, NULL, NULL, 5, '7', 6, 5, 8, 8, 6, 6, 7, 6, 0, 0, 0, 0, 0, '2013', 'повний', 82),
(841, 44803000, 46, NULL, 5, NULL, 12, NULL, NULL, NULL, 7, '5', 7, 7, 6, 7, 5, 8, 7, 6, 0, 0, 0, 0, 0, '2013', 'повний', 80),
(842, 44803076, 46, NULL, 2, NULL, 8, NULL, NULL, NULL, 8, '7', 8, 6, 6, 7, 5, 5, 7, 5, 0, 0, 0, 0, 0, '2013', 'повний', 100),
(843, 44803088, 46, NULL, 1, NULL, 7, NULL, NULL, NULL, 7, '7', 5, 7, 7, 8, 8, 5, 8, 8, 0, 0, 0, 0, 0, '2013', 'повний', 95),
(844, 44803163, 46, NULL, 1, NULL, 14, NULL, NULL, NULL, 6, '5', 6, 8, 5, 7, 6, 6, 5, 6, 0, 0, 0, 0, 0, '2013', 'повний', 76),
(845, 44803201, 46, NULL, 0, NULL, 6, NULL, NULL, NULL, 5, '6', 6, 7, 8, 7, 6, 6, 7, 5, 0, 0, 0, 0, 0, '2013', 'повний', 93),
(846, 44803234, 46, NULL, 3, NULL, 6, NULL, NULL, NULL, 8, '7', 6, 6, 6, 8, 5, 6, 8, 6, 0, 0, 0, 0, 0, '2013', 'повний', 58),
(847, 44803241, 46, NULL, 1, NULL, 8, NULL, NULL, NULL, 7, '7', 6, 6, 5, 8, 7, 8, 5, 6, 0, 0, 0, 0, 0, '2013', 'повний', 76),
(848, 44803249, 46, NULL, 0, NULL, 9, NULL, NULL, NULL, 7, '5', 6, 5, 7, 5, 7, 7, 5, 5, 0, 0, 0, 0, 0, '2013', 'повний', 96),
(849, 44805357, 46, NULL, 5, NULL, 5, NULL, NULL, NULL, 5, '8', 7, 8, 6, 6, 6, 8, 8, 7, 0, 0, 0, 0, 0, '2013', 'повний', 84),
(850, 44805539, 46, NULL, 2, NULL, 11, NULL, NULL, NULL, 8, '5', 7, 7, 5, 5, 7, 8, 7, 5, 0, 0, 0, 0, 0, '2013', 'повний', 58),
(851, 44807010, 46, NULL, 3, NULL, 10, NULL, NULL, NULL, 8, '7', 8, 5, 5, 5, 7, 6, 7, 8, 0, 0, 0, 0, 0, '2013', 'повний', 71),
(852, 44807189, 46, NULL, 4, NULL, 11, NULL, NULL, NULL, 8, '7', 8, 6, 5, 7, 5, 6, 5, 6, 0, 0, 0, 0, 0, '2013', 'повний', 65),
(853, 44807201, 46, NULL, 5, NULL, 9, NULL, NULL, NULL, 7, '8', 6, 7, 5, 7, 5, 6, 5, 5, 0, 0, 0, 0, 0, '2013', 'повний', 58),
(854, 44817250, 46, NULL, 2, NULL, 5, NULL, NULL, NULL, 5, '6', 6, 8, 6, 5, 5, 7, 8, 5, 0, 0, 0, 0, 0, '2013', 'повний', 75),
(855, 44823298, 46, NULL, 4, NULL, 7, NULL, NULL, NULL, 6, '5', 6, 5, 5, 8, 8, 7, 5, 7, 0, 0, 0, 0, 0, '2013', 'повний', 99),
(856, 44823416, 46, NULL, 0, NULL, 14, NULL, NULL, NULL, 5, '7', 7, 5, 8, 6, 6, 5, 5, 7, 0, 0, 0, 0, 0, '2013', 'повний', 95),
(857, 44823500, 46, NULL, 5, NULL, 7, NULL, NULL, NULL, 8, '6', 8, 5, 7, 8, 7, 7, 7, 6, 0, 0, 0, 0, 0, '2013', 'повний', 77),
(858, 44826227, 46, NULL, 1, NULL, 5, NULL, NULL, NULL, 6, '6', 7, 8, 6, 5, 8, 6, 7, 7, 0, 0, 0, 0, 0, '2013', 'повний', 72),
(859, 44827159, 46, NULL, 0, NULL, 7, NULL, NULL, NULL, 5, '5', 8, 6, 5, 7, 5, 5, 5, 6, 0, 0, 0, 0, 0, '2013', 'повний', 76),
(860, 44831843, 46, NULL, 0, NULL, 8, NULL, NULL, NULL, 7, '8', 5, 5, 5, 6, 7, 6, 7, 8, 0, 0, 0, 0, 0, '2013', 'повний', 74),
(861, 44831878, 46, NULL, 1, NULL, 15, NULL, NULL, NULL, 8, '8', 5, 8, 8, 8, 8, 6, 5, 6, 0, 0, 0, 0, 0, '2013', 'повний', 84),
(862, 44831898, 46, NULL, 5, NULL, 10, NULL, NULL, NULL, 8, '7', 5, 7, 5, 6, 7, 6, 5, 5, 0, 0, 0, 0, 0, '2013', 'повний', 67),
(863, 44832161, 46, NULL, 3, NULL, 9, NULL, NULL, NULL, 5, '6', 6, 8, 5, 7, 7, 8, 8, 6, 0, 0, 0, 0, 0, '2013', 'повний', 95),
(864, 44834868, 46, NULL, 4, NULL, 15, NULL, NULL, NULL, 6, '7', 7, 8, 7, 7, 6, 7, 8, 8, 0, 0, 0, 0, 0, '2013', 'повний', 73),
(865, 44984388, 46, NULL, 3, NULL, 12, NULL, NULL, NULL, 8, '6', 5, 8, 8, 6, 7, 8, 7, 6, 0, 0, 0, 0, 0, '2013', 'повний', 73),
(866, 45460859, 46, NULL, 3, NULL, 7, NULL, NULL, NULL, 8, '5', 7, 7, 5, 5, 7, 8, 7, 5, 0, 0, 0, 0, 0, '2013', 'повний', 90),
(867, 38065633, 95, NULL, 4, NULL, 40, NULL, NULL, NULL, 5, '8', 5, 10, 5, 8, 0, 0, 0, 0, 0, 0, 0, 0, 0, '2013', 'повний', 92),
(868, 38079935, 95, NULL, 5, NULL, 29, NULL, NULL, NULL, 9, '10', 10, 6, 7, 10, 0, 0, 0, 0, 0, 0, 0, 0, 0, '2013', 'повний', 93),
(869, 40896826, 95, NULL, 5, NULL, 32, NULL, NULL, NULL, 8, '9', 9, 10, 7, 10, 0, 0, 0, 0, 0, 0, 0, 0, 0, '2013', 'повний', 83),
(870, 44802999, 95, NULL, 5, NULL, 38, NULL, NULL, NULL, 6, '7', 8, 7, 5, 5, 0, 0, 0, 0, 0, 0, 0, 0, 0, '2013', 'повний', 63),
(871, 44803000, 95, NULL, 4, NULL, 34, NULL, NULL, NULL, 9, '8', 5, 6, 9, 9, 0, 0, 0, 0, 0, 0, 0, 0, 0, '2013', 'повний', 87),
(872, 44803076, 95, NULL, 1, NULL, 31, NULL, NULL, NULL, 8, '6', 6, 5, 9, 6, 0, 0, 0, 0, 0, 0, 0, 0, 0, '2013', 'повний', 83),
(873, 44803088, 95, NULL, 0, NULL, 34, NULL, NULL, NULL, 8, '9', 10, 8, 10, 5, 0, 0, 0, 0, 0, 0, 0, 0, 0, '2013', 'повний', 68),
(874, 44803163, 95, NULL, 2, NULL, 28, NULL, NULL, NULL, 7, '10', 7, 9, 7, 7, 0, 0, 0, 0, 0, 0, 0, 0, 0, '2013', 'повний', 94),
(875, 44803201, 95, NULL, 3, NULL, 29, NULL, NULL, NULL, 9, '10', 9, 5, 7, 8, 0, 0, 0, 0, 0, 0, 0, 0, 0, '2013', 'повний', 80),
(876, 44803234, 95, NULL, 4, NULL, 26, NULL, NULL, NULL, 6, '7', 8, 7, 8, 10, 0, 0, 0, 0, 0, 0, 0, 0, 0, '2013', 'повний', 81),
(877, 44803241, 95, NULL, 4, NULL, 25, NULL, NULL, NULL, 6, '6', 9, 8, 9, 6, 0, 0, 0, 0, 0, 0, 0, 0, 0, '2013', 'повний', 56),
(878, 44803249, 95, NULL, 0, NULL, 32, NULL, NULL, NULL, 10, '10', 8, 7, 9, 7, 0, 0, 0, 0, 0, 0, 0, 0, 0, '2013', 'повний', 98),
(879, 44805357, 95, NULL, 5, NULL, 27, NULL, NULL, NULL, 5, '6', 9, 9, 9, 10, 0, 0, 0, 0, 0, 0, 0, 0, 0, '2013', 'повний', 70),
(880, 44805539, 95, NULL, 0, NULL, 29, NULL, NULL, NULL, 8, '9', 6, 9, 5, 9, 0, 0, 0, 0, 0, 0, 0, 0, 0, '2013', 'повний', 65),
(881, 44807010, 95, NULL, 4, NULL, 36, NULL, NULL, NULL, 5, '10', 5, 8, 8, 5, 0, 0, 0, 0, 0, 0, 0, 0, 0, '2013', 'повний', 66),
(882, 44807189, 95, NULL, 1, NULL, 25, NULL, NULL, NULL, 8, '8', 9, 9, 6, 6, 0, 0, 0, 0, 0, 0, 0, 0, 0, '2013', 'повний', 85),
(883, 44807201, 95, NULL, 1, NULL, 39, NULL, NULL, NULL, 5, '10', 10, 6, 10, 9, 0, 0, 0, 0, 0, 0, 0, 0, 0, '2013', 'повний', 78),
(884, 44817250, 95, NULL, 3, NULL, 34, NULL, NULL, NULL, 7, '8', 9, 9, 5, 5, 0, 0, 0, 0, 0, 0, 0, 0, 0, '2013', 'повний', 78),
(885, 44823298, 95, NULL, 0, NULL, 33, NULL, NULL, NULL, 10, '9', 9, 7, 7, 8, 0, 0, 0, 0, 0, 0, 0, 0, 0, '2013', 'повний', 90),
(886, 44823416, 95, NULL, 5, NULL, 29, NULL, NULL, NULL, 9, '7', 8, 10, 10, 8, 0, 0, 0, 0, 0, 0, 0, 0, 0, '2013', 'повний', 87),
(887, 44823500, 95, NULL, 3, NULL, 27, NULL, NULL, NULL, 7, '5', 8, 10, 7, 8, 0, 0, 0, 0, 0, 0, 0, 0, 0, '2013', 'повний', 80),
(888, 44826227, 95, NULL, 2, NULL, 27, NULL, NULL, NULL, 10, '6', 9, 8, 6, 7, 0, 0, 0, 0, 0, 0, 0, 0, 0, '2013', 'повний', 75),
(889, 44827159, 95, NULL, 4, NULL, 35, NULL, NULL, NULL, 7, '10', 10, 9, 9, 6, 0, 0, 0, 0, 0, 0, 0, 0, 0, '2013', 'повний', 81),
(890, 44831843, 95, NULL, 5, NULL, 27, NULL, NULL, NULL, 8, '10', 10, 6, 7, 10, 0, 0, 0, 0, 0, 0, 0, 0, 0, '2013', 'повний', 98),
(891, 44831878, 95, NULL, 1, NULL, 28, NULL, NULL, NULL, 8, '10', 9, 10, 6, 5, 0, 0, 0, 0, 0, 0, 0, 0, 0, '2013', 'повний', 58),
(892, 44831898, 95, NULL, 3, NULL, 26, NULL, NULL, NULL, 10, '5', 5, 9, 7, 5, 0, 0, 0, 0, 0, 0, 0, 0, 0, '2013', 'повний', 95),
(893, 44832161, 95, NULL, 1, NULL, 28, NULL, NULL, NULL, 8, '9', 10, 8, 10, 6, 0, 0, 0, 0, 0, 0, 0, 0, 0, '2013', 'повний', 83),
(894, 44834868, 95, NULL, 4, NULL, 30, NULL, NULL, NULL, 9, '6', 6, 5, 9, 8, 0, 0, 0, 0, 0, 0, 0, 0, 0, '2013', 'повний', 89),
(895, 44984388, 95, NULL, 2, NULL, 29, NULL, NULL, NULL, 8, '10', 5, 8, 8, 9, 0, 0, 0, 0, 0, 0, 0, 0, 0, '2013', 'повний', 78),
(896, 45460859, 95, NULL, 4, NULL, 26, NULL, NULL, NULL, 5, '5', 5, 9, 9, 8, 0, 0, 0, 0, 0, 0, 0, 0, 0, '2013', 'повний', 67),
(898, 47861087, 104, NULL, 3, NULL, 36, NULL, NULL, NULL, 10, '8', 8, 7, 7, 7, 8, 0, 0, 0, 0, 0, 0, 0, 0, '2015', 'повний', 71),
(897, 47860489, 104, NULL, 0, NULL, 24, NULL, NULL, NULL, 10, '7', 7, 7, 7, 6, 5, 0, 0, 0, 0, 0, 0, 0, 0, '2015', 'повний', 86),
(899, 47861270, 104, NULL, 1, NULL, 20, NULL, NULL, NULL, 10, '8', 5, 8, 5, 6, 7, 0, 0, 0, 0, 0, 0, 0, 0, '2015', 'повний', 93),
(900, 47861482, 104, NULL, 0, NULL, 33, NULL, NULL, NULL, 9, '7', 7, 6, 8, 5, 8, 0, 0, 0, 0, 0, 0, 0, 0, '2015', 'повний', 73),
(901, 47861493, 104, NULL, 4, NULL, 38, NULL, NULL, NULL, 6, '6', 6, 8, 5, 7, 5, 0, 0, 0, 0, 0, 0, 0, 0, '2015', 'повний', 81),
(902, 47861523, 104, NULL, 2, NULL, 38, NULL, NULL, NULL, 6, '8', 7, 6, 7, 5, 5, 0, 0, 0, 0, 0, 0, 0, 0, '2015', 'повний', 88),
(903, 47861578, 104, NULL, 0, NULL, 26, NULL, NULL, NULL, 8, '8', 5, 7, 8, 5, 6, 0, 0, 0, 0, 0, 0, 0, 0, '2015', 'повний', 94),
(904, 47861669, 104, NULL, 5, NULL, 33, NULL, NULL, NULL, 6, '5', 8, 7, 8, 5, 6, 0, 0, 0, 0, 0, 0, 0, 0, '2015', 'повний', 83),
(905, 47861755, 104, NULL, 5, NULL, 31, NULL, NULL, NULL, 7, '6', 8, 8, 7, 5, 5, 0, 0, 0, 0, 0, 0, 0, 0, '2015', 'повний', 72),
(906, 47861813, 104, NULL, 0, NULL, 25, NULL, NULL, NULL, 10, '6', 7, 6, 8, 7, 8, 0, 0, 0, 0, 0, 0, 0, 0, '2015', 'повний', 58),
(907, 47861817, 104, NULL, 0, NULL, 23, NULL, NULL, NULL, 7, '7', 8, 7, 6, 7, 8, 0, 0, 0, 0, 0, 0, 0, 0, '2015', 'повний', 71),
(908, 47862011, 104, NULL, 4, NULL, 39, NULL, NULL, NULL, 5, '7', 5, 6, 7, 7, 5, 0, 0, 0, 0, 0, 0, 0, 0, '2015', 'повний', 69),
(909, 47862077, 104, NULL, 3, NULL, 23, NULL, NULL, NULL, 9, '6', 5, 6, 7, 7, 8, 0, 0, 0, 0, 0, 0, 0, 0, '2015', 'повний', 68),
(910, 47863785, 104, NULL, 3, NULL, 37, NULL, NULL, NULL, 9, '6', 7, 5, 7, 8, 7, 0, 0, 0, 0, 0, 0, 0, 0, '2015', 'повний', 69),
(911, 47864911, 104, NULL, 5, NULL, 36, NULL, NULL, NULL, 8, '5', 5, 8, 7, 8, 6, 0, 0, 0, 0, 0, 0, 0, 0, '2015', 'повний', 64),
(912, 47865099, 104, NULL, 0, NULL, 27, NULL, NULL, NULL, 6, '7', 7, 8, 7, 8, 7, 0, 0, 0, 0, 0, 0, 0, 0, '2015', 'повний', 86),
(913, 47865115, 104, NULL, 4, NULL, 20, NULL, NULL, NULL, 9, '6', 6, 6, 5, 6, 5, 0, 0, 0, 0, 0, 0, 0, 0, '2015', 'повний', 74),
(914, 47866171, 104, NULL, 0, NULL, 21, NULL, NULL, NULL, 8, '8', 6, 7, 8, 7, 5, 0, 0, 0, 0, 0, 0, 0, 0, '2015', 'повний', 80),
(915, 47866260, 104, NULL, 0, NULL, 27, NULL, NULL, NULL, 8, '5', 7, 7, 8, 7, 5, 0, 0, 0, 0, 0, 0, 0, 0, '2015', 'повний', 85),
(916, 47866863, 104, NULL, 5, NULL, 24, NULL, NULL, NULL, 8, '5', 8, 7, 5, 5, 5, 0, 0, 0, 0, 0, 0, 0, 0, '2015', 'повний', 94),
(917, 47867025, 104, NULL, 5, NULL, 26, NULL, NULL, NULL, 6, '8', 5, 5, 7, 5, 8, 0, 0, 0, 0, 0, 0, 0, 0, '2015', 'повний', 97),
(918, 47868495, 104, NULL, 3, NULL, 36, NULL, NULL, NULL, 7, '5', 6, 6, 8, 8, 7, 0, 0, 0, 0, 0, 0, 0, 0, '2015', 'повний', 79),
(919, 47860489, 68, NULL, 2, NULL, 8, NULL, NULL, NULL, 7, '9', 9, 8, 9, 6, 9, 6, 0, 0, 0, 0, 0, 0, 0, '2015', 'повний', 88),
(920, 47861087, 68, NULL, 2, NULL, 12, NULL, NULL, NULL, 8, '8', 8, 9, 9, 6, 8, 8, 0, 0, 0, 0, 0, 0, 0, '2015', 'повний', 85),
(921, 47861270, 68, NULL, 4, NULL, 15, NULL, NULL, NULL, 8, '6', 10, 6, 6, 10, 6, 10, 0, 0, 0, 0, 0, 0, 0, '2015', 'повний', 83),
(922, 47861482, 68, NULL, 2, NULL, 15, NULL, NULL, NULL, 7, '8', 7, 8, 7, 8, 10, 9, 0, 0, 0, 0, 0, 0, 0, '2015', 'повний', 80),
(923, 47861493, 68, NULL, 0, NULL, 10, NULL, NULL, NULL, 6, '8', 10, 9, 8, 7, 10, 9, 0, 0, 0, 0, 0, 0, 0, '2015', 'повний', 58),
(924, 47861523, 68, NULL, 0, NULL, 14, NULL, NULL, NULL, 10, '7', 8, 10, 8, 9, 8, 8, 0, 0, 0, 0, 0, 0, 0, '2015', 'повний', 98),
(925, 47861578, 68, NULL, 4, NULL, 9, NULL, NULL, NULL, 6, '8', 6, 7, 6, 9, 8, 8, 0, 0, 0, 0, 0, 0, 0, '2015', 'повний', 63),
(926, 47861669, 68, NULL, 3, NULL, 14, NULL, NULL, NULL, 10, '9', 10, 9, 10, 8, 10, 7, 0, 0, 0, 0, 0, 0, 0, '2015', 'повний', 98),
(927, 47861755, 68, NULL, 1, NULL, 13, NULL, NULL, NULL, 7, '9', 6, 8, 7, 9, 10, 10, 0, 0, 0, 0, 0, 0, 0, '2015', 'повний', 76),
(928, 47861813, 68, NULL, 0, NULL, 12, NULL, NULL, NULL, 6, '7', 8, 6, 7, 7, 7, 9, 0, 0, 0, 0, 0, 0, 0, '2015', 'повний', 80),
(929, 47861817, 68, NULL, 3, NULL, 8, NULL, NULL, NULL, 10, '8', 7, 7, 8, 9, 7, 8, 0, 0, 0, 0, 0, 0, 0, '2015', 'повний', 73),
(930, 47862011, 68, NULL, 2, NULL, 8, NULL, NULL, NULL, 8, '6', 9, 6, 9, 7, 8, 10, 0, 0, 0, 0, 0, 0, 0, '2015', 'повний', 93),
(931, 47862077, 68, NULL, 1, NULL, 14, NULL, NULL, NULL, 6, '6', 8, 10, 6, 7, 7, 6, 0, 0, 0, 0, 0, 0, 0, '2015', 'повний', 94),
(932, 47863785, 68, NULL, 2, NULL, 14, NULL, NULL, NULL, 8, '7', 8, 8, 7, 6, 9, 8, 0, 0, 0, 0, 0, 0, 0, '2015', 'повний', 69),
(933, 47864911, 68, NULL, 0, NULL, 11, NULL, NULL, NULL, 6, '10', 10, 8, 9, 6, 7, 10, 0, 0, 0, 0, 0, 0, 0, '2015', 'повний', 75),
(934, 47865099, 68, NULL, 3, NULL, 15, NULL, NULL, NULL, 6, '7', 6, 6, 6, 8, 6, 7, 0, 0, 0, 0, 0, 0, 0, '2015', 'повний', 98),
(935, 47865115, 68, NULL, 5, NULL, 14, NULL, NULL, NULL, 8, '8', 9, 9, 7, 10, 10, 6, 0, 0, 0, 0, 0, 0, 0, '2015', 'повний', 76),
(936, 47866171, 68, NULL, 1, NULL, 15, NULL, NULL, NULL, 8, '10', 6, 10, 7, 8, 9, 7, 0, 0, 0, 0, 0, 0, 0, '2015', 'повний', 100),
(937, 47866260, 68, NULL, 3, NULL, 11, NULL, NULL, NULL, 9, '8', 8, 9, 8, 6, 8, 7, 0, 0, 0, 0, 0, 0, 0, '2015', 'повний', 59),
(938, 47866863, 68, NULL, 3, NULL, 10, NULL, NULL, NULL, 7, '6', 10, 7, 7, 9, 7, 6, 0, 0, 0, 0, 0, 0, 0, '2015', 'повний', 87),
(939, 47867025, 68, NULL, 3, NULL, 12, NULL, NULL, NULL, 10, '8', 10, 8, 10, 8, 10, 10, 0, 0, 0, 0, 0, 0, 0, '2015', 'повний', 75),
(940, 47868495, 68, NULL, 3, NULL, 12, NULL, NULL, NULL, 7, '6', 9, 7, 7, 10, 6, 10, 0, 0, 0, 0, 0, 0, 0, '2015', 'повний', 66),
(941, 47860489, 113, NULL, 1, NULL, 32, NULL, NULL, NULL, 9, '7', 9, 8, 8, 6, 0, 0, 0, 0, 0, 0, 0, 0, 0, '2015', 'повний', 86),
(942, 47861087, 113, NULL, 3, NULL, 23, NULL, NULL, NULL, 9, '9', 10, 8, 10, 9, 0, 0, 0, 0, 0, 0, 0, 0, 0, '2015', 'повний', 63),
(943, 47861270, 113, NULL, 5, NULL, 30, NULL, NULL, NULL, 9, '7', 9, 9, 10, 9, 0, 0, 0, 0, 0, 0, 0, 0, 0, '2015', 'повний', 62),
(944, 47861482, 113, NULL, 5, NULL, 31, NULL, NULL, NULL, 6, '6', 7, 10, 8, 8, 0, 0, 0, 0, 0, 0, 0, 0, 0, '2015', 'повний', 58),
(945, 47861493, 113, NULL, 2, NULL, 29, NULL, NULL, NULL, 7, '8', 6, 8, 8, 6, 0, 0, 0, 0, 0, 0, 0, 0, 0, '2015', 'повний', 99),
(946, 47861523, 113, NULL, 3, NULL, 33, NULL, NULL, NULL, 6, '9', 7, 9, 6, 7, 0, 0, 0, 0, 0, 0, 0, 0, 0, '2015', 'повний', 83),
(947, 47861578, 113, NULL, 0, NULL, 31, NULL, NULL, NULL, 10, '9', 10, 9, 6, 9, 0, 0, 0, 0, 0, 0, 0, 0, 0, '2015', 'повний', 77),
(948, 47861669, 113, NULL, 2, NULL, 29, NULL, NULL, NULL, 8, '7', 7, 8, 8, 9, 0, 0, 0, 0, 0, 0, 0, 0, 0, '2015', 'повний', 97),
(949, 47861755, 113, NULL, 2, NULL, 24, NULL, NULL, NULL, 6, '6', 7, 6, 10, 6, 0, 0, 0, 0, 0, 0, 0, 0, 0, '2015', 'повний', 86),
(950, 47861813, 113, NULL, 3, NULL, 35, NULL, NULL, NULL, 8, '7', 7, 8, 7, 9, 0, 0, 0, 0, 0, 0, 0, 0, 0, '2015', 'повний', 89),
(951, 47861817, 113, NULL, 1, NULL, 32, NULL, NULL, NULL, 10, '10', 9, 9, 8, 8, 0, 0, 0, 0, 0, 0, 0, 0, 0, '2015', 'повний', 60),
(952, 47862011, 113, NULL, 1, NULL, 26, NULL, NULL, NULL, 9, '8', 7, 10, 9, 9, 0, 0, 0, 0, 0, 0, 0, 0, 0, '2015', 'повний', 67),
(953, 47862077, 113, NULL, 2, NULL, 21, NULL, NULL, NULL, 5, '10', 6, 10, 8, 9, 0, 0, 0, 0, 0, 0, 0, 0, 0, '2015', 'повний', 62),
(954, 47863785, 113, NULL, 4, NULL, 20, NULL, NULL, NULL, 10, '9', 7, 9, 10, 8, 0, 0, 0, 0, 0, 0, 0, 0, 0, '2015', 'повний', 100),
(955, 47864911, 113, NULL, 5, NULL, 35, NULL, NULL, NULL, 7, '9', 10, 9, 6, 10, 0, 0, 0, 0, 0, 0, 0, 0, 0, '2015', 'повний', 56),
(956, 47865099, 113, NULL, 4, NULL, 33, NULL, NULL, NULL, 9, '8', 10, 8, 6, 7, 0, 0, 0, 0, 0, 0, 0, 0, 0, '2015', 'повний', 79),
(957, 47865115, 113, NULL, 1, NULL, 25, NULL, NULL, NULL, 7, '9', 9, 7, 8, 7, 0, 0, 0, 0, 0, 0, 0, 0, 0, '2015', 'повний', 97),
(958, 47866171, 113, NULL, 1, NULL, 23, NULL, NULL, NULL, 5, '10', 10, 9, 8, 6, 0, 0, 0, 0, 0, 0, 0, 0, 0, '2015', 'повний', 62),
(959, 47866260, 113, NULL, 4, NULL, 24, NULL, NULL, NULL, 8, '6', 7, 9, 8, 6, 0, 0, 0, 0, 0, 0, 0, 0, 0, '2015', 'повний', 57),
(960, 47866863, 113, NULL, 4, NULL, 27, NULL, NULL, NULL, 8, '10', 9, 8, 10, 9, 0, 0, 0, 0, 0, 0, 0, 0, 0, '2015', 'повний', 61),
(961, 47867025, 113, NULL, 2, NULL, 29, NULL, NULL, NULL, 5, '7', 6, 9, 6, 6, 0, 0, 0, 0, 0, 0, 0, 0, 0, '2015', 'повний', 83),
(962, 47868495, 113, NULL, 4, NULL, 32, NULL, NULL, NULL, 9, '6', 10, 8, 10, 6, 0, 0, 0, 0, 0, 0, 0, 0, 0, '2015', 'повний', 93),
(963, 47860489, 46, NULL, 3, NULL, 15, NULL, NULL, NULL, 5, '5', 5, 8, 5, 6, 8, 7, 7, 6, 0, 0, 0, 0, 0, '2015', 'повний', 65),
(964, 47861087, 46, NULL, 0, NULL, 7, NULL, NULL, NULL, 8, '7', 8, 5, 8, 7, 5, 5, 8, 5, 0, 0, 0, 0, 0, '2015', 'повний', 73),
(965, 47861270, 46, NULL, 1, NULL, 10, NULL, NULL, NULL, 8, '7', 7, 7, 6, 5, 7, 7, 5, 8, 0, 0, 0, 0, 0, '2015', 'повний', 62),
(966, 47861482, 46, NULL, 5, NULL, 10, NULL, NULL, NULL, 8, '7', 7, 5, 6, 5, 7, 8, 6, 7, 0, 0, 0, 0, 0, '2015', 'повний', 72),
(967, 47861493, 46, NULL, 0, NULL, 10, NULL, NULL, NULL, 7, '5', 8, 8, 5, 6, 6, 6, 7, 7, 0, 0, 0, 0, 0, '2015', 'повний', 92),
(968, 47861523, 46, NULL, 3, NULL, 11, NULL, NULL, NULL, 8, '7', 8, 8, 8, 6, 5, 6, 6, 5, 0, 0, 0, 0, 0, '2015', 'повний', 62),
(969, 47861578, 46, NULL, 1, NULL, 6, NULL, NULL, NULL, 8, '8', 8, 8, 5, 8, 6, 6, 7, 6, 0, 0, 0, 0, 0, '2015', 'повний', 70),
(970, 47861669, 46, NULL, 5, NULL, 9, NULL, NULL, NULL, 8, '8', 7, 6, 7, 6, 8, 7, 7, 8, 0, 0, 0, 0, 0, '2015', 'повний', 59),
(971, 47861755, 46, NULL, 0, NULL, 9, NULL, NULL, NULL, 8, '6', 6, 5, 8, 5, 8, 7, 8, 8, 0, 0, 0, 0, 0, '2015', 'повний', 56),
(972, 47861813, 46, NULL, 0, NULL, 13, NULL, NULL, NULL, 7, '8', 5, 6, 7, 8, 5, 6, 5, 5, 0, 0, 0, 0, 0, '2015', 'повний', 73),
(973, 47861817, 46, NULL, 5, NULL, 15, NULL, NULL, NULL, 6, '7', 6, 7, 8, 6, 8, 8, 6, 5, 0, 0, 0, 0, 0, '2015', 'повний', 79),
(974, 47862011, 46, NULL, 1, NULL, 15, NULL, NULL, NULL, 8, '6', 5, 6, 5, 8, 6, 8, 8, 6, 0, 0, 0, 0, 0, '2015', 'повний', 99),
(975, 47862077, 46, NULL, 0, NULL, 9, NULL, NULL, NULL, 5, '5', 6, 5, 7, 7, 8, 5, 6, 6, 0, 0, 0, 0, 0, '2015', 'повний', 79),
(976, 47863785, 46, NULL, 4, NULL, 7, NULL, NULL, NULL, 5, '6', 6, 8, 8, 5, 5, 8, 5, 8, 0, 0, 0, 0, 0, '2015', 'повний', 78),
(977, 47864911, 46, NULL, 5, NULL, 8, NULL, NULL, NULL, 6, '6', 6, 8, 6, 6, 7, 5, 8, 5, 0, 0, 0, 0, 0, '2015', 'повний', 86),
(978, 47865099, 46, NULL, 4, NULL, 12, NULL, NULL, NULL, 6, '6', 6, 8, 7, 7, 7, 6, 7, 6, 0, 0, 0, 0, 0, '2015', 'повний', 79),
(979, 47865115, 46, NULL, 1, NULL, 10, NULL, NULL, NULL, 5, '8', 8, 7, 8, 6, 5, 6, 5, 7, 0, 0, 0, 0, 0, '2015', 'повний', 80),
(980, 47866171, 46, NULL, 1, NULL, 12, NULL, NULL, NULL, 7, '5', 6, 8, 7, 5, 8, 6, 5, 8, 0, 0, 0, 0, 0, '2015', 'повний', 90),
(981, 47866260, 46, NULL, 1, NULL, 5, NULL, NULL, NULL, 7, '7', 6, 5, 8, 6, 8, 7, 8, 7, 0, 0, 0, 0, 0, '2015', 'повний', 74),
(982, 47866863, 46, NULL, 4, NULL, 13, NULL, NULL, NULL, 5, '6', 5, 8, 6, 5, 5, 5, 5, 7, 0, 0, 0, 0, 0, '2015', 'повний', 91),
(983, 47867025, 46, NULL, 5, NULL, 14, NULL, NULL, NULL, 7, '7', 7, 8, 5, 6, 5, 6, 5, 5, 0, 0, 0, 0, 0, '2015', 'повний', 94),
(984, 47868495, 46, NULL, 3, NULL, 15, NULL, NULL, NULL, 7, '7', 6, 5, 8, 6, 8, 7, 8, 7, 0, 0, 0, 0, 0, '2015', 'повний', 65),
(985, 47860489, 95, NULL, 3, NULL, 33, NULL, NULL, NULL, 8, '6', 8, 6, 7, 9, 0, 0, 0, 0, 0, 0, 0, 0, 0, '2015', 'повний', 89),
(986, 47861087, 95, NULL, 3, NULL, 37, NULL, NULL, NULL, 8, '5', 10, 6, 6, 6, 0, 0, 0, 0, 0, 0, 0, 0, 0, '2015', 'повний', 60),
(987, 47861270, 95, NULL, 5, NULL, 33, NULL, NULL, NULL, 8, '7', 5, 8, 5, 6, 0, 0, 0, 0, 0, 0, 0, 0, 0, '2015', 'повний', 71),
(988, 47861482, 95, NULL, 1, NULL, 35, NULL, NULL, NULL, 8, '9', 8, 6, 6, 7, 0, 0, 0, 0, 0, 0, 0, 0, 0, '2015', 'повний', 100),
(989, 47861493, 95, NULL, 2, NULL, 40, NULL, NULL, NULL, 5, '10', 7, 9, 8, 6, 0, 0, 0, 0, 0, 0, 0, 0, 0, '2015', 'повний', 67),
(990, 47861523, 95, NULL, 5, NULL, 34, NULL, NULL, NULL, 8, '8', 5, 7, 5, 6, 0, 0, 0, 0, 0, 0, 0, 0, 0, '2015', 'повний', 57),
(991, 47861578, 95, NULL, 0, NULL, 36, NULL, NULL, NULL, 5, '6', 9, 9, 5, 6, 0, 0, 0, 0, 0, 0, 0, 0, 0, '2015', 'повний', 70),
(992, 47861669, 95, NULL, 1, NULL, 29, NULL, NULL, NULL, 9, '10', 5, 10, 5, 10, 0, 0, 0, 0, 0, 0, 0, 0, 0, '2015', 'повний', 89),
(993, 47861755, 95, NULL, 3, NULL, 34, NULL, NULL, NULL, 5, '7', 5, 8, 10, 10, 0, 0, 0, 0, 0, 0, 0, 0, 0, '2015', 'повний', 58),
(994, 47861813, 95, NULL, 3, NULL, 30, NULL, NULL, NULL, 10, '7', 7, 5, 10, 9, 0, 0, 0, 0, 0, 0, 0, 0, 0, '2015', 'повний', 85),
(995, 47861817, 95, NULL, 4, NULL, 39, NULL, NULL, NULL, 6, '8', 9, 6, 6, 5, 0, 0, 0, 0, 0, 0, 0, 0, 0, '2015', 'повний', 92),
(996, 47862011, 95, NULL, 2, NULL, 37, NULL, NULL, NULL, 9, '5', 5, 9, 9, 5, 0, 0, 0, 0, 0, 0, 0, 0, 0, '2015', 'повний', 98),
(997, 47862077, 95, NULL, 1, NULL, 28, NULL, NULL, NULL, 10, '9', 8, 8, 5, 5, 0, 0, 0, 0, 0, 0, 0, 0, 0, '2015', 'повний', 80),
(998, 47863785, 95, NULL, 4, NULL, 34, NULL, NULL, NULL, 9, '7', 10, 10, 7, 5, 0, 0, 0, 0, 0, 0, 0, 0, 0, '2015', 'повний', 57),
(999, 47864911, 95, NULL, 2, NULL, 33, NULL, NULL, NULL, 5, '10', 6, 9, 5, 8, 0, 0, 0, 0, 0, 0, 0, 0, 0, '2015', 'повний', 94),
(1000, 47865099, 95, NULL, 3, NULL, 38, NULL, NULL, NULL, 10, '9', 10, 8, 6, 9, 0, 0, 0, 0, 0, 0, 0, 0, 0, '2015', 'повний', 58),
(1001, 47865115, 95, NULL, 4, NULL, 29, NULL, NULL, NULL, 6, '10', 10, 10, 5, 7, 0, 0, 0, 0, 0, 0, 0, 0, 0, '2015', 'повний', 61),
(1002, 47866171, 95, NULL, 2, NULL, 26, NULL, NULL, NULL, 10, '6', 8, 9, 9, 9, 0, 0, 0, 0, 0, 0, 0, 0, 0, '2015', 'повний', 82),
(1003, 47866260, 95, NULL, 5, NULL, 28, NULL, NULL, NULL, 10, '8', 9, 8, 9, 5, 0, 0, 0, 0, 0, 0, 0, 0, 0, '2015', 'повний', 100),
(1004, 47866863, 95, NULL, 1, NULL, 29, NULL, NULL, NULL, 5, '5', 10, 9, 10, 9, 0, 0, 0, 0, 0, 0, 0, 0, 0, '2015', 'повний', 97),
(1005, 47867025, 95, NULL, 4, NULL, 32, NULL, NULL, NULL, 10, '5', 7, 6, 5, 6, 0, 0, 0, 0, 0, 0, 0, 0, 0, '2015', 'повний', 74),
(1006, 47868495, 95, NULL, 1, NULL, 27, NULL, NULL, NULL, 9, '8', 9, 5, 5, 5, 0, 0, 0, 0, 0, 0, 0, 0, 0, '2015', 'повний', 90),
(1007, 48878121, 104, NULL, 3, NULL, 40, NULL, NULL, NULL, 8, '8', 5, 8, 7, 5, 7, 0, 0, 0, 0, 0, 0, 0, 0, '2016', 'повний', 98),
(1008, 48880714, 104, NULL, 2, NULL, 31, NULL, NULL, NULL, 6, '8', 6, 5, 5, 7, 5, 0, 0, 0, 0, 0, 0, 0, 0, '2016', 'повний', 79),
(1009, 48881921, 104, NULL, 4, NULL, 36, NULL, NULL, NULL, 7, '8', 7, 6, 6, 8, 5, 0, 0, 0, 0, 0, 0, 0, 0, '2016', 'повний', 80),
(1010, 48882982, 104, NULL, 4, NULL, 37, NULL, NULL, NULL, 10, '5', 6, 6, 8, 7, 5, 0, 0, 0, 0, 0, 0, 0, 0, '2016', 'повний', 91),
(1011, 48883088, 104, NULL, 0, NULL, 36, NULL, NULL, NULL, 7, '5', 5, 7, 6, 6, 5, 0, 0, 0, 0, 0, 0, 0, 0, '2016', 'повний', 56),
(1012, 48883102, 104, NULL, 2, NULL, 25, NULL, NULL, NULL, 8, '7', 8, 7, 5, 6, 6, 0, 0, 0, 0, 0, 0, 0, 0, '2016', 'повний', 77),
(1013, 48883115, 104, NULL, 0, NULL, 38, NULL, NULL, NULL, 6, '7', 5, 5, 5, 5, 7, 0, 0, 0, 0, 0, 0, 0, 0, '2016', 'повний', 82),
(1014, 48883228, 104, NULL, 1, NULL, 28, NULL, NULL, NULL, 9, '6', 8, 5, 5, 8, 6, 0, 0, 0, 0, 0, 0, 0, 0, '2016', 'повний', 65),
(1015, 48883284, 104, NULL, 2, NULL, 39, NULL, NULL, NULL, 5, '5', 7, 7, 6, 6, 6, 0, 0, 0, 0, 0, 0, 0, 0, '2016', 'повний', 87),
(1016, 48883568, 104, NULL, 2, NULL, 26, NULL, NULL, NULL, 6, '6', 8, 7, 8, 7, 5, 0, 0, 0, 0, 0, 0, 0, 0, '2016', 'повний', 100),
(1017, 48883621, 104, NULL, 1, NULL, 29, NULL, NULL, NULL, 7, '8', 5, 7, 5, 5, 8, 0, 0, 0, 0, 0, 0, 0, 0, '2016', 'повний', 70),
(1018, 48883634, 104, NULL, 5, NULL, 35, NULL, NULL, NULL, 8, '7', 7, 8, 7, 6, 7, 0, 0, 0, 0, 0, 0, 0, 0, '2016', 'повний', 75),
(1019, 48893178, 104, NULL, 2, NULL, 36, NULL, NULL, NULL, 8, '5', 7, 5, 5, 8, 5, 0, 0, 0, 0, 0, 0, 0, 0, '2016', 'повний', 81),
(1020, 48893181, 104, NULL, 0, NULL, 24, NULL, NULL, NULL, 8, '8', 8, 6, 6, 8, 7, 0, 0, 0, 0, 0, 0, 0, 0, '2016', 'повний', 83),
(1021, 48893552, 104, NULL, 0, NULL, 29, NULL, NULL, NULL, 10, '8', 5, 5, 7, 8, 8, 0, 0, 0, 0, 0, 0, 0, 0, '2016', 'повний', 69),
(1022, 48938254, 104, NULL, 3, NULL, 37, NULL, NULL, NULL, 8, '5', 7, 5, 8, 8, 7, 0, 0, 0, 0, 0, 0, 0, 0, '2016', 'повний', 66),
(1023, 46363901, 104, NULL, 1, NULL, 25, NULL, NULL, NULL, 6, '8', 7, 5, 6, 8, 6, 0, 0, 0, 0, 0, 0, 0, 0, '2016', 'повний', 73),
(1024, 47314711, 104, NULL, 1, NULL, 31, NULL, NULL, NULL, 6, '5', 7, 8, 7, 6, 8, 0, 0, 0, 0, 0, 0, 0, 0, '2016', 'повний', 94),
(1025, 46369365, 104, NULL, 2, NULL, 40, NULL, NULL, NULL, 8, '6', 7, 5, 6, 8, 7, 0, 0, 0, 0, 0, 0, 0, 0, '2016', 'повний', 100),
(1026, 48878121, 68, NULL, 0, NULL, 9, NULL, NULL, NULL, 6, '10', 8, 7, 10, 9, 10, 8, 0, 0, 0, 0, 0, 0, 0, '2016', 'повний', 71),
(1027, 48880714, 68, NULL, 3, NULL, 11, NULL, NULL, NULL, 6, '7', 8, 8, 6, 10, 6, 7, 0, 0, 0, 0, 0, 0, 0, '2016', 'повний', 94),
(1028, 48881921, 68, NULL, 0, NULL, 8, NULL, NULL, NULL, 6, '10', 10, 9, 8, 10, 9, 7, 0, 0, 0, 0, 0, 0, 0, '2016', 'повний', 71),
(1029, 48882982, 68, NULL, 3, NULL, 10, NULL, NULL, NULL, 6, '7', 9, 10, 10, 10, 7, 8, 0, 0, 0, 0, 0, 0, 0, '2016', 'повний', 70),
(1030, 48883088, 68, NULL, 2, NULL, 8, NULL, NULL, NULL, 6, '6', 6, 6, 8, 9, 7, 7, 0, 0, 0, 0, 0, 0, 0, '2016', 'повний', 89),
(1031, 48883102, 68, NULL, 0, NULL, 13, NULL, NULL, NULL, 8, '6', 6, 7, 9, 10, 7, 6, 0, 0, 0, 0, 0, 0, 0, '2016', 'повний', 74),
(1032, 48883115, 68, NULL, 0, NULL, 13, NULL, NULL, NULL, 8, '9', 9, 6, 6, 8, 9, 10, 0, 0, 0, 0, 0, 0, 0, '2016', 'повний', 96),
(1033, 48883228, 68, NULL, 5, NULL, 15, NULL, NULL, NULL, 8, '6', 6, 8, 10, 6, 9, 7, 0, 0, 0, 0, 0, 0, 0, '2016', 'повний', 79),
(1034, 48883284, 68, NULL, 3, NULL, 12, NULL, NULL, NULL, 8, '8', 7, 10, 6, 6, 7, 7, 0, 0, 0, 0, 0, 0, 0, '2016', 'повний', 94),
(1035, 48883568, 68, NULL, 2, NULL, 7, NULL, NULL, NULL, 9, '7', 10, 10, 9, 10, 6, 10, 0, 0, 0, 0, 0, 0, 0, '2016', 'повний', 55),
(1036, 48883621, 68, NULL, 2, NULL, 12, NULL, NULL, NULL, 10, '10', 9, 9, 8, 8, 9, 8, 0, 0, 0, 0, 0, 0, 0, '2016', 'повний', 64),
(1037, 48883634, 68, NULL, 4, NULL, 10, NULL, NULL, NULL, 8, '10', 8, 7, 8, 10, 8, 7, 0, 0, 0, 0, 0, 0, 0, '2016', 'повний', 63),
(1038, 48893178, 68, NULL, 3, NULL, 8, NULL, NULL, NULL, 6, '8', 10, 9, 6, 6, 10, 10, 0, 0, 0, 0, 0, 0, 0, '2016', 'повний', 89),
(1039, 48893181, 68, NULL, 4, NULL, 10, NULL, NULL, NULL, 6, '8', 8, 7, 8, 10, 6, 7, 0, 0, 0, 0, 0, 0, 0, '2016', 'повний', 69),
(1040, 48893552, 68, NULL, 2, NULL, 15, NULL, NULL, NULL, 10, '10', 6, 7, 6, 7, 7, 8, 0, 0, 0, 0, 0, 0, 0, '2016', 'повний', 64),
(1041, 48938254, 68, NULL, 2, NULL, 11, NULL, NULL, NULL, 10, '8', 6, 10, 9, 10, 10, 7, 0, 0, 0, 0, 0, 0, 0, '2016', 'повний', 83),
(1042, 46363901, 68, NULL, 1, NULL, 13, NULL, NULL, NULL, 9, '10', 7, 9, 9, 8, 10, 8, 0, 0, 0, 0, 0, 0, 0, '2016', 'повний', 76),
(1043, 47314711, 68, NULL, 5, NULL, 8, NULL, NULL, NULL, 9, '8', 6, 6, 7, 7, 10, 8, 0, 0, 0, 0, 0, 0, 0, '2016', 'повний', 74),
(1044, 46369365, 68, NULL, 4, NULL, 9, NULL, NULL, NULL, 7, '6', 8, 6, 9, 10, 7, 9, 0, 0, 0, 0, 0, 0, 0, '2016', 'повний', 63),
(1045, 48878121, 113, NULL, 0, NULL, 29, NULL, NULL, NULL, 8, '6', 10, 10, 6, 6, 0, 0, 0, 0, 0, 0, 0, 0, 0, '2016', 'повний', 64),
(1046, 48880714, 113, NULL, 4, NULL, 24, NULL, NULL, NULL, 6, '8', 9, 8, 6, 7, 0, 0, 0, 0, 0, 0, 0, 0, 0, '2016', 'повний', 81),
(1047, 48881921, 113, NULL, 3, NULL, 28, NULL, NULL, NULL, 8, '10', 8, 8, 9, 6, 0, 0, 0, 0, 0, 0, 0, 0, 0, '2016', 'повний', 66),
(1048, 48882982, 113, NULL, 2, NULL, 35, NULL, NULL, NULL, 8, '8', 6, 9, 7, 10, 0, 0, 0, 0, 0, 0, 0, 0, 0, '2016', 'повний', 61),
(1049, 48883088, 113, NULL, 5, NULL, 32, NULL, NULL, NULL, 6, '9', 6, 6, 9, 7, 0, 0, 0, 0, 0, 0, 0, 0, 0, '2016', 'повний', 86),
(1050, 48883102, 113, NULL, 2, NULL, 22, NULL, NULL, NULL, 6, '10', 8, 10, 10, 9, 0, 0, 0, 0, 0, 0, 0, 0, 0, '2016', 'повний', 55),
(1051, 48883115, 113, NULL, 5, NULL, 28, NULL, NULL, NULL, 10, '6', 8, 6, 9, 8, 0, 0, 0, 0, 0, 0, 0, 0, 0, '2016', 'повний', 59),
(1052, 48883228, 113, NULL, 1, NULL, 32, NULL, NULL, NULL, 8, '6', 6, 10, 9, 9, 0, 0, 0, 0, 0, 0, 0, 0, 0, '2016', 'повний', 83),
(1053, 48883284, 113, NULL, 3, NULL, 33, NULL, NULL, NULL, 10, '7', 9, 10, 7, 10, 0, 0, 0, 0, 0, 0, 0, 0, 0, '2016', 'повний', 100),
(1054, 48883568, 113, NULL, 0, NULL, 34, NULL, NULL, NULL, 7, '6', 7, 6, 7, 6, 0, 0, 0, 0, 0, 0, 0, 0, 0, '2016', 'повний', 67),
(1055, 48883621, 113, NULL, 5, NULL, 31, NULL, NULL, NULL, 10, '6', 8, 6, 6, 7, 0, 0, 0, 0, 0, 0, 0, 0, 0, '2016', 'повний', 82),
(1056, 48883634, 113, NULL, 0, NULL, 28, NULL, NULL, NULL, 8, '8', 8, 10, 10, 8, 0, 0, 0, 0, 0, 0, 0, 0, 0, '2016', 'повний', 72),
(1057, 48893178, 113, NULL, 4, NULL, 24, NULL, NULL, NULL, 10, '10', 6, 7, 9, 10, 0, 0, 0, 0, 0, 0, 0, 0, 0, '2016', 'повний', 71),
(1058, 48893181, 113, NULL, 3, NULL, 34, NULL, NULL, NULL, 6, '9', 7, 7, 10, 9, 0, 0, 0, 0, 0, 0, 0, 0, 0, '2016', 'повний', 100),
(1059, 48893552, 113, NULL, 3, NULL, 23, NULL, NULL, NULL, 8, '9', 8, 6, 9, 9, 0, 0, 0, 0, 0, 0, 0, 0, 0, '2016', 'повний', 55),
(1060, 48938254, 113, NULL, 5, NULL, 34, NULL, NULL, NULL, 5, '10', 8, 9, 6, 6, 0, 0, 0, 0, 0, 0, 0, 0, 0, '2016', 'повний', 74),
(1061, 46363901, 113, NULL, 5, NULL, 28, NULL, NULL, NULL, 5, '7', 6, 10, 10, 9, 0, 0, 0, 0, 0, 0, 0, 0, 0, '2016', 'повний', 91),
(1062, 47314711, 113, NULL, 2, NULL, 22, NULL, NULL, NULL, 9, '10', 6, 10, 6, 7, 0, 0, 0, 0, 0, 0, 0, 0, 0, '2016', 'повний', 92),
(1063, 46369365, 113, NULL, 2, NULL, 26, NULL, NULL, NULL, 10, '8', 7, 6, 7, 8, 0, 0, 0, 0, 0, 0, 0, 0, 0, '2016', 'повний', 94),
(1064, 48878121, 46, NULL, 1, NULL, 7, NULL, NULL, NULL, 6, '8', 5, 7, 7, 8, 6, 7, 5, 6, 0, 0, 0, 0, 0, '2016', 'повний', 66),
(1065, 48880714, 46, NULL, 2, NULL, 10, NULL, NULL, NULL, 6, '5', 7, 7, 5, 8, 6, 6, 8, 7, 0, 0, 0, 0, 0, '2016', 'повний', 58),
(1066, 48881921, 46, NULL, 2, NULL, 12, NULL, NULL, NULL, 6, '6', 7, 7, 5, 5, 8, 7, 8, 5, 0, 0, 0, 0, 0, '2016', 'повний', 76),
(1067, 48882982, 46, NULL, 1, NULL, 15, NULL, NULL, NULL, 8, '6', 6, 6, 6, 8, 5, 6, 5, 8, 0, 0, 0, 0, 0, '2016', 'повний', 77),
(1068, 48883088, 46, NULL, 2, NULL, 7, NULL, NULL, NULL, 6, '8', 8, 6, 6, 6, 7, 5, 5, 8, 0, 0, 0, 0, 0, '2016', 'повний', 91),
(1069, 48883102, 46, NULL, 5, NULL, 6, NULL, NULL, NULL, 7, '7', 7, 6, 8, 6, 5, 5, 5, 5, 0, 0, 0, 0, 0, '2016', 'повний', 59),
(1070, 48883115, 46, NULL, 2, NULL, 11, NULL, NULL, NULL, 8, '8', 7, 6, 6, 5, 6, 5, 5, 6, 0, 0, 0, 0, 0, '2016', 'повний', 88),
(1071, 48883228, 46, NULL, 2, NULL, 10, NULL, NULL, NULL, 7, '7', 5, 6, 7, 6, 5, 8, 5, 7, 0, 0, 0, 0, 0, '2016', 'повний', 73),
(1072, 48883284, 46, NULL, 0, NULL, 7, NULL, NULL, NULL, 5, '8', 5, 5, 7, 6, 8, 7, 8, 7, 0, 0, 0, 0, 0, '2016', 'повний', 76),
(1073, 48883568, 46, NULL, 3, NULL, 12, NULL, NULL, NULL, 8, '8', 7, 6, 8, 8, 8, 6, 8, 7, 0, 0, 0, 0, 0, '2016', 'повний', 96),
(1074, 48883621, 46, NULL, 4, NULL, 5, NULL, NULL, NULL, 8, '8', 7, 6, 8, 5, 6, 5, 7, 5, 0, 0, 0, 0, 0, '2016', 'повний', 100),
(1075, 48883634, 46, NULL, 0, NULL, 15, NULL, NULL, NULL, 8, '6', 8, 8, 7, 6, 6, 8, 8, 8, 0, 0, 0, 0, 0, '2016', 'повний', 92),
(1076, 48893178, 46, NULL, 5, NULL, 11, NULL, NULL, NULL, 7, '6', 5, 6, 6, 7, 5, 6, 6, 7, 0, 0, 0, 0, 0, '2016', 'повний', 100),
(1077, 48893181, 46, NULL, 3, NULL, 14, NULL, NULL, NULL, 7, '6', 8, 8, 7, 6, 6, 6, 7, 8, 0, 0, 0, 0, 0, '2016', 'повний', 65),
(1078, 48893552, 46, NULL, 0, NULL, 7, NULL, NULL, NULL, 5, '6', 8, 6, 8, 6, 7, 6, 6, 5, 0, 0, 0, 0, 0, '2016', 'повний', 97),
(1079, 48938254, 46, NULL, 0, NULL, 7, NULL, NULL, NULL, 7, '6', 5, 5, 8, 7, 6, 6, 7, 8, 0, 0, 0, 0, 0, '2016', 'повний', 79),
(1080, 46363901, 46, NULL, 2, NULL, 13, NULL, NULL, NULL, 7, '7', 7, 8, 6, 6, 7, 7, 6, 5, 0, 0, 0, 0, 0, '2016', 'повний', 59),
(1081, 47314711, 46, NULL, 4, NULL, 5, NULL, NULL, NULL, 6, '5', 8, 7, 8, 6, 5, 6, 6, 8, 0, 0, 0, 0, 0, '2016', 'повний', 85),
(1082, 46369365, 46, NULL, 0, NULL, 6, NULL, NULL, NULL, 8, '8', 7, 6, 8, 5, 6, 5, 7, 5, 0, 0, 0, 0, 0, '2016', 'повний', 81),
(1083, 48878121, 95, NULL, 1, NULL, 25, NULL, NULL, NULL, 8, '6', 8, 6, 7, 9, 0, 0, 0, 0, 0, 0, 0, 0, 0, '2016', 'повний', 59),
(1084, 48880714, 95, NULL, 2, NULL, 33, NULL, NULL, NULL, 8, '5', 10, 6, 6, 6, 0, 0, 0, 0, 0, 0, 0, 0, 0, '2016', 'повний', 81),
(1085, 48881921, 95, NULL, 2, NULL, 26, NULL, NULL, NULL, 8, '7', 5, 8, 5, 6, 0, 0, 0, 0, 0, 0, 0, 0, 0, '2016', 'повний', 75),
(1086, 48882982, 95, NULL, 4, NULL, 25, NULL, NULL, NULL, 8, '9', 8, 6, 6, 7, 0, 0, 0, 0, 0, 0, 0, 0, 0, '2016', 'повний', 62),
(1087, 48883088, 95, NULL, 4, NULL, 27, NULL, NULL, NULL, 5, '10', 7, 9, 8, 6, 0, 0, 0, 0, 0, 0, 0, 0, 0, '2016', 'повний', 86),
(1088, 48883102, 95, NULL, 2, NULL, 35, NULL, NULL, NULL, 8, '8', 5, 7, 5, 6, 0, 0, 0, 0, 0, 0, 0, 0, 0, '2016', 'повний', 69),
(1089, 48883115, 95, NULL, 3, NULL, 33, NULL, NULL, NULL, 5, '6', 9, 9, 5, 6, 0, 0, 0, 0, 0, 0, 0, 0, 0, '2016', 'повний', 82),
(1090, 48883228, 95, NULL, 1, NULL, 34, NULL, NULL, NULL, 9, '10', 5, 10, 5, 10, 0, 0, 0, 0, 0, 0, 0, 0, 0, '2016', 'повний', 79),
(1091, 48883284, 95, NULL, 0, NULL, 32, NULL, NULL, NULL, 5, '7', 5, 8, 10, 10, 0, 0, 0, 0, 0, 0, 0, 0, 0, '2016', 'повний', 99),
(1092, 48883568, 95, NULL, 2, NULL, 31, NULL, NULL, NULL, 10, '7', 7, 5, 10, 9, 0, 0, 0, 0, 0, 0, 0, 0, 0, '2016', 'повний', 84),
(1093, 48883621, 95, NULL, 4, NULL, 30, NULL, NULL, NULL, 6, '8', 9, 6, 6, 5, 0, 0, 0, 0, 0, 0, 0, 0, 0, '2016', 'повний', 76),
(1094, 48883634, 95, NULL, 5, NULL, 34, NULL, NULL, NULL, 9, '5', 5, 9, 9, 5, 0, 0, 0, 0, 0, 0, 0, 0, 0, '2016', 'повний', 79),
(1095, 48893178, 95, NULL, 4, NULL, 32, NULL, NULL, NULL, 10, '9', 8, 8, 5, 5, 0, 0, 0, 0, 0, 0, 0, 0, 0, '2016', 'повний', 64),
(1096, 48893181, 95, NULL, 5, NULL, 33, NULL, NULL, NULL, 9, '7', 10, 10, 7, 5, 0, 0, 0, 0, 0, 0, 0, 0, 0, '2016', 'повний', 66),
(1097, 48893552, 95, NULL, 3, NULL, 31, NULL, NULL, NULL, 5, '10', 6, 9, 5, 8, 0, 0, 0, 0, 0, 0, 0, 0, 0, '2016', 'повний', 56),
(1098, 48938254, 95, NULL, 0, NULL, 35, NULL, NULL, NULL, 10, '9', 10, 8, 6, 9, 0, 0, 0, 0, 0, 0, 0, 0, 0, '2016', 'повний', 67),
(1099, 46363901, 95, NULL, 2, NULL, 32, NULL, NULL, NULL, 6, '10', 10, 10, 5, 7, 0, 0, 0, 0, 0, 0, 0, 0, 0, '2016', 'повний', 67),
(1100, 47314711, 95, NULL, 5, NULL, 38, NULL, NULL, NULL, 10, '6', 8, 9, 9, 9, 0, 0, 0, 0, 0, 0, 0, 0, 0, '2016', 'повний', 97),
(1101, 46369365, 95, NULL, 5, NULL, 28, NULL, NULL, NULL, 10, '8', 9, 8, 9, 5, 0, 0, 0, 0, 0, 0, 0, 0, 0, '2016', 'повний', 77),
(101, 45381977, 122, NULL, 3, NULL, 16, NULL, NULL, NULL, 7, '7', 7, 7, 7, 7, 7, 7, 0, 0, 0, 0, 0, 0, 0, '2013', 'прискорений', 71),
(102, 45642944, 122, NULL, 5, NULL, 17, NULL, NULL, NULL, 9, '9', 9, 9, 9, 9, 9, 9, 0, 0, 0, 0, 0, 0, 0, '2013', 'прискорений', 80),
(103, 45642949, 122, NULL, 4, NULL, 10, NULL, NULL, NULL, 10, '10', 10, 10, 10, 10, 10, 10, 0, 0, 0, 0, 0, 0, 0, '2013', 'прискорений', 84),
(104, 45642950, 122, NULL, 2, NULL, 11, NULL, NULL, NULL, 8, '8', 8, 8, 8, 8, 8, 8, 0, 0, 0, 0, 0, 0, 0, '2013', 'прискорений', 90),
(105, 28086943, 122, NULL, 1, NULL, 12, NULL, NULL, NULL, 9, '9', 9, 9, 9, 9, 9, 9, 0, 0, 0, 0, 0, 0, 0, '2013', 'прискорений', 89),
(106, 45381977, 123, NULL, 4, NULL, 26, NULL, NULL, NULL, 8, '8', 8, 8, 8, 8, 0, 0, 0, 0, 0, 0, 0, 0, 0, '2013', 'прискорений', 67),
(107, 45642944, 123, NULL, 5, NULL, 35, NULL, NULL, NULL, 9, '9', 9, 9, 9, 9, 0, 0, 0, 0, 0, 0, 0, 0, 0, '2013', 'прискорений', 75),
(108, 45642949, 123, NULL, 3, NULL, 30, NULL, NULL, NULL, 10, '10', 10, 10, 10, 10, 0, 0, 0, 0, 0, 0, 0, 0, 0, '2013', 'прискорений', 90),
(109, 45642950, 123, NULL, 1, NULL, 28, NULL, NULL, NULL, 7, '7', 7, 7, 7, 7, 0, 0, 0, 0, 0, 0, 0, 0, 0, '2013', 'прискорений', 81),
(110, 28086943, 123, NULL, 4, NULL, 25, NULL, NULL, NULL, 8, '8', 8, 8, 8, 8, 0, 0, 0, 0, 0, 0, 0, 0, 0, '2013', 'прискорений', 65),
(111, 45381977, 124, NULL, 4, NULL, 25, NULL, NULL, NULL, 7, '7', 7, 7, 7, 7, 7, 0, 0, 0, 0, 0, 0, 0, 0, '2013', 'прискорений', 94),
(112, 45642944, 124, NULL, 3, NULL, 35, NULL, NULL, NULL, 8, '8', 8, 8, 8, 8, 8, 0, 0, 0, 0, 0, 0, 0, 0, '2013', 'прискорений', 100),
(113, 45642949, 124, NULL, 5, NULL, 40, NULL, NULL, NULL, 6, '6', 6, 6, 6, 6, 6, 0, 0, 0, 0, 0, 0, 0, 0, '2013', 'прискорений', 56),
(114, 45642950, 124, NULL, 2, NULL, 36, NULL, NULL, NULL, 7, '7', 7, 7, 7, 7, 7, 0, 0, 0, 0, 0, 0, 0, 0, '2013', 'прискорений', 68),
(115, 28086943, 124, NULL, 4, NULL, 38, NULL, NULL, NULL, 7, '7', 7, 7, 7, 7, 7, 0, 0, 0, 0, 0, 0, 0, 0, '2013', 'прискорений', 71),
(116, 45381977, 125, NULL, 1, NULL, 25, NULL, NULL, NULL, 9, '9', 9, 9, 9, 9, 0, 0, 0, 0, 0, 0, 0, 0, 0, '2013', 'прискорений', 80),
(117, 45642944, 125, NULL, 2, NULL, 40, NULL, NULL, NULL, 7, '7', 7, 7, 7, 7, 0, 0, 0, 0, 0, 0, 0, 0, 0, '2013', 'прискорений', 82),
(118, 45642949, 125, NULL, 3, NULL, 36, NULL, NULL, NULL, 8, '8', 8, 8, 8, 8, 0, 0, 0, 0, 0, 0, 0, 0, 0, '2013', 'прискорений', 65),
(119, 45642950, 125, NULL, 5, NULL, 38, NULL, NULL, NULL, 8, '8', 8, 8, 8, 8, 0, 0, 0, 0, 0, 0, 0, 0, 0, '2013', 'прискорений', 91),
(120, 28086943, 125, NULL, 1, NULL, 28, NULL, NULL, NULL, 7, '7', 7, 7, 7, 7, 0, 0, 0, 0, 0, 0, 0, 0, 0, '2013', 'прискорений', 75),
(121, 41622898, 121, NULL, 4, NULL, 13, NULL, NULL, NULL, 12, '12', 12, 12, 0, 0, 0, 0, 0, 0, 0, 0, 0, 0, 0, '2012', 'прискорений', 85),
(122, 42419478, 121, NULL, 3, NULL, 10, NULL, NULL, NULL, 10, '10', 10, 10, 0, 0, 0, 0, 0, 0, 0, 0, 0, 0, 0, '2012', 'прискорений', 91),
(123, 42617664, 121, NULL, 2, NULL, 8, NULL, NULL, NULL, 15, '15', 15, 15, 0, 0, 0, 0, 0, 0, 0, 0, 0, 0, 0, '2012', 'прискорений', 94),
(124, 43377610, 121, NULL, 4, NULL, 9, NULL, NULL, NULL, 14, '14', 14, 14, 0, 0, 0, 0, 0, 0, 0, 0, 0, 0, 0, '2012', 'прискорений', 100),
(125, 43377625, 121, NULL, 5, NULL, 12, NULL, NULL, NULL, 10, '10', 10, 10, 0, 0, 0, 0, 0, 0, 0, 0, 0, 0, 0, '2012', 'прискорений', 100),
(126, 43377657, 121, NULL, 4, NULL, 15, NULL, NULL, NULL, 9, '9', 9, 9, 0, 0, 0, 0, 0, 0, 0, 0, 0, 0, 0, '2012', 'прискорений', 91),
(127, 43377658, 121, NULL, 3, NULL, 14, NULL, NULL, NULL, 8, '8', 8, 8, 0, 0, 0, 0, 0, 0, 0, 0, 0, 0, 0, '2012', 'прискорений', 65),
(128, 43377662, 121, NULL, 2, NULL, 10, NULL, NULL, NULL, 7, '7', 7, 7, 0, 0, 0, 0, 0, 0, 0, 0, 0, 0, 0, '2012', 'прискорений', 75),
(129, 43378698, 121, NULL, 2, NULL, 11, NULL, NULL, NULL, 10, '10', 10, 10, 0, 0, 0, 0, 0, 0, 0, 0, 0, 0, 0, '2012', 'прискорений', 100),
(130, 43485508, 121, NULL, 3, NULL, 9, NULL, NULL, NULL, 13, '13', 13, 13, 0, 0, 0, 0, 0, 0, 0, 0, 0, 0, 0, '2012', 'прискорений', 78),
(131, 43485510, 121, NULL, 5, NULL, 10, NULL, NULL, NULL, 8, '8', 8, 8, 0, 0, 0, 0, 0, 0, 0, 0, 0, 0, 0, '2012', 'прискорений', 84),
(132, 43837053, 121, NULL, 4, NULL, 12, NULL, NULL, NULL, 12, '12', 12, 12, 0, 0, 0, 0, 0, 0, 0, 0, 0, 0, 0, '2012', 'прискорений', 82),
(133, 43837083, 121, NULL, 3, NULL, 11, NULL, NULL, NULL, 9, '9', 9, 9, 0, 0, 0, 0, 0, 0, 0, 0, 0, 0, 0, '2012', 'прискорений', 89),
(134, 41622898, 122, NULL, 2, NULL, 17, NULL, NULL, NULL, 8, '8', 8, 8, 8, 8, 8, 8, 0, 0, 0, 0, 0, 0, 0, '2012', 'прискорений', 92),
(135, 42419478, 122, NULL, 4, NULL, 15, NULL, NULL, NULL, 7, '7', 7, 7, 7, 7, 7, 7, 0, 0, 0, 0, 0, 0, 0, '2012', 'прискорений', 93),
(136, 42617664, 122, NULL, 5, NULL, 10, NULL, NULL, NULL, 10, '10', 10, 10, 10, 10, 10, 10, 0, 0, 0, 0, 0, 0, 0, '2012', 'прискорений', 100),
(137, 43377610, 122, NULL, 3, NULL, 11, NULL, NULL, NULL, 9, '9', 9, 9, 9, 9, 9, 9, 0, 0, 0, 0, 0, 0, 0, '2012', 'прискорений', 55),
(138, 43377625, 122, NULL, 2, NULL, 9, NULL, NULL, NULL, 6, '6', 6, 6, 6, 6, 6, 6, 0, 0, 0, 0, 0, 0, 0, '2012', 'прискорений', 58),
(139, 43377657, 122, NULL, 5, NULL, 12, NULL, NULL, NULL, 8, '8', 8, 8, 8, 8, 8, 8, 0, 0, 0, 0, 0, 0, 0, '2012', 'прискорений', 71),
(140, 43377658, 122, NULL, 3, NULL, 8, NULL, NULL, NULL, 9, '9', 9, 9, 9, 9, 9, 9, 0, 0, 0, 0, 0, 0, 0, '2012', 'прискорений', 80),
(141, 43377662, 122, NULL, 4, NULL, 15, NULL, NULL, NULL, 10, '10', 10, 10, 10, 10, 10, 10, 0, 0, 0, 0, 0, 0, 0, '2012', 'прискорений', 84),
(142, 43378698, 122, NULL, 3, NULL, 7, NULL, NULL, NULL, 8, '8', 8, 8, 8, 8, 8, 8, 0, 0, 0, 0, 0, 0, 0, '2012', 'прискорений', 90),
(143, 43485508, 122, NULL, 2, NULL, 8, NULL, NULL, NULL, 7, '7', 7, 7, 7, 7, 7, 7, 0, 0, 0, 0, 0, 0, 0, '2012', 'прискорений', 89),
(144, 43485510, 122, NULL, 5, NULL, 14, NULL, NULL, NULL, 10, '10', 10, 10, 10, 10, 10, 10, 0, 0, 0, 0, 0, 0, 0, '2012', 'прискорений', 67),
(145, 43837053, 122, NULL, 3, NULL, 15, NULL, NULL, NULL, 9, '9', 9, 9, 9, 9, 9, 9, 0, 0, 0, 0, 0, 0, 0, '2012', 'прискорений', 75),
(146, 43837083, 122, NULL, 4, NULL, 9, NULL, NULL, NULL, 10, '10', 10, 10, 10, 10, 10, 10, 0, 0, 0, 0, 0, 0, 0, '2012', 'прискорений', 90),
(147, 41622898, 123, NULL, 2, NULL, 25, NULL, NULL, NULL, 9, '9', 9, 9, 9, 9, 0, 0, 0, 0, 0, 0, 0, 0, 0, '2012', 'прискорений', 81),
(148, 42419478, 123, NULL, 3, NULL, 35, NULL, NULL, NULL, 6, '6', 6, 6, 6, 6, 0, 0, 0, 0, 0, 0, 0, 0, 0, '2012', 'прискорений', 65),
(149, 42617664, 123, NULL, 5, NULL, 30, NULL, NULL, NULL, 10, '10', 10, 10, 10, 10, 0, 0, 0, 0, 0, 0, 0, 0, 0, '2012', 'прискорений', 94),
(150, 43377610, 123, NULL, 2, NULL, 27, NULL, NULL, NULL, 9, '9', 9, 9, 9, 9, 0, 0, 0, 0, 0, 0, 0, 0, 0, '2012', 'прискорений', 100),
(151, 43377625, 123, NULL, 3, NULL, 28, NULL, NULL, NULL, 7, '7', 7, 7, 7, 7, 0, 0, 0, 0, 0, 0, 0, 0, 0, '2012', 'прискорений', 56),
(152, 43377657, 123, NULL, 4, NULL, 32, NULL, NULL, NULL, 8, '8', 8, 8, 8, 8, 0, 0, 0, 0, 0, 0, 0, 0, 0, '2012', 'прискорений', 68),
(153, 43377658, 123, NULL, 3, NULL, 29, NULL, NULL, NULL, 9, '9', 9, 9, 9, 9, 0, 0, 0, 0, 0, 0, 0, 0, 0, '2012', 'прискорений', 71),
(154, 43377662, 123, NULL, 5, NULL, 35, NULL, NULL, NULL, 10, '10', 10, 10, 10, 10, 0, 0, 0, 0, 0, 0, 0, 0, 0, '2012', 'прискорений', 80),
(155, 43378698, 123, NULL, 2, NULL, 34, NULL, NULL, NULL, 8, '8', 8, 8, 8, 8, 0, 0, 0, 0, 0, 0, 0, 0, 0, '2012', 'прискорений', 82),
(156, 43485508, 123, NULL, 3, NULL, 30, NULL, NULL, NULL, 7, '7', 7, 7, 7, 7, 0, 0, 0, 0, 0, 0, 0, 0, 0, '2012', 'прискорений', 100),
(157, 43485510, 123, NULL, 1, NULL, 31, NULL, NULL, NULL, 9, '9', 9, 9, 9, 9, 0, 0, 0, 0, 0, 0, 0, 0, 0, '2012', 'прискорений', 79),
(158, 43837053, 123, NULL, 0, NULL, 29, NULL, NULL, NULL, 9, '9', 9, 9, 9, 9, 0, 0, 0, 0, 0, 0, 0, 0, 0, '2012', 'прискорений', 82),
(159, 43837083, 123, NULL, 5, NULL, 35, NULL, NULL, NULL, 10, '10', 10, 10, 10, 10, 0, 0, 0, 0, 0, 0, 0, 0, 0, '2012', 'прискорений', 59),
(160, 41622898, 124, NULL, 0, NULL, 25, NULL, NULL, NULL, 4, '4', 4, 4, 4, 4, 4, 0, 0, 0, 0, 0, 0, 0, 0, '2012', 'прискорений', 67),
(161, 42419478, 124, NULL, 3, NULL, 35, NULL, NULL, NULL, 6, '6', 6, 6, 6, 6, 6, 0, 0, 0, 0, 0, 0, 0, 0, '2012', 'прискорений', 92),
(162, 42617664, 124, NULL, 4, NULL, 40, NULL, NULL, NULL, 8, '8', 8, 8, 8, 8, 8, 0, 0, 0, 0, 0, 0, 0, 0, '2012', 'прискорений', 75),
(163, 43377610, 124, NULL, 0, NULL, 29, NULL, NULL, NULL, 7, '7', 7, 7, 7, 7, 7, 0, 0, 0, 0, 0, 0, 0, 0, '2012', 'прискорений', 100),
(164, 43377625, 124, NULL, 2, NULL, 38, NULL, NULL, NULL, 8, '8', 8, 8, 8, 8, 8, 0, 0, 0, 0, 0, 0, 0, 0, '2012', 'прискорений', 90),
(165, 43377657, 124, NULL, 1, NULL, 37, NULL, NULL, NULL, 5, '5', 5, 5, 5, 5, 5, 0, 0, 0, 0, 0, 0, 0, 0, '2012', 'прискорений', 91),
(166, 43377658, 124, NULL, 3, NULL, 26, NULL, NULL, NULL, 6, '6', 6, 6, 6, 6, 6, 0, 0, 0, 0, 0, 0, 0, 0, '2012', 'прискорений', 74),
(167, 43377662, 124, NULL, 5, NULL, 31, NULL, NULL, NULL, 7, '7', 7, 7, 7, 7, 7, 0, 0, 0, 0, 0, 0, 0, 0, '2012', 'прискорений', 73),
(168, 43378698, 124, NULL, 4, NULL, 32, NULL, NULL, NULL, 8, '8', 8, 8, 8, 8, 8, 0, 0, 0, 0, 0, 0, 0, 0, '2012', 'прискорений', 82),
(169, 43485508, 124, NULL, 2, NULL, 40, NULL, NULL, NULL, 5, '5', 5, 5, 5, 5, 5, 0, 0, 0, 0, 0, 0, 0, 0, '2012', 'прискорений', 84),
(170, 43485510, 124, NULL, 3, NULL, 32, NULL, NULL, NULL, 7, '7', 7, 7, 7, 7, 7, 0, 0, 0, 0, 0, 0, 0, 0, '2012', 'прискорений', 81),
(171, 43837053, 124, NULL, 5, NULL, 38, NULL, NULL, NULL, 8, '8', 8, 8, 8, 8, 8, 0, 0, 0, 0, 0, 0, 0, 0, '2012', 'прискорений', 73),
(172, 43837083, 124, NULL, 4, NULL, 26, NULL, NULL, NULL, 7, '7', 7, 7, 7, 7, 7, 0, 0, 0, 0, 0, 0, 0, 0, '2012', 'прискорений', 66),
(173, 41622898, 125, NULL, 3, NULL, 29, NULL, NULL, NULL, 8, '8', 8, 8, 8, 8, 0, 0, 0, 0, 0, 0, 0, 0, 0, '2012', 'прискорений', 55),
(174, 42419478, 125, NULL, 2, NULL, 31, NULL, NULL, NULL, 7, '7', 7, 7, 7, 7, 0, 0, 0, 0, 0, 0, 0, 0, 0, '2012', 'прискорений', 100),
(175, 42617664, 125, NULL, 5, NULL, 32, NULL, NULL, NULL, 9, '9', 9, 9, 9, 9, 0, 0, 0, 0, 0, 0, 0, 0, 0, '2012', 'прискорений', 62),
(176, 43377610, 125, NULL, 4, NULL, 34, NULL, NULL, NULL, 10, '10', 10, 10, 10, 10, 0, 0, 0, 0, 0, 0, 0, 0, 0, '2012', 'прискорений', 63),
(177, 43377625, 125, NULL, 3, NULL, 36, NULL, NULL, NULL, 8, '8', 8, 8, 8, 8, 0, 0, 0, 0, 0, 0, 0, 0, 0, '2012', 'прискорений', 75),
(178, 43377657, 125, NULL, 2, NULL, 40, NULL, NULL, NULL, 7, '7', 7, 7, 7, 7, 0, 0, 0, 0, 0, 0, 0, 0, 0, '2012', 'прискорений', 65),
(179, 43377658, 125, NULL, 4, NULL, 32, NULL, NULL, NULL, 5, '5', 5, 5, 5, 5, 0, 0, 0, 0, 0, 0, 0, 0, 0, '2012', 'прискорений', 94),
(180, 43377662, 125, NULL, 5, NULL, 40, NULL, NULL, NULL, 6, '6', 6, 6, 6, 6, 0, 0, 0, 0, 0, 0, 0, 0, 0, '2012', 'прискорений', 100),
(181, 43378698, 125, NULL, 3, NULL, 33, NULL, NULL, NULL, 7, '7', 7, 7, 7, 7, 0, 0, 0, 0, 0, 0, 0, 0, 0, '2012', 'прискорений', 56),
(182, 43485508, 125, NULL, 4, NULL, 35, NULL, NULL, NULL, 9, '9', 9, 9, 9, 9, 0, 0, 0, 0, 0, 0, 0, 0, 0, '2012', 'прискорений', 65),
(183, 43485510, 125, NULL, 2, NULL, 28, NULL, NULL, NULL, 5, '5', 5, 5, 5, 5, 0, 0, 0, 0, 0, 0, 0, 0, 0, '2012', 'прискорений', 71),
(184, 43837053, 125, NULL, 3, NULL, 26, NULL, NULL, NULL, 6, '6', 6, 6, 6, 6, 0, 0, 0, 0, 0, 0, 0, 0, 0, '2012', 'прискорений', 80),
(185, 43837083, 125, NULL, 5, NULL, 32, NULL, NULL, NULL, 7, '7', 7, 7, 7, 7, 0, 0, 0, 0, 0, 0, 0, 0, 0, '2012', 'прискорений', 75),
(186, 47004101, 121, NULL, 1, NULL, 10, NULL, NULL, NULL, 10, '10', 10, 10, 0, 0, 0, 0, 0, 0, 0, 0, 0, 0, 0, '2014', 'прискорений', 91),
(187, 47004112, 121, NULL, 2, NULL, 8, NULL, NULL, NULL, 15, '15', 15, 15, 0, 0, 0, 0, 0, 0, 0, 0, 0, 0, 0, '2014', 'прискорений', 94),
(188, 47215934, 121, NULL, 3, NULL, 9, NULL, NULL, NULL, 14, '14', 14, 14, 0, 0, 0, 0, 0, 0, 0, 0, 0, 0, 0, '2014', 'прискорений', 100),
(189, 47215936, 121, NULL, 4, NULL, 12, NULL, NULL, NULL, 10, '10', 10, 10, 0, 0, 0, 0, 0, 0, 0, 0, 0, 0, 0, '2014', 'прискорений', 100),
(190, 47215957, 121, NULL, 5, NULL, 15, NULL, NULL, NULL, 9, '9', 9, 9, 0, 0, 0, 0, 0, 0, 0, 0, 0, 0, 0, '2014', 'прискорений', 90),
(191, 47215958, 121, NULL, 3, NULL, 14, NULL, NULL, NULL, 8, '8', 8, 8, 0, 0, 0, 0, 0, 0, 0, 0, 0, 0, 0, '2014', 'прискорений', 65),
(192, 47215959, 121, NULL, 4, NULL, 10, NULL, NULL, NULL, 7, '7', 7, 7, 0, 0, 0, 0, 0, 0, 0, 0, 0, 0, 0, '2014', 'прискорений', 75);
INSERT INTO `Current_estimates` (`estimates_id`, `Student_id`, `Plan_id`, `View_id`, `Vh_control`, `Date`, `KR_1`, `KR_2`, `KR_3`, `KR_4`, `LR_1`, `LR_2`, `LR_3`, `LR_4`, `LR_5`, `LR_6`, `LR_7`, `LR_8`, `LR_9`, `LR_10`, `LR_11`, `LR_12`, `LR_13`, `LR_14`, `LR_15`, `Start_year`, `Course`, `Sum_mark`) VALUES
(193, 47215967, 121, NULL, 2, NULL, 11, NULL, NULL, NULL, 10, '10', 10, 10, 0, 0, 0, 0, 0, 0, 0, 0, 0, 0, 0, '2014', 'прискорений', 100),
(194, 47215968, 121, NULL, 5, NULL, 9, NULL, NULL, NULL, 13, '13', 13, 13, 0, 0, 0, 0, 0, 0, 0, 0, 0, 0, 0, '2014', 'прискорений', 78),
(195, 47215969, 121, NULL, 4, NULL, 10, NULL, NULL, NULL, 8, '8', 8, 8, 0, 0, 0, 0, 0, 0, 0, 0, 0, 0, 0, '2014', 'прискорений', 84),
(196, 47215975, 121, NULL, 5, NULL, 12, NULL, NULL, NULL, 12, '12', 12, 12, 0, 0, 0, 0, 0, 0, 0, 0, 0, 0, 0, '2014', 'прискорений', 82),
(197, 47501786, 121, NULL, 3, NULL, 11, NULL, NULL, NULL, 9, '9', 9, 9, 0, 0, 0, 0, 0, 0, 0, 0, 0, 0, 0, '2014', 'прискорений', 89),
(198, 45642956, 121, NULL, 2, NULL, 8, NULL, NULL, NULL, 15, '10', 7, 10, 0, 0, 0, 0, 0, 0, 0, 0, 0, 0, 0, '2014', 'прискорений', 65),
(199, 47004101, 122, NULL, 5, NULL, 15, NULL, NULL, NULL, 7, '7', 7, 7, 7, 7, 7, 7, 0, 0, 0, 0, 0, 0, 0, '2014', 'прискорений', 93),
(200, 47004112, 122, NULL, 3, NULL, 10, NULL, NULL, NULL, 10, '10', 10, 10, 10, 10, 10, 10, 0, 0, 0, 0, 0, 0, 0, '2014', 'прискорений', 100),
(201, 47215934, 122, NULL, 4, NULL, 11, NULL, NULL, NULL, 9, '9', 9, 9, 9, 9, 9, 9, 0, 0, 0, 0, 0, 0, 0, '2014', 'прискорений', 55),
(202, 47215936, 122, NULL, 2, NULL, 9, NULL, NULL, NULL, 6, '6', 6, 6, 6, 6, 6, 6, 0, 0, 0, 0, 0, 0, 0, '2014', 'прискорений', 58),
(203, 47215957, 122, NULL, 3, NULL, 12, NULL, NULL, NULL, 8, '8', 8, 8, 8, 8, 8, 8, 0, 0, 0, 0, 0, 0, 0, '2014', 'прискорений', 71),
(204, 47215958, 122, NULL, 5, NULL, 8, NULL, NULL, NULL, 9, '9', 9, 9, 9, 9, 9, 9, 0, 0, 0, 0, 0, 0, 0, '2014', 'прискорений', 80),
(205, 47215959, 122, NULL, 4, NULL, 15, NULL, NULL, NULL, 10, '10', 10, 10, 10, 10, 10, 10, 0, 0, 0, 0, 0, 0, 0, '2014', 'прискорений', 84),
(206, 47215967, 122, NULL, 3, NULL, 7, NULL, NULL, NULL, 8, '8', 8, 8, 8, 8, 8, 8, 0, 0, 0, 0, 0, 0, 0, '2014', 'прискорений', 90),
(207, 47215968, 122, NULL, 2, NULL, 8, NULL, NULL, NULL, 7, '7', 7, 7, 7, 7, 7, 7, 0, 0, 0, 0, 0, 0, 0, '2014', 'прискорений', 89),
(208, 47215969, 122, NULL, 3, NULL, 14, NULL, NULL, NULL, 10, '10', 10, 10, 10, 10, 10, 10, 0, 0, 0, 0, 0, 0, 0, '2014', 'прискорений', 67),
(209, 47215975, 122, NULL, 5, NULL, 15, NULL, NULL, NULL, 9, '9', 9, 9, 9, 9, 9, 9, 0, 0, 0, 0, 0, 0, 0, '2014', 'прискорений', 75),
(210, 47501786, 122, NULL, 3, NULL, 9, NULL, NULL, NULL, 10, '10', 10, 10, 10, 10, 10, 10, 0, 0, 0, 0, 0, 0, 0, '2014', 'прискорений', 90),
(211, 45642956, 122, NULL, 4, NULL, 10, NULL, NULL, NULL, 6, '7', 9, 10, 6, 8, 9, 6, 0, 0, 0, 0, 0, 0, 0, '2014', 'прискорений', 65),
(212, 47004101, 123, NULL, 2, NULL, 25, NULL, NULL, NULL, 9, '9', 9, 9, 9, 9, 0, 0, 0, 0, 0, 0, 0, 0, 0, '2014', 'прискорений', 81),
(213, 47004112, 123, NULL, 3, NULL, 35, NULL, NULL, NULL, 6, '6', 6, 6, 6, 6, 0, 0, 0, 0, 0, 0, 0, 0, 0, '2014', 'прискорений', 65),
(214, 47215934, 123, NULL, 5, NULL, 28, NULL, NULL, NULL, 10, '10', 10, 10, 10, 10, 0, 0, 0, 0, 0, 0, 0, 0, 0, '2014', 'прискорений', 94),
(215, 47215936, 123, NULL, 3, NULL, 30, NULL, NULL, NULL, 9, '9', 9, 9, 9, 9, 0, 0, 0, 0, 0, 0, 0, 0, 0, '2014', 'прискорений', 100),
(216, 47215957, 123, NULL, 4, NULL, 32, NULL, NULL, NULL, 7, '7', 7, 7, 7, 7, 0, 0, 0, 0, 0, 0, 0, 0, 0, '2014', 'прискорений', 56),
(217, 47215958, 123, NULL, 3, NULL, 29, NULL, NULL, NULL, 8, '8', 8, 8, 8, 8, 0, 0, 0, 0, 0, 0, 0, 0, 0, '2014', 'прискорений', 68),
(218, 47215959, 123, NULL, 2, NULL, 27, NULL, NULL, NULL, 9, '9', 9, 9, 9, 9, 0, 0, 0, 0, 0, 0, 0, 0, 0, '2014', 'прискорений', 71),
(219, 47215967, 123, NULL, 5, NULL, 25, NULL, NULL, NULL, 10, '10', 10, 10, 10, 10, 0, 0, 0, 0, 0, 0, 0, 0, 0, '2014', 'прискорений', 80),
(220, 47215968, 123, NULL, 3, NULL, 21, NULL, NULL, NULL, 8, '8', 8, 8, 8, 8, 0, 0, 0, 0, 0, 0, 0, 0, 0, '2014', 'прискорений', 82),
(221, 47215969, 123, NULL, 2, NULL, 20, NULL, NULL, NULL, 7, '7', 7, 7, 7, 7, 0, 0, 0, 0, 0, 0, 0, 0, 0, '2014', 'прискорений', 100),
(222, 47215975, 123, NULL, 5, NULL, 34, NULL, NULL, NULL, 9, '9', 9, 9, 9, 9, 0, 0, 0, 0, 0, 0, 0, 0, 0, '2014', 'прискорений', 79),
(223, 47501786, 123, NULL, 3, NULL, 33, NULL, NULL, NULL, 9, '9', 9, 9, 9, 9, 0, 0, 0, 0, 0, 0, 0, 0, 0, '2014', 'прискорений', 82),
(224, 45642956, 123, NULL, 5, NULL, 30, NULL, NULL, NULL, 10, '10', 10, 10, 10, 10, 0, 0, 0, 0, 0, 0, 0, 0, 0, '2014', 'прискорений', 59),
(225, 47004101, 124, NULL, 1, NULL, 35, NULL, NULL, NULL, 4, '4', 4, 4, 4, 4, 4, 0, 0, 0, 0, 0, 0, 0, 0, '2014', 'прискорений', 67),
(226, 47004112, 124, NULL, 4, NULL, 40, NULL, NULL, NULL, 6, '6', 6, 6, 6, 6, 6, 0, 0, 0, 0, 0, 0, 0, 0, '2014', 'прискорений', 92),
(227, 47215934, 124, NULL, 3, NULL, 25, NULL, NULL, NULL, 8, '8', 8, 8, 8, 8, 8, 0, 0, 0, 0, 0, 0, 0, 0, '2014', 'прискорений', 75),
(228, 47215936, 124, NULL, 5, NULL, 28, NULL, NULL, NULL, 7, '7', 7, 7, 7, 7, 7, 0, 0, 0, 0, 0, 0, 0, 0, '2014', 'прискорений', 100),
(229, 47215957, 124, NULL, 5, NULL, 38, NULL, NULL, NULL, 8, '8', 8, 8, 8, 8, 8, 0, 0, 0, 0, 0, 0, 0, 0, '2014', 'прискорений', 90),
(230, 47215958, 124, NULL, 4, NULL, 37, NULL, NULL, NULL, 5, '5', 5, 5, 5, 5, 5, 0, 0, 0, 0, 0, 0, 0, 0, '2014', 'прискорений', 91),
(231, 47215959, 124, NULL, 3, NULL, 26, NULL, NULL, NULL, 6, '6', 6, 6, 6, 6, 6, 0, 0, 0, 0, 0, 0, 0, 0, '2014', 'прискорений', 74),
(232, 47215967, 124, NULL, 5, NULL, 31, NULL, NULL, NULL, 7, '7', 7, 7, 7, 7, 7, 0, 0, 0, 0, 0, 0, 0, 0, '2014', 'прискорений', 73),
(233, 47215968, 124, NULL, 5, NULL, 32, NULL, NULL, NULL, 8, '8', 8, 8, 8, 8, 8, 0, 0, 0, 0, 0, 0, 0, 0, '2014', 'прискорений', 82),
(234, 47215969, 124, NULL, 4, NULL, 40, NULL, NULL, NULL, 5, '5', 5, 5, 5, 5, 5, 0, 0, 0, 0, 0, 0, 0, 0, '2014', 'прискорений', 84),
(235, 47215975, 124, NULL, 4, NULL, 32, NULL, NULL, NULL, 7, '7', 7, 7, 7, 7, 7, 0, 0, 0, 0, 0, 0, 0, 0, '2014', 'прискорений', 81),
(236, 47501786, 124, NULL, 4, NULL, 38, NULL, NULL, NULL, 8, '8', 8, 8, 8, 8, 8, 0, 0, 0, 0, 0, 0, 0, 0, '2014', 'прискорений', 73),
(237, 45642956, 124, NULL, 3, NULL, 25, NULL, NULL, NULL, 8, '7', 6, 5, 6, 8, 7, 0, 0, 0, 0, 0, 0, 0, 0, '2014', 'прискорений', 65),
(238, 47004101, 125, NULL, 4, NULL, 29, NULL, NULL, NULL, 8, '8', 8, 8, 8, 8, 0, 0, 0, 0, 0, 0, 0, 0, 0, '2014', 'прискорений', 55),
(239, 47004112, 125, NULL, 3, NULL, 31, NULL, NULL, NULL, 7, '7', 7, 7, 7, 7, 0, 0, 0, 0, 0, 0, 0, 0, 0, '2014', 'прискорений', 100),
(240, 47215934, 125, NULL, 5, NULL, 32, NULL, NULL, NULL, 9, '9', 9, 9, 9, 9, 0, 0, 0, 0, 0, 0, 0, 0, 0, '2014', 'прискорений', 62),
(241, 47215936, 125, NULL, 4, NULL, 34, NULL, NULL, NULL, 10, '10', 10, 10, 10, 10, 0, 0, 0, 0, 0, 0, 0, 0, 0, '2014', 'прискорений', 63),
(242, 47215957, 125, NULL, 5, NULL, 36, NULL, NULL, NULL, 8, '8', 8, 8, 8, 8, 0, 0, 0, 0, 0, 0, 0, 0, 0, '2014', 'прискорений', 75),
(243, 47215958, 125, NULL, 4, NULL, 40, NULL, NULL, NULL, 7, '7', 7, 7, 7, 7, 0, 0, 0, 0, 0, 0, 0, 0, 0, '2014', 'прискорений', 65),
(244, 47215959, 125, NULL, 3, NULL, 32, NULL, NULL, NULL, 5, '5', 5, 5, 5, 5, 0, 0, 0, 0, 0, 0, 0, 0, 0, '2014', 'прискорений', 94),
(245, 47215967, 125, NULL, 2, NULL, 40, NULL, NULL, NULL, 6, '6', 6, 6, 6, 6, 0, 0, 0, 0, 0, 0, 0, 0, 0, '2014', 'прискорений', 100),
(246, 47215968, 125, NULL, 2, NULL, 33, NULL, NULL, NULL, 7, '7', 7, 7, 7, 7, 0, 0, 0, 0, 0, 0, 0, 0, 0, '2014', 'прискорений', 56),
(247, 47215969, 125, NULL, 1, NULL, 35, NULL, NULL, NULL, 9, '9', 9, 9, 9, 9, 0, 0, 0, 0, 0, 0, 0, 0, 0, '2014', 'прискорений', 65),
(248, 47215975, 125, NULL, 3, NULL, 28, NULL, NULL, NULL, 5, '5', 5, 5, 5, 5, 0, 0, 0, 0, 0, 0, 0, 0, 0, '2014', 'прискорений', 71),
(249, 47501786, 125, NULL, 2, NULL, 26, NULL, NULL, NULL, 6, '6', 6, 6, 6, 6, 0, 0, 0, 0, 0, 0, 0, 0, 0, '2014', 'прискорений', 80),
(250, 45642956, 125, NULL, 2, NULL, 32, NULL, NULL, NULL, 7, '7', 7, 7, 7, 7, 0, 0, 0, 0, 0, 0, 0, 0, 0, '2014', 'прискорений', 75),
(251, 17064413, 121, NULL, 3, NULL, 10, NULL, NULL, NULL, 10, '10', 10, 10, 0, 0, 0, 0, 0, 0, 0, 0, 0, 0, 0, '2017', 'прискорений', 91),
(252, 17083884, 121, NULL, 1, NULL, 8, NULL, NULL, NULL, 15, '15', 15, 15, 0, 0, 0, 0, 0, 0, 0, 0, 0, 0, 0, '2017', 'прискорений', 94),
(253, 17083926, 121, NULL, 3, NULL, 9, NULL, NULL, NULL, 14, '14', 14, 14, 0, 0, 0, 0, 0, 0, 0, 0, 0, 0, 0, '2017', 'прискорений', 100),
(254, 17083931, 121, NULL, 0, NULL, 12, NULL, NULL, NULL, 10, '10', 10, 10, 0, 0, 0, 0, 0, 0, 0, 0, 0, 0, 0, '2017', 'прискорений', 100),
(255, 17083932, 121, NULL, 2, NULL, 15, NULL, NULL, NULL, 9, '9', 9, 9, 0, 0, 0, 0, 0, 0, 0, 0, 0, 0, 0, '2017', 'прискорений', 90),
(256, 17083945, 121, NULL, 3, NULL, 14, NULL, NULL, NULL, 8, '8', 8, 8, 0, 0, 0, 0, 0, 0, 0, 0, 0, 0, 0, '2017', 'прискорений', 65),
(257, 17084042, 121, NULL, 1, NULL, 10, NULL, NULL, NULL, 7, '7', 7, 7, 0, 0, 0, 0, 0, 0, 0, 0, 0, 0, 0, '2017', 'прискорений', 75),
(258, 17084045, 121, NULL, 3, NULL, 11, NULL, NULL, NULL, 10, '10', 10, 10, 0, 0, 0, 0, 0, 0, 0, 0, 0, 0, 0, '2017', 'прискорений', 100),
(259, 17139555, 121, NULL, 4, NULL, 9, NULL, NULL, NULL, 13, '13', 13, 13, 0, 0, 0, 0, 0, 0, 0, 0, 0, 0, 0, '2017', 'прискорений', 78),
(260, 17139561, 121, NULL, 3, NULL, 10, NULL, NULL, NULL, 8, '8', 8, 8, 0, 0, 0, 0, 0, 0, 0, 0, 0, 0, 0, '2017', 'прискорений', 84),
(261, 17139564, 121, NULL, 5, NULL, 12, NULL, NULL, NULL, 12, '12', 12, 12, 0, 0, 0, 0, 0, 0, 0, 0, 0, 0, 0, '2017', 'прискорений', 82),
(262, 17139565, 121, NULL, 5, NULL, 11, NULL, NULL, NULL, 9, '9', 9, 9, 0, 0, 0, 0, 0, 0, 0, 0, 0, 0, 0, '2017', 'прискорений', 89),
(263, 39156080, 121, NULL, 4, NULL, 8, NULL, NULL, NULL, 15, '10', 7, 10, 0, 0, 0, 0, 0, 0, 0, 0, 0, 0, 0, '2017', 'прискорений', 65),
(264, 17064413, 122, NULL, 3, NULL, 15, NULL, NULL, NULL, 7, '7', 7, 7, 7, 7, 7, 7, 0, 0, 0, 0, 0, 0, 0, '2017', 'прискорений', 93),
(265, 17083884, 122, NULL, 5, NULL, 10, NULL, NULL, NULL, 10, '10', 10, 10, 10, 10, 10, 10, 0, 0, 0, 0, 0, 0, 0, '2017', 'прискорений', 100),
(266, 17083926, 122, NULL, 5, NULL, 11, NULL, NULL, NULL, 9, '9', 9, 9, 9, 9, 9, 9, 0, 0, 0, 0, 0, 0, 0, '2017', 'прискорений', 55),
(267, 17083931, 122, NULL, 4, NULL, 9, NULL, NULL, NULL, 6, '6', 6, 6, 6, 6, 6, 6, 0, 0, 0, 0, 0, 0, 0, '2017', 'прискорений', 58),
(268, 17083932, 122, NULL, 4, NULL, 12, NULL, NULL, NULL, 8, '8', 8, 8, 8, 8, 8, 8, 0, 0, 0, 0, 0, 0, 0, '2017', 'прискорений', 71),
(269, 17083945, 122, NULL, 4, NULL, 8, NULL, NULL, NULL, 9, '9', 9, 9, 9, 9, 9, 9, 0, 0, 0, 0, 0, 0, 0, '2017', 'прискорений', 80),
(270, 17084042, 122, NULL, 3, NULL, 15, NULL, NULL, NULL, 10, '10', 10, 10, 10, 10, 10, 10, 0, 0, 0, 0, 0, 0, 0, '2017', 'прискорений', 84),
(271, 17084045, 122, NULL, 4, NULL, 7, NULL, NULL, NULL, 8, '8', 8, 8, 8, 8, 8, 8, 0, 0, 0, 0, 0, 0, 0, '2017', 'прискорений', 90),
(272, 17139555, 122, NULL, 3, NULL, 8, NULL, NULL, NULL, 7, '7', 7, 7, 7, 7, 7, 7, 0, 0, 0, 0, 0, 0, 0, '2017', 'прискорений', 89),
(273, 17139561, 122, NULL, 5, NULL, 14, NULL, NULL, NULL, 10, '10', 10, 10, 10, 10, 10, 10, 0, 0, 0, 0, 0, 0, 0, '2017', 'прискорений', 67),
(274, 17139564, 122, NULL, 4, NULL, 15, NULL, NULL, NULL, 9, '9', 9, 9, 9, 9, 9, 9, 0, 0, 0, 0, 0, 0, 0, '2017', 'прискорений', 75),
(275, 17139565, 122, NULL, 5, NULL, 9, NULL, NULL, NULL, 10, '10', 10, 10, 10, 10, 10, 10, 0, 0, 0, 0, 0, 0, 0, '2017', 'прискорений', 90),
(276, 39156080, 122, NULL, 4, NULL, 10, NULL, NULL, NULL, 6, '7', 9, 10, 6, 8, 9, 6, 0, 0, 0, 0, 0, 0, 0, '2017', 'прискорений', 65),
(277, 17064413, 123, NULL, 3, NULL, 25, NULL, NULL, NULL, 9, '9', 9, 9, 9, 9, 0, 0, 0, 0, 0, 0, 0, 0, 0, '2017', 'прискорений', 81),
(278, 17083884, 123, NULL, 2, NULL, 35, NULL, NULL, NULL, 6, '6', 6, 6, 6, 6, 0, 0, 0, 0, 0, 0, 0, 0, 0, '2017', 'прискорений', 65),
(279, 17083926, 123, NULL, 2, NULL, 30, NULL, NULL, NULL, 10, '10', 10, 10, 10, 10, 0, 0, 0, 0, 0, 0, 0, 0, 0, '2017', 'прискорений', 94),
(280, 17083931, 123, NULL, 1, NULL, 27, NULL, NULL, NULL, 9, '9', 9, 9, 9, 9, 0, 0, 0, 0, 0, 0, 0, 0, 0, '2017', 'прискорений', 100),
(281, 17083932, 123, NULL, 3, NULL, 28, NULL, NULL, NULL, 7, '7', 7, 7, 7, 7, 0, 0, 0, 0, 0, 0, 0, 0, 0, '2017', 'прискорений', 56),
(282, 17083945, 123, NULL, 2, NULL, 32, NULL, NULL, NULL, 8, '8', 8, 8, 8, 8, 0, 0, 0, 0, 0, 0, 0, 0, 0, '2017', 'прискорений', 68),
(283, 17084042, 123, NULL, 2, NULL, 29, NULL, NULL, NULL, 9, '9', 9, 9, 9, 9, 0, 0, 0, 0, 0, 0, 0, 0, 0, '2017', 'прискорений', 71),
(284, 17084045, 123, NULL, 3, NULL, 35, NULL, NULL, NULL, 10, '10', 10, 10, 10, 10, 0, 0, 0, 0, 0, 0, 0, 0, 0, '2017', 'прискорений', 80),
(285, 17139555, 123, NULL, 4, NULL, 34, NULL, NULL, NULL, 8, '8', 8, 8, 8, 8, 0, 0, 0, 0, 0, 0, 0, 0, 0, '2017', 'прискорений', 82),
(286, 17139561, 123, NULL, 3, NULL, 30, NULL, NULL, NULL, 7, '7', 7, 7, 7, 7, 0, 0, 0, 0, 0, 0, 0, 0, 0, '2017', 'прискорений', 100),
(287, 17139564, 123, NULL, 5, NULL, 31, NULL, NULL, NULL, 9, '9', 9, 9, 9, 9, 0, 0, 0, 0, 0, 0, 0, 0, 0, '2017', 'прискорений', 79),
(288, 17139565, 123, NULL, 5, NULL, 29, NULL, NULL, NULL, 9, '9', 9, 9, 9, 9, 0, 0, 0, 0, 0, 0, 0, 0, 0, '2017', 'прискорений', 82),
(289, 39156080, 123, NULL, 4, NULL, 35, NULL, NULL, NULL, 10, '10', 10, 10, 10, 10, 0, 0, 0, 0, 0, 0, 0, 0, 0, '2017', 'прискорений', 59),
(290, 17064413, 124, NULL, 3, NULL, 25, NULL, NULL, NULL, 4, '4', 4, 4, 4, 4, 4, 0, 0, 0, 0, 0, 0, 0, 0, '2017', 'прискорений', 67),
(291, 17083884, 124, NULL, 5, NULL, 35, NULL, NULL, NULL, 6, '6', 6, 6, 6, 6, 6, 0, 0, 0, 0, 0, 0, 0, 0, '2017', 'прискорений', 92),
(292, 17083926, 124, NULL, 5, NULL, 40, NULL, NULL, NULL, 8, '8', 8, 8, 8, 8, 8, 0, 0, 0, 0, 0, 0, 0, 0, '2017', 'прискорений', 75),
(293, 17083931, 124, NULL, 4, NULL, 29, NULL, NULL, NULL, 7, '7', 7, 7, 7, 7, 7, 0, 0, 0, 0, 0, 0, 0, 0, '2017', 'прискорений', 100),
(294, 17083932, 124, NULL, 4, NULL, 38, NULL, NULL, NULL, 8, '8', 8, 8, 8, 8, 8, 0, 0, 0, 0, 0, 0, 0, 0, '2017', 'прискорений', 90),
(295, 17083945, 124, NULL, 4, NULL, 37, NULL, NULL, NULL, 5, '5', 5, 5, 5, 5, 5, 0, 0, 0, 0, 0, 0, 0, 0, '2017', 'прискорений', 91),
(296, 17084042, 124, NULL, 3, NULL, 26, NULL, NULL, NULL, 6, '6', 6, 6, 6, 6, 6, 0, 0, 0, 0, 0, 0, 0, 0, '2017', 'прискорений', 74),
(297, 17084045, 124, NULL, 4, NULL, 31, NULL, NULL, NULL, 7, '7', 7, 7, 7, 7, 7, 0, 0, 0, 0, 0, 0, 0, 0, '2017', 'прискорений', 73),
(298, 17139555, 124, NULL, 3, NULL, 32, NULL, NULL, NULL, 8, '8', 8, 8, 8, 8, 8, 0, 0, 0, 0, 0, 0, 0, 0, '2017', 'прискорений', 82),
(299, 17139561, 124, NULL, 5, NULL, 40, NULL, NULL, NULL, 5, '5', 5, 5, 5, 5, 5, 0, 0, 0, 0, 0, 0, 0, 0, '2017', 'прискорений', 84),
(300, 17139564, 124, NULL, 4, NULL, 32, NULL, NULL, NULL, 7, '7', 7, 7, 7, 7, 7, 0, 0, 0, 0, 0, 0, 0, 0, '2017', 'прискорений', 81),
(301, 17139565, 124, NULL, 5, NULL, 38, NULL, NULL, NULL, 8, '8', 8, 8, 8, 8, 8, 0, 0, 0, 0, 0, 0, 0, 0, '2017', 'прискорений', 73),
(302, 39156080, 124, NULL, 4, NULL, 25, NULL, NULL, NULL, 8, '7', 6, 5, 6, 8, 7, 0, 0, 0, 0, 0, 0, 0, 0, '2017', 'прискорений', 65),
(303, 17064413, 125, NULL, 3, NULL, 29, NULL, NULL, NULL, 8, '8', 8, 8, 8, 8, 0, 0, 0, 0, 0, 0, 0, 0, 0, '2017', 'прискорений', 55),
(304, 17083884, 125, NULL, 2, NULL, 31, NULL, NULL, NULL, 7, '7', 7, 7, 7, 7, 0, 0, 0, 0, 0, 0, 0, 0, 0, '2017', 'прискорений', 100),
(305, 17083926, 125, NULL, 2, NULL, 32, NULL, NULL, NULL, 9, '9', 9, 9, 9, 9, 0, 0, 0, 0, 0, 0, 0, 0, 0, '2017', 'прискорений', 62),
(306, 17083931, 125, NULL, 1, NULL, 34, NULL, NULL, NULL, 10, '10', 10, 10, 10, 10, 0, 0, 0, 0, 0, 0, 0, 0, 0, '2017', 'прискорений', 63),
(307, 17083932, 125, NULL, 3, NULL, 36, NULL, NULL, NULL, 8, '8', 8, 8, 8, 8, 0, 0, 0, 0, 0, 0, 0, 0, 0, '2017', 'прискорений', 75),
(308, 17083945, 125, NULL, 2, NULL, 40, NULL, NULL, NULL, 7, '7', 7, 7, 7, 7, 0, 0, 0, 0, 0, 0, 0, 0, 0, '2017', 'прискорений', 65),
(309, 17084042, 125, NULL, 2, NULL, 32, NULL, NULL, NULL, 5, '5', 5, 5, 5, 5, 0, 0, 0, 0, 0, 0, 0, 0, 0, '2017', 'прискорений', 94),
(310, 17084045, 125, NULL, 3, NULL, 40, NULL, NULL, NULL, 6, '6', 6, 6, 6, 6, 0, 0, 0, 0, 0, 0, 0, 0, 0, '2017', 'прискорений', 100),
(311, 17139555, 125, NULL, 1, NULL, 33, NULL, NULL, NULL, 7, '7', 7, 7, 7, 7, 0, 0, 0, 0, 0, 0, 0, 0, 0, '2017', 'прискорений', 56),
(312, 17139561, 125, NULL, 3, NULL, 35, NULL, NULL, NULL, 9, '9', 9, 9, 9, 9, 0, 0, 0, 0, 0, 0, 0, 0, 0, '2017', 'прискорений', 65),
(313, 17139564, 125, NULL, 0, NULL, 28, NULL, NULL, NULL, 5, '5', 5, 5, 5, 5, 0, 0, 0, 0, 0, 0, 0, 0, 0, '2017', 'прискорений', 71),
(314, 17139565, 125, NULL, 2, NULL, 26, NULL, NULL, NULL, 6, '6', 6, 6, 6, 6, 0, 0, 0, 0, 0, 0, 0, 0, 0, '2017', 'прискорений', 80),
(315, 39156080, 125, NULL, 3, NULL, 32, NULL, NULL, NULL, 7, '7', 7, 7, 7, 7, 0, 0, 0, 0, 0, 0, 0, 0, 0, '2017', 'прискорений', 75),
(316, 16042914, 121, NULL, 4, NULL, 26, NULL, NULL, NULL, 11, '8', 13, 11, 0, 0, 0, 0, 0, 0, 0, 0, 0, 0, 0, '2016', 'прискорений', 84),
(317, 16042917, 121, NULL, 3, NULL, 32, NULL, NULL, NULL, 12, '9', 12, 15, 0, 0, 0, 0, 0, 0, 0, 0, 0, 0, 0, '2016', 'прискорений', 56),
(318, 16042918, 121, NULL, 5, NULL, 40, NULL, NULL, NULL, 9, '10', 14, 14, 0, 0, 0, 0, 0, 0, 0, 0, 0, 0, 0, '2016', 'прискорений', 100),
(319, 16042919, 121, NULL, 5, NULL, 35, NULL, NULL, NULL, 10, '8', 10, 10, 0, 0, 0, 0, 0, 0, 0, 0, 0, 0, 0, '2016', 'прискорений', 79),
(320, 16048210, 121, NULL, 4, NULL, 39, NULL, NULL, NULL, 13, '8', 11, 9, 0, 0, 0, 0, 0, 0, 0, 0, 0, 0, 0, '2016', 'прискорений', 82),
(321, 16070925, 121, NULL, 3, NULL, 28, NULL, NULL, NULL, 15, '8', 13, 13, 0, 0, 0, 0, 0, 0, 0, 0, 0, 0, 0, '2016', 'прискорений', 59),
(322, 16070940, 121, NULL, 5, NULL, 29, NULL, NULL, NULL, 14, '9', 12, 12, 0, 0, 0, 0, 0, 0, 0, 0, 0, 0, 0, '2016', 'прискорений', 67),
(323, 16070950, 121, NULL, 5, NULL, 27, NULL, NULL, NULL, 15, '8', 10, 14, 0, 0, 0, 0, 0, 0, 0, 0, 0, 0, 0, '2016', 'прискорений', 92),
(324, 16070952, 121, NULL, 4, NULL, 36, NULL, NULL, NULL, 12, '9', 9, 13, 0, 0, 0, 0, 0, 0, 0, 0, 0, 0, 0, '2016', 'прискорений', 75),
(325, 16117948, 121, NULL, 4, NULL, 35, NULL, NULL, NULL, 10, '10', 7, 12, 0, 0, 0, 0, 0, 0, 0, 0, 0, 0, 0, '2016', 'прискорений', 100),
(326, 16117950, 121, NULL, 4, NULL, 34, NULL, NULL, NULL, 9, '9', 12, 9, 0, 0, 0, 0, 0, 0, 0, 0, 0, 0, 0, '2016', 'прискорений', 90),
(327, 16117955, 121, NULL, 3, NULL, 33, NULL, NULL, NULL, 12, '9', 11, 12, 0, 0, 0, 0, 0, 0, 0, 0, 0, 0, 0, '2016', 'прискорений', 91),
(328, 16117959, 121, NULL, 4, NULL, 40, NULL, NULL, NULL, 15, '9', 8, 11, 0, 0, 0, 0, 0, 0, 0, 0, 0, 0, 0, '2016', 'прискорений', 74),
(329, 16117966, 121, NULL, 3, NULL, 39, NULL, NULL, NULL, 14, '8', 13, 10, 0, 0, 0, 0, 0, 0, 0, 0, 0, 0, 0, '2016', 'прискорений', 73),
(330, 16117969, 121, NULL, 5, NULL, 38, NULL, NULL, NULL, 10, '9', 8, 15, 0, 0, 0, 0, 0, 0, 0, 0, 0, 0, 0, '2016', 'прискорений', 82),
(331, 16117972, 121, NULL, 4, NULL, 37, NULL, NULL, NULL, 9, '10', 9, 14, 0, 0, 0, 0, 0, 0, 0, 0, 0, 0, 0, '2016', 'прискорений', 84),
(332, 16117977, 121, NULL, 5, NULL, 26, NULL, NULL, NULL, 11, '9', 9, 13, 0, 0, 0, 0, 0, 0, 0, 0, 0, 0, 0, '2016', 'прискорений', 81),
(333, 16128724, 121, NULL, 4, NULL, 35, NULL, NULL, NULL, 12, '10', 10, 12, 0, 0, 0, 0, 0, 0, 0, 0, 0, 0, 0, '2016', 'прискорений', 73),
(334, 16128725, 121, NULL, 3, NULL, 38, NULL, NULL, NULL, 14, '9', 11, 14, 0, 0, 0, 0, 0, 0, 0, 0, 0, 0, 0, '2016', 'прискорений', 66),
(335, 16128726, 121, NULL, 2, NULL, 9, NULL, NULL, NULL, 9, '10', 7, 8, 0, 0, 0, 0, 0, 0, 0, 0, 0, 0, 0, '2016', 'прискорений', 70),
(336, 16042914, 122, NULL, 2, NULL, 12, NULL, NULL, NULL, 8, '8', 8, 8, 8, 8, 8, 8, 0, 0, 0, 0, 0, 0, 0, '2016', 'прискорений', 55),
(337, 16042917, 122, NULL, 1, NULL, 15, NULL, NULL, NULL, 9, '9', 9, 9, 9, 9, 9, 9, 0, 0, 0, 0, 0, 0, 0, '2016', 'прискорений', 100),
(338, 16042918, 122, NULL, 3, NULL, 14, NULL, NULL, NULL, 10, '10', 10, 10, 10, 10, 10, 10, 0, 0, 0, 0, 0, 0, 0, '2016', 'прискорений', 62),
(339, 16042919, 122, NULL, 2, NULL, 17, NULL, NULL, NULL, 10, '10', 10, 10, 10, 10, 10, 10, 0, 0, 0, 0, 0, 0, 0, '2016', 'прискорений', 63),
(340, 16048210, 122, NULL, 2, NULL, 16, NULL, NULL, NULL, 10, '10', 10, 10, 10, 10, 10, 10, 0, 0, 0, 0, 0, 0, 0, '2016', 'прискорений', 75),
(341, 16070925, 122, NULL, 3, NULL, 13, NULL, NULL, NULL, 9, '9', 9, 9, 9, 9, 9, 9, 0, 0, 0, 0, 0, 0, 0, '2016', 'прискорений', 86),
(342, 16070940, 122, NULL, 1, NULL, 10, NULL, NULL, NULL, 7, '7', 7, 7, 7, 7, 7, 7, 0, 0, 0, 0, 0, 0, 0, '2016', 'прискорений', 100),
(343, 16070950, 122, NULL, 3, NULL, 9, NULL, NULL, NULL, 8, '8', 8, 8, 8, 8, 8, 8, 0, 0, 0, 0, 0, 0, 0, '2016', 'прискорений', 55),
(344, 16070952, 122, NULL, 0, NULL, 10, NULL, NULL, NULL, 6, '6', 6, 6, 6, 6, 6, 6, 0, 0, 0, 0, 0, 0, 0, '2016', 'прискорений', 84),
(345, 16117948, 122, NULL, 2, NULL, 11, NULL, NULL, NULL, 10, '10', 10, 10, 10, 10, 10, 10, 0, 0, 0, 0, 0, 0, 0, '2016', 'прискорений', 87),
(346, 16117950, 122, NULL, 3, NULL, 14, NULL, NULL, NULL, 8, '8', 8, 8, 8, 8, 8, 8, 0, 0, 0, 0, 0, 0, 0, '2016', 'прискорений', 89),
(347, 16117955, 122, NULL, 1, NULL, 15, NULL, NULL, NULL, 9, '9', 9, 9, 9, 9, 9, 9, 0, 0, 0, 0, 0, 0, 0, '2016', 'прискорений', 93),
(348, 16117959, 122, NULL, 3, NULL, 12, NULL, NULL, NULL, 8, '8', 8, 8, 8, 8, 8, 8, 0, 0, 0, 0, 0, 0, 0, '2016', 'прискорений', 96),
(349, 16117966, 122, NULL, 0, NULL, 16, NULL, NULL, NULL, 9, '9', 9, 9, 9, 9, 9, 9, 0, 0, 0, 0, 0, 0, 0, '2016', 'прискорений', 64),
(350, 16117969, 122, NULL, 1, NULL, 17, NULL, NULL, NULL, 10, '10', 10, 10, 10, 10, 10, 10, 0, 0, 0, 0, 0, 0, 0, '2016', 'прискорений', 57),
(351, 16117972, 122, NULL, 2, NULL, 13, NULL, NULL, NULL, 8, '8', 8, 8, 8, 8, 8, 8, 0, 0, 0, 0, 0, 0, 0, '2016', 'прискорений', 69),
(352, 16117977, 122, NULL, 3, NULL, 12, NULL, NULL, NULL, 9, '9', 9, 9, 9, 9, 9, 9, 0, 0, 0, 0, 0, 0, 0, '2016', 'прискорений', 74),
(353, 16128724, 122, NULL, 1, NULL, 10, NULL, NULL, NULL, 8, '7', 8, 8, 8, 8, 8, 8, 0, 0, 0, 0, 0, 0, 0, '2016', 'прискорений', 96),
(354, 16128725, 122, NULL, 2, NULL, 9, NULL, NULL, NULL, 9, '9', 9, 9, 9, 9, 9, 9, 0, 0, 0, 0, 0, 0, 0, '2016', 'прискорений', 56),
(355, 16128726, 122, NULL, 2, NULL, 10, NULL, NULL, NULL, 10, '10', 10, 10, 10, 10, 10, 10, 0, 0, 0, 0, 0, 0, 0, '2016', 'прискорений', 55),
(356, 16042914, 123, NULL, 3, NULL, 25, NULL, NULL, NULL, 7, '7', 7, 7, 7, 7, 0, 0, 0, 0, 0, 0, 0, 0, 0, '2016', 'прискорений', 82),
(357, 16042917, 123, NULL, 4, NULL, 24, NULL, NULL, NULL, 9, '9', 9, 9, 9, 9, 0, 0, 0, 0, 0, 0, 0, 0, 0, '2016', 'прискорений', 81),
(358, 16042918, 123, NULL, 2, NULL, 32, NULL, NULL, NULL, 10, '10', 10, 10, 10, 10, 0, 0, 0, 0, 0, 0, 0, 0, 0, '2016', 'прискорений', 93),
(359, 16042919, 123, NULL, 0, NULL, 35, NULL, NULL, NULL, 8, '8', 8, 8, 8, 8, 0, 0, 0, 0, 0, 0, 0, 0, 0, '2016', 'прискорений', 75),
(360, 16048210, 123, NULL, 1, NULL, 34, NULL, NULL, NULL, 9, '9', 9, 9, 9, 9, 0, 0, 0, 0, 0, 0, 0, 0, 0, '2016', 'прискорений', 60),
(361, 16070925, 123, NULL, 5, NULL, 27, NULL, NULL, NULL, 7, '7', 7, 7, 7, 7, 0, 0, 0, 0, 0, 0, 0, 0, 0, '2016', 'прискорений', 64),
(362, 16070940, 123, NULL, 3, NULL, 33, NULL, NULL, NULL, 6, '6', 6, 6, 6, 6, 0, 0, 0, 0, 0, 0, 0, 0, 0, '2016', 'прискорений', 68),
(363, 16070950, 123, NULL, 4, NULL, 25, NULL, NULL, NULL, 8, '8', 8, 8, 8, 8, 0, 0, 0, 0, 0, 0, 0, 0, 0, '2016', 'прискорений', 76),
(364, 16070952, 123, NULL, 5, NULL, 24, NULL, NULL, NULL, 9, '9', 9, 9, 9, 9, 0, 0, 0, 0, 0, 0, 0, 0, 0, '2016', 'прискорений', 79),
(365, 16117948, 123, NULL, 5, NULL, 23, NULL, NULL, NULL, 10, '10', 10, 10, 10, 10, 0, 0, 0, 0, 0, 0, 0, 0, 0, '2016', 'прискорений', 87),
(366, 16117950, 123, NULL, 4, NULL, 32, NULL, NULL, NULL, 10, '10', 10, 10, 10, 10, 0, 0, 0, 0, 0, 0, 0, 0, 0, '2016', 'прискорений', 89),
(367, 16117955, 123, NULL, 3, NULL, 33, NULL, NULL, NULL, 9, '9', 9, 9, 9, 9, 0, 0, 0, 0, 0, 0, 0, 0, 0, '2016', 'прискорений', 91),
(368, 16117959, 123, NULL, 2, NULL, 34, NULL, NULL, NULL, 7, '7', 7, 7, 7, 7, 0, 0, 0, 0, 0, 0, 0, 0, 0, '2016', 'прискорений', 93),
(369, 16117966, 123, NULL, 5, NULL, 35, NULL, NULL, NULL, 9, '9', 9, 9, 9, 9, 0, 0, 0, 0, 0, 0, 0, 0, 0, '2016', 'прискорений', 85),
(370, 16117969, 123, NULL, 3, NULL, 32, NULL, NULL, NULL, 10, '10', 10, 10, 10, 10, 0, 0, 0, 0, 0, 0, 0, 0, 0, '2016', 'прискорений', 91),
(371, 16117972, 123, NULL, 2, NULL, 33, NULL, NULL, NULL, 6, '6', 6, 6, 6, 6, 0, 0, 0, 0, 0, 0, 0, 0, 0, '2016', 'прискорений', 94),
(372, 16117977, 123, NULL, 4, NULL, 30, NULL, NULL, NULL, 8, '8', 8, 8, 8, 8, 0, 0, 0, 0, 0, 0, 0, 0, 0, '2016', 'прискорений', 100),
(373, 16128724, 123, NULL, 5, NULL, 31, NULL, NULL, NULL, 7, '7', 7, 7, 7, 7, 0, 0, 0, 0, 0, 0, 0, 0, 0, '2016', 'прискорений', 100),
(374, 16128725, 123, NULL, 3, NULL, 28, NULL, NULL, NULL, 10, '10', 10, 10, 10, 10, 0, 0, 0, 0, 0, 0, 0, 0, 0, '2016', 'прискорений', 91),
(375, 16128726, 123, NULL, 1, NULL, 65, NULL, NULL, NULL, 7, '7', 7, 7, 7, 7, 0, 0, 0, 0, 0, 0, 0, 0, 0, '2016', 'прискорений', 85),
(376, 16042914, 124, NULL, 4, NULL, 25, NULL, NULL, NULL, 4, '4', 4, 4, 4, 4, 4, 0, 0, 0, 0, 0, 0, 0, 0, '2016', 'прискорений', 67),
(377, 16042917, 124, NULL, 3, NULL, 35, NULL, NULL, NULL, 6, '6', 6, 6, 6, 6, 6, 0, 0, 0, 0, 0, 0, 0, 0, '2016', 'прискорений', 92),
(378, 16042918, 124, NULL, 5, NULL, 40, NULL, NULL, NULL, 8, '8', 8, 8, 8, 8, 8, 0, 0, 0, 0, 0, 0, 0, 0, '2016', 'прискорений', 75),
(379, 16042919, 124, NULL, 5, NULL, 29, NULL, NULL, NULL, 7, '7', 7, 7, 7, 7, 7, 0, 0, 0, 0, 0, 0, 0, 0, '2016', 'прискорений', 100),
(380, 16048210, 124, NULL, 4, NULL, 38, NULL, NULL, NULL, 8, '8', 8, 8, 8, 8, 8, 0, 0, 0, 0, 0, 0, 0, 0, '2016', 'прискорений', 90),
(381, 16070925, 124, NULL, 3, NULL, 37, NULL, NULL, NULL, 5, '5', 5, 5, 5, 5, 5, 0, 0, 0, 0, 0, 0, 0, 0, '2016', 'прискорений', 91),
(382, 16070940, 124, NULL, 5, NULL, 26, NULL, NULL, NULL, 6, '6', 6, 6, 6, 6, 6, 0, 0, 0, 0, 0, 0, 0, 0, '2016', 'прискорений', 74),
(383, 16070950, 124, NULL, 5, NULL, 31, NULL, NULL, NULL, 7, '7', 7, 7, 7, 7, 7, 0, 0, 0, 0, 0, 0, 0, 0, '2016', 'прискорений', 73),
(384, 16070952, 124, NULL, 4, NULL, 32, NULL, NULL, NULL, 8, '8', 8, 8, 8, 8, 8, 0, 0, 0, 0, 0, 0, 0, 0, '2016', 'прискорений', 82),
(385, 16117948, 124, NULL, 4, NULL, 40, NULL, NULL, NULL, 5, '5', 5, 5, 5, 5, 5, 0, 0, 0, 0, 0, 0, 0, 0, '2016', 'прискорений', 84),
(386, 16117950, 124, NULL, 4, NULL, 32, NULL, NULL, NULL, 7, '7', 7, 7, 7, 7, 7, 0, 0, 0, 0, 0, 0, 0, 0, '2016', 'прискорений', 81),
(387, 16117955, 124, NULL, 3, NULL, 38, NULL, NULL, NULL, 8, '8', 8, 8, 8, 8, 8, 0, 0, 0, 0, 0, 0, 0, 0, '2016', 'прискорений', 73),
(388, 16117959, 124, NULL, 4, NULL, 25, NULL, NULL, NULL, 8, '7', 6, 5, 6, 8, 7, 0, 0, 0, 0, 0, 0, 0, 0, '2016', 'прискорений', 65),
(389, 16117966, 124, NULL, 3, NULL, 26, NULL, NULL, NULL, 6, '6', 6, 6, 6, 6, 6, 0, 0, 0, 0, 0, 0, 0, 0, '2016', 'прискорений', 74),
(390, 16117969, 124, NULL, 5, NULL, 31, NULL, NULL, NULL, 7, '7', 7, 7, 7, 7, 7, 0, 0, 0, 0, 0, 0, 0, 0, '2016', 'прискорений', 73),
(391, 16117972, 124, NULL, 4, NULL, 32, NULL, NULL, NULL, 8, '8', 8, 8, 8, 8, 8, 0, 0, 0, 0, 0, 0, 0, 0, '2016', 'прискорений', 82),
(392, 16117977, 124, NULL, 5, NULL, 40, NULL, NULL, NULL, 5, '5', 5, 5, 5, 5, 5, 0, 0, 0, 0, 0, 0, 0, 0, '2016', 'прискорений', 84),
(393, 16128724, 124, NULL, 4, NULL, 32, NULL, NULL, NULL, 7, '7', 7, 7, 7, 7, 7, 0, 0, 0, 0, 0, 0, 0, 0, '2016', 'прискорений', 81),
(394, 16128725, 124, NULL, 3, NULL, 38, NULL, NULL, NULL, 8, '8', 8, 8, 8, 8, 8, 0, 0, 0, 0, 0, 0, 0, 0, '2016', 'прискорений', 73),
(395, 16128726, 124, NULL, 2, NULL, 25, NULL, NULL, NULL, 8, '7', 6, 5, 6, 8, 7, 0, 0, 0, 0, 0, 0, 0, 0, '2016', 'прискорений', 65),
(396, 16042914, 125, NULL, 2, NULL, 25, NULL, NULL, NULL, 7, '7', 7, 7, 7, 7, 0, 0, 0, 0, 0, 0, 0, 0, 0, '2016', 'прискорений', 90),
(397, 16042917, 125, NULL, 1, NULL, 35, NULL, NULL, NULL, 8, '8', 8, 8, 8, 8, 0, 0, 0, 0, 0, 0, 0, 0, 0, '2016', 'прискорений', 81),
(398, 16042918, 125, NULL, 3, NULL, 40, NULL, NULL, NULL, 5, '5', 10, 5, 5, 5, 0, 0, 0, 0, 0, 0, 0, 0, 0, '2016', 'прискорений', 65),
(399, 16042919, 125, NULL, 2, NULL, 25, NULL, NULL, NULL, 8, '8', 8, 8, 8, 8, 0, 0, 0, 0, 0, 0, 0, 0, 0, '2016', 'прискорений', 94),
(400, 16048210, 125, NULL, 2, NULL, 35, NULL, NULL, NULL, 7, '7', 7, 7, 7, 7, 0, 0, 0, 0, 0, 0, 0, 0, 0, '2016', 'прискорений', 100),
(401, 16070925, 125, NULL, 3, NULL, 35, NULL, NULL, NULL, 6, '6', 10, 6, 6, 6, 0, 0, 0, 0, 0, 0, 0, 0, 0, '2016', 'прискорений', 56),
(402, 16070940, 125, NULL, 1, NULL, 35, NULL, NULL, NULL, 7, '7', 7, 7, 7, 7, 0, 0, 0, 0, 0, 0, 0, 0, 0, '2016', 'прискорений', 68),
(403, 16070950, 125, NULL, 3, NULL, 40, NULL, NULL, NULL, 8, '8', 8, 8, 8, 8, 0, 0, 0, 0, 0, 0, 0, 0, 0, '2016', 'прискорений', 71),
(404, 16070952, 125, NULL, 0, NULL, 30, NULL, NULL, NULL, 9, '9', 9, 9, 9, 9, 0, 0, 0, 0, 0, 0, 0, 0, 0, '2016', 'прискорений', 80),
(405, 16117948, 125, NULL, 2, NULL, 34, NULL, NULL, NULL, 9, '9', 9, 9, 9, 9, 0, 0, 0, 0, 0, 0, 0, 0, 0, '2016', 'прискорений', 82),
(406, 16117950, 125, NULL, 3, NULL, 38, NULL, NULL, NULL, 5, '5', 5, 5, 5, 5, 0, 0, 0, 0, 0, 0, 0, 0, 0, '2016', 'прискорений', 65),
(407, 16117955, 125, NULL, 1, NULL, 40, NULL, NULL, NULL, 6, '6', 6, 6, 6, 6, 0, 0, 0, 0, 0, 0, 0, 0, 0, '2016', 'прискорений', 91),
(408, 16117959, 125, NULL, 3, NULL, 28, NULL, NULL, NULL, 7, '7', 7, 7, 7, 7, 0, 0, 0, 0, 0, 0, 0, 0, 0, '2016', 'прискорений', 75),
(409, 16117966, 125, NULL, 0, NULL, 35, NULL, NULL, NULL, 8, '8', 8, 8, 8, 8, 0, 0, 0, 0, 0, 0, 0, 0, 0, '2016', 'прискорений', 70),
(410, 16117969, 125, NULL, 1, NULL, 38, NULL, NULL, NULL, 9, '9', 9, 9, 9, 9, 0, 0, 0, 0, 0, 0, 0, 0, 0, '2016', 'прискорений', 69),
(411, 16117972, 125, NULL, 2, NULL, 40, NULL, NULL, NULL, 5, '5', 5, 5, 5, 5, 0, 0, 0, 0, 0, 0, 0, 0, 0, '2016', 'прискорений', 82),
(412, 16117977, 125, NULL, 3, NULL, 36, NULL, NULL, NULL, 9, '9', 10, 9, 9, 9, 0, 0, 0, 0, 0, 0, 0, 0, 0, '2016', 'прискорений', 93),
(413, 16128724, 125, NULL, 1, NULL, 40, NULL, NULL, NULL, 8, '8', 8, 8, 8, 8, 0, 0, 0, 0, 0, 0, 0, 0, 0, '2016', 'прискорений', 56),
(414, 16128725, 125, NULL, 2, NULL, 30, NULL, NULL, NULL, 7, '7', 7, 7, 7, 7, 0, 0, 0, 0, 0, 0, 0, 0, 0, '2016', 'прискорений', 94),
(415, 16128726, 125, NULL, 2, NULL, 25, NULL, NULL, NULL, 8, '8', 7, 6, 5, 7, 0, 0, 0, 0, 0, 0, 0, 0, 0, '2016', 'прискорений', 80),
(416, 38073082, 104, NULL, 4, NULL, 26, NULL, NULL, NULL, 5, '5', 7, 8, 6, 7, 8, 0, 0, 0, 0, 0, 0, 0, 0, '2012', 'повний', 84),
(417, 42411582, 104, NULL, 3, NULL, 32, NULL, NULL, NULL, 7, '5', 8, 5, 8, 6, 8, 0, 0, 0, 0, 0, 0, 0, 0, '2012', 'повний', 56),
(418, 42411651, 104, NULL, 5, NULL, 40, NULL, NULL, NULL, 7, '7', 8, 5, 5, 8, 6, 0, 0, 0, 0, 0, 0, 0, 0, '2012', 'повний', 100),
(419, 42411705, 104, NULL, 5, NULL, 35, NULL, NULL, NULL, 7, '7', 5, 6, 5, 7, 7, 0, 0, 0, 0, 0, 0, 0, 0, '2012', 'повний', 79),
(420, 42411777, 104, NULL, 4, NULL, 39, NULL, NULL, NULL, 7, '5', 6, 5, 8, 5, 5, 0, 0, 0, 0, 0, 0, 0, 0, '2012', 'повний', 82),
(421, 42411781, 104, NULL, 3, NULL, 28, NULL, NULL, NULL, 6, '7', 6, 8, 7, 8, 6, 0, 0, 0, 0, 0, 0, 0, 0, '2012', 'повний', 59),
(422, 42411828, 104, NULL, 5, NULL, 29, NULL, NULL, NULL, 5, '6', 6, 5, 6, 7, 5, 0, 0, 0, 0, 0, 0, 0, 0, '2012', 'повний', 67),
(423, 42418070, 104, NULL, 5, NULL, 27, NULL, NULL, NULL, 5, '7', 5, 8, 5, 6, 7, 0, 0, 0, 0, 0, 0, 0, 0, '2012', 'повний', 92),
(424, 42418094, 104, NULL, 4, NULL, 36, NULL, NULL, NULL, 8, '6', 6, 8, 5, 7, 7, 0, 0, 0, 0, 0, 0, 0, 0, '2012', 'повний', 75),
(425, 42423172, 104, NULL, 4, NULL, 35, NULL, NULL, NULL, 7, '5', 5, 5, 6, 8, 7, 0, 0, 0, 0, 0, 0, 0, 0, '2012', 'повний', 100),
(427, 42423349, 104, NULL, 4, NULL, 34, NULL, NULL, NULL, 7, '6', 7, 8, 6, 7, 7, 0, 0, 0, 0, 0, 0, 0, 0, '2012', 'повний', 90),
(428, 42423352, 104, NULL, 3, NULL, 33, NULL, NULL, NULL, 7, '7', 6, 8, 5, 8, 5, 0, 0, 0, 0, 0, 0, 0, 0, '2012', 'повний', 91),
(429, 42423548, 104, NULL, 4, NULL, 40, NULL, NULL, NULL, 7, '5', 5, 5, 6, 6, 8, 0, 0, 0, 0, 0, 0, 0, 0, '2012', 'повний', 74),
(430, 42423568, 104, NULL, 3, NULL, 39, NULL, NULL, NULL, 8, '6', 6, 7, 7, 6, 8, 0, 0, 0, 0, 0, 0, 0, 0, '2012', 'повний', 73),
(431, 42423626, 104, NULL, 5, NULL, 38, NULL, NULL, NULL, 6, '5', 6, 5, 6, 7, 7, 0, 0, 0, 0, 0, 0, 0, 0, '2012', 'повний', 82),
(432, 42433197, 104, NULL, 4, NULL, 37, NULL, NULL, NULL, 6, '5', 5, 7, 5, 7, 5, 0, 0, 0, 0, 0, 0, 0, 0, '2012', 'повний', 84),
(433, 42433218, 104, NULL, 5, NULL, 26, NULL, NULL, NULL, 5, '8', 7, 7, 8, 8, 5, 0, 0, 0, 0, 0, 0, 0, 0, '2012', 'повний', 81),
(434, 42433563, 104, NULL, 4, NULL, 35, NULL, NULL, NULL, 5, '6', 6, 6, 7, 6, 5, 0, 0, 0, 0, 0, 0, 0, 0, '2012', 'повний', 73),
(435, 42438963, 104, NULL, 3, NULL, 38, NULL, NULL, NULL, 5, '7', 7, 6, 5, 5, 5, 0, 0, 0, 0, 0, 0, 0, 0, '2012', 'повний', 66),
(436, 42658150, 104, NULL, 2, NULL, 20, NULL, NULL, NULL, 8, '6', 8, 6, 7, 6, 8, 0, 0, 0, 0, 0, 0, 0, 0, '2012', 'повний', 70),
(437, 38073082, 68, NULL, 2, NULL, 12, NULL, NULL, NULL, 8, '8', 8, 8, 8, 8, 8, 8, 0, 0, 0, 0, 0, 0, 0, '2012', 'повний', 55),
(438, 42411582, 68, NULL, 1, NULL, 15, NULL, NULL, NULL, 9, '9', 9, 9, 9, 9, 9, 9, 0, 0, 0, 0, 0, 0, 0, '2012', 'повний', 100),
(439, 42411651, 68, NULL, 3, NULL, 14, NULL, NULL, NULL, 10, '10', 10, 10, 10, 10, 10, 10, 0, 0, 0, 0, 0, 0, 0, '2012', 'повний', 62),
(440, 42411705, 68, NULL, 2, NULL, 17, NULL, NULL, NULL, 10, '10', 10, 10, 10, 10, 10, 10, 0, 0, 0, 0, 0, 0, 0, '2012', 'повний', 63),
(441, 42411777, 68, NULL, 2, NULL, 16, NULL, NULL, NULL, 10, '10', 10, 10, 10, 10, 10, 10, 0, 0, 0, 0, 0, 0, 0, '2012', 'повний', 75),
(442, 42411781, 68, NULL, 3, NULL, 13, NULL, NULL, NULL, 9, '9', 9, 9, 9, 9, 9, 9, 0, 0, 0, 0, 0, 0, 0, '2012', 'повний', 86),
(443, 42411828, 68, NULL, 1, NULL, 10, NULL, NULL, NULL, 7, '7', 7, 7, 7, 7, 7, 7, 0, 0, 0, 0, 0, 0, 0, '2012', 'повний', 100),
(444, 42418070, 68, NULL, 3, NULL, 9, NULL, NULL, NULL, 8, '8', 8, 8, 8, 8, 8, 8, 0, 0, 0, 0, 0, 0, 0, '2012', 'повний', 55),
(445, 42418094, 68, NULL, 0, NULL, 10, NULL, NULL, NULL, 6, '6', 6, 6, 6, 6, 6, 6, 0, 0, 0, 0, 0, 0, 0, '2012', 'повний', 84),
(446, 42423172, 68, NULL, 2, NULL, 11, NULL, NULL, NULL, 10, '10', 10, 10, 10, 10, 10, 10, 0, 0, 0, 0, 0, 0, 0, '2012', 'повний', 87),
(447, 42423349, 68, NULL, 3, NULL, 14, NULL, NULL, NULL, 8, '8', 8, 8, 8, 8, 8, 8, 0, 0, 0, 0, 0, 0, 0, '2012', 'повний', 89),
(448, 42423352, 68, NULL, 1, NULL, 15, NULL, NULL, NULL, 9, '9', 9, 9, 9, 9, 9, 9, 0, 0, 0, 0, 0, 0, 0, '2012', 'повний', 93),
(449, 42423548, 68, NULL, 3, NULL, 12, NULL, NULL, NULL, 8, '8', 8, 8, 8, 8, 8, 8, 0, 0, 0, 0, 0, 0, 0, '2012', 'повний', 96),
(450, 42423568, 68, NULL, 0, NULL, 16, NULL, NULL, NULL, 9, '9', 9, 9, 9, 9, 9, 9, 0, 0, 0, 0, 0, 0, 0, '2012', 'повний', 64),
(451, 42423626, 68, NULL, 1, NULL, 17, NULL, NULL, NULL, 10, '10', 10, 10, 10, 10, 10, 10, 0, 0, 0, 0, 0, 0, 0, '2012', 'повний', 57),
(452, 42433197, 68, NULL, 2, NULL, 13, NULL, NULL, NULL, 8, '8', 8, 8, 8, 8, 8, 8, 0, 0, 0, 0, 0, 0, 0, '2012', 'повний', 69),
(453, 42433218, 68, NULL, 3, NULL, 12, NULL, NULL, NULL, 9, '9', 9, 9, 9, 9, 9, 9, 0, 0, 0, 0, 0, 0, 0, '2012', 'повний', 74),
(454, 42433563, 68, NULL, 1, NULL, 10, NULL, NULL, NULL, 8, '7', 8, 8, 8, 8, 8, 8, 0, 0, 0, 0, 0, 0, 0, '2012', 'повний', 96),
(455, 42438963, 68, NULL, 2, NULL, 9, NULL, NULL, NULL, 9, '9', 9, 9, 9, 9, 9, 9, 0, 0, 0, 0, 0, 0, 0, '2012', 'повний', 56),
(456, 42658150, 68, NULL, 2, NULL, 10, NULL, NULL, NULL, 10, '10', 10, 10, 10, 10, 10, 10, 0, 0, 0, 0, 0, 0, 0, '2012', 'повний', 55),
(457, 38073082, 113, NULL, 3, NULL, 25, NULL, NULL, NULL, 7, '7', 7, 7, 7, 7, 0, 0, 0, 0, 0, 0, 0, 0, 0, '2012', 'повний', 82),
(458, 42411582, 113, NULL, 4, NULL, 24, NULL, NULL, NULL, 9, '9', 9, 9, 9, 9, 0, 0, 0, 0, 0, 0, 0, 0, 0, '2012', 'повний', 81),
(459, 42411651, 113, NULL, 2, NULL, 32, NULL, NULL, NULL, 10, '10', 10, 10, 10, 10, 0, 0, 0, 0, 0, 0, 0, 0, 0, '2012', 'повний', 93),
(460, 42411705, 113, NULL, 0, NULL, 35, NULL, NULL, NULL, 8, '8', 8, 8, 8, 8, 0, 0, 0, 0, 0, 0, 0, 0, 0, '2012', 'повний', 75),
(461, 42411777, 113, NULL, 1, NULL, 34, NULL, NULL, NULL, 9, '9', 9, 9, 9, 9, 0, 0, 0, 0, 0, 0, 0, 0, 0, '2012', 'повний', 60),
(462, 42411781, 113, NULL, 5, NULL, 27, NULL, NULL, NULL, 7, '7', 7, 7, 7, 7, 0, 0, 0, 0, 0, 0, 0, 0, 0, '2012', 'повний', 64),
(463, 42411828, 113, NULL, 3, NULL, 33, NULL, NULL, NULL, 6, '6', 6, 6, 6, 6, 0, 0, 0, 0, 0, 0, 0, 0, 0, '2012', 'повний', 68),
(464, 42418070, 113, NULL, 4, NULL, 25, NULL, NULL, NULL, 8, '8', 8, 8, 8, 8, 0, 0, 0, 0, 0, 0, 0, 0, 0, '2012', 'повний', 76),
(465, 42418094, 113, NULL, 5, NULL, 24, NULL, NULL, NULL, 9, '9', 9, 9, 9, 9, 0, 0, 0, 0, 0, 0, 0, 0, 0, '2012', 'повний', 79),
(466, 42423172, 113, NULL, 5, NULL, 23, NULL, NULL, NULL, 10, '10', 10, 10, 10, 10, 0, 0, 0, 0, 0, 0, 0, 0, 0, '2012', 'повний', 87),
(467, 42423349, 113, NULL, 4, NULL, 32, NULL, NULL, NULL, 10, '10', 10, 10, 10, 10, 0, 0, 0, 0, 0, 0, 0, 0, 0, '2012', 'повний', 89),
(468, 42423352, 113, NULL, 3, NULL, 33, NULL, NULL, NULL, 9, '9', 9, 9, 9, 9, 0, 0, 0, 0, 0, 0, 0, 0, 0, '2012', 'повний', 91),
(469, 42423548, 113, NULL, 2, NULL, 34, NULL, NULL, NULL, 7, '7', 7, 7, 7, 7, 0, 0, 0, 0, 0, 0, 0, 0, 0, '2012', 'повний', 93),
(470, 42423568, 113, NULL, 5, NULL, 35, NULL, NULL, NULL, 9, '9', 9, 9, 9, 9, 0, 0, 0, 0, 0, 0, 0, 0, 0, '2012', 'повний', 85),
(471, 42423626, 113, NULL, 3, NULL, 32, NULL, NULL, NULL, 10, '10', 10, 10, 10, 10, 0, 0, 0, 0, 0, 0, 0, 0, 0, '2012', 'повний', 91),
(472, 42433197, 113, NULL, 2, NULL, 33, NULL, NULL, NULL, 6, '6', 6, 6, 6, 6, 0, 0, 0, 0, 0, 0, 0, 0, 0, '2012', 'повний', 94),
(473, 42433218, 113, NULL, 4, NULL, 30, NULL, NULL, NULL, 8, '8', 8, 8, 8, 8, 0, 0, 0, 0, 0, 0, 0, 0, 0, '2012', 'повний', 100),
(474, 42433563, 113, NULL, 5, NULL, 31, NULL, NULL, NULL, 7, '7', 7, 7, 7, 7, 0, 0, 0, 0, 0, 0, 0, 0, 0, '2012', 'повний', 100),
(475, 42438963, 113, NULL, 3, NULL, 28, NULL, NULL, NULL, 10, '10', 10, 10, 10, 10, 0, 0, 0, 0, 0, 0, 0, 0, 0, '2012', 'повний', 91),
(476, 42658150, 113, NULL, 1, NULL, 35, NULL, NULL, NULL, 7, '7', 7, 7, 7, 7, 0, 0, 0, 0, 0, 0, 0, 0, 0, '2012', 'повний', 85),
(477, 38073082, 46, NULL, 4, NULL, 7, NULL, NULL, NULL, 8, '5', 6, 5, 6, 5, 5, 7, 5, 8, 0, 0, 0, 0, 0, '2012', 'повний', 67),
(478, 42411582, 46, NULL, 3, NULL, 12, NULL, NULL, NULL, 7, '7', 7, 6, 5, 8, 8, 6, 7, 5, 0, 0, 0, 0, 0, '2012', 'повний', 92),
(479, 42411651, 46, NULL, 5, NULL, 13, NULL, NULL, NULL, 6, '7', 6, 5, 6, 8, 5, 7, 6, 6, 0, 0, 0, 0, 0, '2012', 'повний', 75),
(480, 42411705, 46, NULL, 5, NULL, 15, NULL, NULL, NULL, 7, '8', 5, 6, 6, 6, 5, 7, 7, 8, 0, 0, 0, 0, 0, '2012', 'повний', 100),
(481, 42411777, 46, NULL, 4, NULL, 13, NULL, NULL, NULL, 8, '8', 7, 6, 8, 6, 8, 5, 5, 7, 0, 0, 0, 0, 0, '2012', 'повний', 90),
(482, 42411781, 46, NULL, 3, NULL, 9, NULL, NULL, NULL, 5, '8', 5, 5, 5, 5, 5, 7, 7, 7, 0, 0, 0, 0, 0, '2012', 'повний', 91),
(483, 42411828, 46, NULL, 5, NULL, 15, NULL, NULL, NULL, 8, '5', 8, 6, 6, 8, 7, 8, 6, 8, 0, 0, 0, 0, 0, '2012', 'повний', 74),
(484, 42418070, 46, NULL, 5, NULL, 7, NULL, NULL, NULL, 8, '5', 6, 8, 6, 6, 7, 8, 7, 6, 0, 0, 0, 0, 0, '2012', 'повний', 73),
(485, 42418094, 46, NULL, 4, NULL, 8, NULL, NULL, NULL, 7, '7', 6, 5, 6, 5, 6, 7, 6, 7, 0, 0, 0, 0, 0, '2012', 'повний', 82),
(486, 42423172, 46, NULL, 4, NULL, 15, NULL, NULL, NULL, 8, '8', 6, 5, 6, 7, 5, 7, 6, 6, 0, 0, 0, 0, 0, '2012', 'повний', 84),
(487, 42423349, 46, NULL, 4, NULL, 8, NULL, NULL, NULL, 7, '8', 8, 5, 6, 5, 8, 6, 6, 7, 0, 0, 0, 0, 0, '2012', 'повний', 81),
(488, 42423352, 46, NULL, 3, NULL, 13, NULL, NULL, NULL, 7, '5', 8, 5, 6, 8, 5, 5, 7, 7, 0, 0, 0, 0, 0, '2012', 'повний', 73),
(489, 42423548, 46, NULL, 4, NULL, 6, NULL, NULL, NULL, 6, '5', 5, 8, 5, 5, 5, 5, 7, 5, 0, 0, 0, 0, 0, '2012', 'повний', 65),
(490, 42423568, 46, NULL, 3, NULL, 6, NULL, NULL, NULL, 8, '8', 5, 7, 8, 5, 7, 8, 8, 5, 0, 0, 0, 0, 0, '2012', 'повний', 74),
(491, 42423626, 46, NULL, 5, NULL, 5, NULL, NULL, NULL, 7, '8', 7, 7, 6, 5, 8, 7, 8, 6, 0, 0, 0, 0, 0, '2012', 'повний', 73),
(492, 42433197, 46, NULL, 4, NULL, 6, NULL, NULL, NULL, 6, '7', 6, 6, 7, 5, 8, 7, 5, 7, 0, 0, 0, 0, 0, '2012', 'повний', 82),
(493, 42433218, 46, NULL, 5, NULL, 8, NULL, NULL, NULL, 5, '7', 7, 5, 8, 8, 8, 8, 6, 6, 0, 0, 0, 0, 0, '2012', 'повний', 84),
(494, 42433563, 46, NULL, 4, NULL, 6, NULL, NULL, NULL, 6, '8', 7, 7, 7, 5, 8, 8, 8, 7, 0, 0, 0, 0, 0, '2012', 'повний', 81),
(495, 42438963, 46, NULL, 3, NULL, 6, NULL, NULL, NULL, 8, '6', 5, 6, 7, 7, 7, 7, 6, 5, 0, 0, 0, 0, 0, '2012', 'повний', 73),
(496, 42658150, 46, NULL, 2, NULL, 9, NULL, NULL, NULL, 7, '8', 8, 7, 5, 7, 7, 5, 8, 8, 0, 0, 0, 0, 0, '2012', 'повний', 65),
(497, 38073082, 95, NULL, 2, NULL, 25, NULL, NULL, NULL, 7, '7', 7, 7, 7, 7, 0, 0, 0, 0, 0, 0, 0, 0, 0, '2012', 'повний', 90),
(498, 42411582, 95, NULL, 1, NULL, 35, NULL, NULL, NULL, 8, '8', 8, 8, 8, 8, 0, 0, 0, 0, 0, 0, 0, 0, 0, '2012', 'повний', 81),
(499, 42411651, 95, NULL, 3, NULL, 40, NULL, NULL, NULL, 5, '5', 10, 5, 5, 5, 0, 0, 0, 0, 0, 0, 0, 0, 0, '2012', 'повний', 65),
(500, 42411705, 95, NULL, 2, NULL, 25, NULL, NULL, NULL, 8, '8', 8, 8, 8, 8, 0, 0, 0, 0, 0, 0, 0, 0, 0, '2012', 'повний', 94),
(501, 42411777, 95, NULL, 2, NULL, 35, NULL, NULL, NULL, 7, '7', 7, 7, 7, 7, 0, 0, 0, 0, 0, 0, 0, 0, 0, '2012', 'повний', 100),
(502, 42411781, 95, NULL, 3, NULL, 35, NULL, NULL, NULL, 6, '6', 10, 6, 6, 6, 0, 0, 0, 0, 0, 0, 0, 0, 0, '2012', 'повний', 56),
(503, 42411828, 95, NULL, 1, NULL, 35, NULL, NULL, NULL, 7, '7', 7, 7, 7, 7, 0, 0, 0, 0, 0, 0, 0, 0, 0, '2012', 'повний', 68),
(504, 42418070, 95, NULL, 3, NULL, 40, NULL, NULL, NULL, 8, '8', 8, 8, 8, 8, 0, 0, 0, 0, 0, 0, 0, 0, 0, '2012', 'повний', 71),
(505, 42418094, 95, NULL, 0, NULL, 30, NULL, NULL, NULL, 9, '9', 9, 9, 9, 9, 0, 0, 0, 0, 0, 0, 0, 0, 0, '2012', 'повний', 80),
(506, 42423172, 95, NULL, 2, NULL, 34, NULL, NULL, NULL, 9, '9', 9, 9, 9, 9, 0, 0, 0, 0, 0, 0, 0, 0, 0, '2012', 'повний', 82),
(507, 42423349, 95, NULL, 3, NULL, 38, NULL, NULL, NULL, 5, '5', 5, 5, 5, 5, 0, 0, 0, 0, 0, 0, 0, 0, 0, '2012', 'повний', 65),
(508, 42423352, 95, NULL, 1, NULL, 40, NULL, NULL, NULL, 6, '6', 6, 6, 6, 6, 0, 0, 0, 0, 0, 0, 0, 0, 0, '2012', 'повний', 91),
(509, 42423548, 95, NULL, 3, NULL, 28, NULL, NULL, NULL, 7, '7', 7, 7, 7, 7, 0, 0, 0, 0, 0, 0, 0, 0, 0, '2012', 'повний', 75),
(510, 42423568, 95, NULL, 0, NULL, 35, NULL, NULL, NULL, 8, '8', 8, 8, 8, 8, 0, 0, 0, 0, 0, 0, 0, 0, 0, '2012', 'повний', 70),
(511, 42423626, 95, NULL, 1, NULL, 38, NULL, NULL, NULL, 9, '9', 9, 9, 9, 9, 0, 0, 0, 0, 0, 0, 0, 0, 0, '2012', 'повний', 69),
(512, 42433197, 95, NULL, 2, NULL, 40, NULL, NULL, NULL, 5, '5', 5, 5, 5, 5, 0, 0, 0, 0, 0, 0, 0, 0, 0, '2012', 'повний', 82),
(513, 42433218, 95, NULL, 3, NULL, 36, NULL, NULL, NULL, 9, '9', 10, 9, 9, 9, 0, 0, 0, 0, 0, 0, 0, 0, 0, '2012', 'повний', 93),
(514, 42433563, 95, NULL, 1, NULL, 40, NULL, NULL, NULL, 8, '8', 8, 8, 8, 8, 0, 0, 0, 0, 0, 0, 0, 0, 0, '2012', 'повний', 56),
(515, 42438963, 95, NULL, 2, NULL, 30, NULL, NULL, NULL, 7, '7', 7, 7, 7, 7, 0, 0, 0, 0, 0, 0, 0, 0, 0, '2012', 'повний', 94),
(516, 42658150, 95, NULL, 2, NULL, 25, NULL, NULL, NULL, 8, '8', 7, 6, 5, 7, 0, 0, 0, 0, 0, 0, 0, 0, 0, '2012', 'повний', 80);

-- --------------------------------------------------------

--
-- Структура таблицы `Current_raitings`
--

CREATE TABLE `Current_raitings` (
  `Current_raiting_id` int(11) NOT NULL,
  `Plan_id` int(11) NOT NULL,
  `Raiting_type_id` int(11) NOT NULL,
  `Student_id` int(11) NOT NULL,
  `Raiting` int(11) NOT NULL,
  `Date` date NOT NULL
) ENGINE=InnoDB DEFAULT CHARSET=utf8;

-- --------------------------------------------------------

--
-- Структура таблицы `Diplom`
--

CREATE TABLE `Diplom` (
  `Diplom_id` int(11) NOT NULL,
  `Student_id` int(11) NOT NULL,
  `Teacher_id` int(11) NOT NULL,
  `Raiting_100` varchar(255) NOT NULL,
  `Raiting_ETS` varchar(255) NOT NULL,
  `Raiting_classic` varchar(255) NOT NULL,
  `Raiting_date` date NOT NULL,
  `Theme` varchar(255) NOT NULL,
  `Practise_base` varchar(255) NOT NULL,
  `Act_introduction` tinyint(1) NOT NULL,
  `Start_year` varchar(255) NOT NULL
) ENGINE=InnoDB DEFAULT CHARSET=utf8;

--
-- Дамп данных таблицы `Diplom`
--

INSERT INTO `Diplom` (`Diplom_id`, `Student_id`, `Teacher_id`, `Raiting_100`, `Raiting_ETS`, `Raiting_classic`, `Raiting_date`, `Theme`, `Practise_base`, `Act_introduction`, `Start_year`) VALUES
(1, 15013496, 2, '90', 'A', '5', '2017-06-20', 'Розробка інформаційної системи для інтелектуального аналізу результатів проміжної та підсумкової атестацій учнів у ЗОШ № 12', 'г.Краматорск, ООШ № 12', 1, '2015'),
(2, 15013542, 6, '98', 'A', '5', '2017-06-15', 'Розробка інформаційної системи для управління господарською діяльністю ТОВ «Олександрівка Агро»', 'с.Новостепановка, ООО \"Олександрівка Агро\"', 0, '2015'),
(3, 15013545, 7, '81', 'B', '4', '2017-06-16', 'Розробка інформаційної системи для аналізу споживчого попиту ФОП «Павлова О.В.»', 'ФЛП \"Павлова О.В.\"', 0, '2015'),
(4, 15013561, 7, '93', 'A', '5', '2017-06-15', 'Розробка інформаційної системи для оцінки конкурентоспроможності охоронного підприємства ТОВ «Вища ступінь безпеки»', 'ООО \"Вища ступінь безпеки\"', 1, '2015'),
(5, 15013565, 0, '', '', '', '0000-00-00', '', '', 0, '2015'),
(6, 15013571, 2, '81', 'B', '4', '2017-06-16', 'Розробка інформаційної системи для забезпечення доставки вантажів ТОВ «Караван-Сарай»', 'ООО \"Караван-Сарай\"', 0, '2015'),
(7, 15013591, 5, '82', 'B', '4', '2017-06-15', 'Розробка інформаційної системи для формування прибутку ТОВ «Краматорський феросплавний завод»', 'ООО \"Краматорский ферросплавный завод\"', 0, '2015'),
(8, 15013593, 4, '60', 'E', '3', '2017-06-20', 'Розробка інформаційної системи для обліку відомостей про учнів в загальноосвітній організації\r\nРозробка інформаційної системи для обліку відомостей про учнів в загальноосвітній організації\r\nРозробка інформаційної системи для обліку відомостей про учнів в ', 'г.Краматорск, ООШ № 4', 0, '2015'),
(9, 15013597, 2, '55', 'E', '3', '2017-06-29', 'Розробка інформаційної системи для відділу кадрів станції швидкої медичної допомоги', 'ВСП КЛПУ \"ОЦЕМД та МК\"', 0, '2015'),
(10, 15013606, 2, '80', 'C', '4', '2017-06-15', 'Розробка інформаційної системи для аналізу роботи call-центру ПАТ КБ «ПРИВАТБАНК»', 'ПАО КБ \"Приватбанк\"', 0, '2015'),
(11, 15013613, 10, '75', 'C', '4', '2017-06-16', 'Розробка інформаційної системи для управління активами і пасивами ПАТ АБ «Укргазбанк»', 'ПАО АБ \"Укргазбанк\"', 0, '2015'),
(12, 15013614, 5, '93', 'A', '5', '2017-06-15', 'Розробка системи автоматизації процесу забезпечення станції швидкої медичної допомоги санітарним транспортом', 'ВСП КЛПУ \"ОЦЕМД та МК\"', 0, '2015'),
(13, 15020496, 0, '', '', '', '0000-00-00', '', '', 0, '2015'),
(14, 15043114, 0, '', '', '', '0000-00-00', '', '', 0, '2015'),
(15, 15043131, 7, '95', 'A', '5', '2017-06-20', 'Розробка інформаційної системи для автоматизації підбору кадрів на охоронному підприємстві ТОВ «Вища ступінь безпеки»', 'ООО \"Вища ступінь безпеки\"', 1, '2015'),
(16, 15043140, 0, '', '', '', '0000-00-00', '', '', 0, '2015'),
(17, 15043158, 4, '65', 'D', '3', '2017-06-29', 'Розробка інформаційної системи для управління службою технічної підтримки Інтернет провайдера', 'ООО «ТРК \"ЕНЕРГЕТИК ПЛЮС\"»', 0, '2015'),
(18, 15043160, 0, '', '', '', '0000-00-00', '', '', 0, '2015'),
(19, 16042914, 0, '', '', '', '0000-00-00', '', '', 0, '2016'),
(20, 16042917, 0, '', '', '', '0000-00-00', '', '', 0, '2016'),
(21, 16042918, 0, '', '', '', '0000-00-00', '', '', 0, '2016'),
(22, 16042919, 0, '', '', '', '0000-00-00', '', '', 0, '2016'),
(23, 16048210, 0, '', '', '', '0000-00-00', '', '', 0, '2016'),
(24, 16070925, 0, '', '', '', '0000-00-00', '', '', 0, '2016'),
(25, 16070940, 0, '', '', '', '0000-00-00', '', '', 0, '2016'),
(26, 16070950, 0, '', '', '', '0000-00-00', '', '', 0, '2016'),
(27, 16070952, 0, '', '', '', '0000-00-00', '', '', 0, '2016'),
(28, 16117948, 0, '', '', '', '0000-00-00', '', '', 0, '2016'),
(29, 16117950, 0, '', '', '', '0000-00-00', '', '', 0, '2016'),
(30, 16117955, 0, '', '', '', '0000-00-00', '', '', 0, '2016'),
(31, 16117959, 0, '', '', '', '0000-00-00', '', '', 0, '2016'),
(32, 16117966, 0, '', '', '', '0000-00-00', '', '', 0, '2016'),
(33, 16117969, 0, '', '', '', '0000-00-00', '', '', 0, '2016'),
(34, 16117972, 0, '', '', '', '0000-00-00', '', '', 0, '2016'),
(35, 16117977, 0, '', '', '', '0000-00-00', '', '', 0, '2016'),
(36, 16128724, 0, '', '', '', '0000-00-00', '', '', 0, '2016'),
(37, 16128725, 0, '', '', '', '0000-00-00', '', '', 0, '2016'),
(38, 16128726, 0, '', '', '', '0000-00-00', '', '', 0, '2016'),
(39, 17064413, 0, '', '', '', '0000-00-00', '', '', 0, '2017'),
(40, 17083884, 0, '', '', '', '0000-00-00', '', '', 0, '2017'),
(41, 17083926, 0, '', '', '', '0000-00-00', '', '', 0, '2017'),
(42, 17083931, 0, '', '', '', '0000-00-00', '', '', 0, '2017'),
(43, 17083932, 0, '', '', '', '0000-00-00', '', '', 0, '2017'),
(44, 17083945, 0, '', '', '', '0000-00-00', '', '', 0, '2017'),
(45, 17084042, 0, '', '', '', '0000-00-00', '', '', 0, '2017'),
(46, 17084045, 0, '', '', '', '0000-00-00', '', '', 0, '2017'),
(47, 17139555, 0, '', '', '', '0000-00-00', '', '', 0, '2017'),
(48, 17139561, 0, '', '', '', '0000-00-00', '', '', 0, '2017'),
(49, 17139564, 0, '', '', '', '0000-00-00', '', '', 0, '2017'),
(50, 17139565, 0, '', '', '', '0000-00-00', '', '', 0, '2017'),
(51, 28086943, 0, '', '', '', '0000-00-00', '', '', 0, '2013'),
(52, 38065619, 0, '', '', '', '0000-00-00', '', '', 0, '2014'),
(53, 38065633, 0, '', '', '', '0000-00-00', '', '', 0, '2013'),
(54, 38073082, 13, '60', 'E', '3', '2016-06-29', 'Розробка системи підтримки прийняття рішень фінансово-управлінської діяльності Новоартемівської сільської ради', 'Новоартемовский сельсовет', 0, '2012'),
(55, 38079935, 4, '81', 'B', '4', '2017-06-16', 'Розробка мобільного додатку для прогнозування курсу валют', 'ООО \"IT 2.0\"', 0, '2013'),
(56, 39156080, 0, '', '', '', '0000-00-00', '', '', 0, '2017'),
(57, 40896826, 0, '', '', '', '0000-00-00', '', '', 0, '2013'),
(58, 40897824, 0, '', '', '', '0000-00-00', '', '', 0, '2014'),
(59, 41622898, 3, '81', 'B', '4', '2014-06-29', 'Розробка інформаційної системи для забезпечення діяльності ФОП «Шереметова Т.О.»', 'ФЛП \"Шереметова Т.О.\"', 0, '2012'),
(60, 42411582, 7, '83', 'B', '4', '2016-06-24', 'Розробка web-додатку для вибору оптимальної страхової програми для клієнта ПрАТ УПСК', 'ЧАО \"Украинская пожарно-страховая компания\"', 0, '2012'),
(61, 42411651, 4, '98', 'A', '5', '2016-06-21', 'Розробка інформаційної системи управління інноваційною діяльністю промислового підприємства', 'ПАО \"НКМЗ\"', 0, '2012'),
(62, 42411705, 5, '90', 'A', '5', '2016-06-23', 'Розробка автоматизованої системи оцінювання ефективності управління якістю організації виробничого процесу на машинобудівному підприємстві', 'ПАО \"НКМЗ\"', 0, '2012'),
(63, 42411777, 4, '93', 'A', '5', '2016-06-21', 'Розробка інформаційної системи управління технологічним процесом термообробки металу', 'ПАО \"НКМЗ\"', 0, '2012'),
(64, 42411781, 0, '', '', '', '0000-00-00', '', '', 0, '2012'),
(65, 42411828, 0, '', '', '', '0000-00-00', '', '', 0, '2012'),
(66, 42418070, 0, '', '', '', '0000-00-00', '', '', 0, '2012'),
(67, 42418094, 0, '', '', '', '0000-00-00', '', '', 0, '2012'),
(68, 42419478, 0, '', '', '', '0000-00-00', '', '', 0, '2012'),
(69, 42423172, 2, '99', 'A', '5', '2016-06-21', 'Розробка інтелектуальної системи для перевірки правильності оформлення списку літературних джерел у курсових і дипломних роботах', 'ДДМА', 0, '2012'),
(70, 42423270, 0, '', '', '', '0000-00-00', '', '', 0, '2014'),
(71, 42423349, 0, '', '', '', '0000-00-00', '', '', 0, '2012'),
(72, 42423352, 7, '97', 'A', '5', '2016-06-21', 'Розробка програмного модуля для оптимального розподілення робіт між співробітниками бюро інтеграції та впровадження нових технологій на машинобудівному підприємстві\r\n\r\nРозробка програмного модуля для оптимального розподілення робіт між співробітниками бюр', 'ПАО \"НКМЗ\"', 0, '2012'),
(73, 42423548, 0, '', '', '', '0000-00-00', '', '', 0, '2012'),
(74, 42423568, 6, '96', 'A', '5', '2016-06-21', 'Розробка інформаційної системи для управління роздрібним бізнесом комерційного банку ПАТ «Укрсоцбанк»', 'ПАО \"Укрсоцбанк\"', 0, '2012'),
(75, 42423626, 31, '90', 'A', '5', '2016-06-21', 'Розробка програмного модуля для аналізу та прогнозування виробничої діяльності машинобудівного підприємства на підставі техніко-економічних показників', 'ПАО \"НКМЗ\"', 0, '2012'),
(76, 42433197, 6, '100', 'A', '5', '2016-06-21', 'Розробка інформаційної системи для управління товарними запасами роздрібного торгівельного підприємства ТОВ «Славтрейд Браво»', 'ООО \"Славтрейд Браво\"', 0, '2012'),
(77, 42433218, 0, '', '', '', '0000-00-00', '', '', 0, '2012'),
(78, 42433563, 0, '', '', '', '0000-00-00', '', '', 0, '2012'),
(79, 42438963, 2, '76', 'C', '4', '2016-06-21', 'Розробка системи підтримки прийняття рішень для малого підприємства «Альфа-Профіль»', 'ФЛП \"Янцен М.В.\"', 0, '2012'),
(80, 42617664, 6, '91', 'A', '5', '2014-06-18', 'Розробка системи підтримки прийняття рішень для моделювання кредитних ситуацій ПАТ «Укрсоцбанк»', 'ПАО \"Укрсоцбанк\"', 0, '2012'),
(81, 42658150, 0, '', '', '', '0000-00-00', '', '', 0, '2012'),
(82, 43377610, 0, '', '', '', '0000-00-00', '', '', 0, '2012'),
(83, 43377625, 3, '84', 'B', '4', '2014-06-24', 'Розробка інформаційної системи контролю стану робочих станцій ПАТ «Новокраматорський машинобудівний завод»', 'ПАО \"НКМЗ\"', 0, '2012'),
(84, 43377657, 4, '93', 'A', '5', '2014-06-24', 'Розробка інформаційної системи для формування прибутку промислового підприємства', 'ПАО \"НКМЗ\"', 0, '2012'),
(85, 43377658, 4, '75', 'A', '4', '2014-06-23', 'Розробка інформаційної системи для перевірки теоретичних знань слухачів Краматорської автошколи ТСОУ', 'ОСОУ ПАО \"НКМЗ\"', 0, '2012'),
(86, 43377662, 4, '75', 'A', '4', '2014-06-23', 'Розробка інформаційної системи для аналізу результатів тестування слухачів Краматорської автошколи ТСОУ', 'ОСОУ ПАО \"НКМЗ\"', 0, '2012'),
(87, 43378698, 19, '90', 'A', '5', '2014-06-23', 'Розробка системи підтримки прийняття рішень щодо розподілу бюджетних коштів міста', 'ИЭП НАНУ, г.Донецк', 0, '2012'),
(88, 43485508, 0, '', '', '', '0000-00-00', '', '', 0, '2012'),
(89, 43485510, 5, '90', 'A', '5', '2014-08-28', 'Розробка програмного модуля для ведення інтерактивного обліку успішності студентів Дружковського технікума ДДМА', 'ДТ ДГМА', 0, '2012'),
(90, 43837053, 7, '90', 'A', '5', '2014-06-23', 'Розробка програмного модуля для бухгалтерського обліку незавершеного виробництва на ПАТ «Новокраматорський машинобудівний завод»', 'ПАО \"НКМЗ\"', 0, '2012'),
(91, 43837083, 5, '83', 'B', '4', '2014-06-23', 'Розробка програмного модуля для врегулювання збитків страхової компанії', 'ФЛП Сандуленко А.П.', 0, '2012'),
(92, 44802406, 0, '', '', '', '0000-00-00', '', '', 0, '2017'),
(93, 44802999, 0, '', '', '', '0000-00-00', '', '', 0, '2013'),
(94, 44803000, 4, '82', 'B', '4', '2017-06-15', 'Розробка інформаційної системи формування фінансової стратегії підприємства', 'г.Константиновка, с.Ильича, СООО \"Импульс\"', 0, '2013'),
(95, 44803076, 0, '', '', '', '0000-00-00', '', '', 0, '2013'),
(96, 44803088, 0, '', '', '', '0000-00-00', '', '', 0, '2013'),
(97, 44803163, 3, '75', 'C', '4', '2017-06-13', 'Розробка інформаційної системи для обліку матеріальних ресурсів КВП «Краматорський водоканал»', 'КПП \"Краматорский водоканал\"', 1, '2013'),
(98, 44803201, 6, '79', 'C', '4', '2017-06-16', 'Розробка інформаційної системи для управління нафтопродуктозабезпеченням ТОВ «ПМ ОІЛ»', 'ООО \"ПМ ОІЛ\"', 0, '2013'),
(99, 44803234, 3, '77', 'C', '4', '2017-06-13', 'Розробка інформаційної системи для автоматизації обліку торгівельних операцій ТОВ «Караван-Сарай»', 'ООО \"Караван-Сарай\"', 1, '2013'),
(100, 44803241, 4, '75', 'C', '4', '2017-06-20', 'Розробка інформаційної системи формування маркетингової стратегії ПАТ «Новокраматорський машинобудівний завод»', 'ПАО \"НКМЗ\"', 0, '2013'),
(101, 44803249, 0, '', '', '', '0000-00-00', '', '', 0, '2013'),
(102, 44805357, 10, '91', 'A', '5', '2017-06-20', 'Розробка інформаційної системи для обліку та аналізу енергоспоживання фізичними особами', 'СО \"Центральные электрические сети\" НП \"Славянский РЭС\"', 0, '2013'),
(103, 44805539, 0, '', '', '', '0000-00-00', '', '', 0, '2013'),
(104, 44807010, 0, '', '', '', '0000-00-00', '', '', 0, '2013'),
(105, 44807189, 2, '97', 'A', '5', '2017-06-16', 'Розробка інформаційної системи для ведення статистики та аналізу угод відділу трейдинга ТОВ «IT 2.0»', 'ООО \"IT 2.0\"', 0, '2013'),
(106, 44807201, 0, '', '', '', '0000-00-00', '', '', 0, '2013'),
(107, 44817250, 4, '90', 'A', '5', '2017-06-20', 'Розробка інформаційної системи оцінки депозитних внесків з урахуванням ризику', 'ООО \"IT 2.0\"', 0, '2013'),
(108, 44823298, 10, '71', 'D', '3', '2017-06-16', 'Розробка програмного модуля для розрахунку конкурентних переваг юридичних осіб', 'ООО \"Техинформ\"', 0, '2013'),
(109, 44823416, 0, '', '', '', '0000-00-00', '', '', 0, '2013'),
(110, 44823500, 0, '', '', '', '0000-00-00', '', '', 0, '2013'),
(111, 44826227, 5, '70', 'D', '3', '2017-06-20', 'Розробка інформаційної системи для автоматизації торгівельної діяльності зоологічного магазину', 'ФЛП \"Дмитраж Л.А.\"', 0, '2013'),
(112, 44827159, 13, '71', 'D', '3', '2017-06-16', 'Розробка системи підтримки прийняття рішень на виробничому сільськогосподарському підприємстві', 'г.Константиновка, с.Ильича, СООО \"Импульс\"', 0, '2013'),
(113, 44831843, 7, '97', 'A', '5', '2017-06-13', 'K. Розробка web-системи для моніторингу діяльності студентів вищого навчального закладу. К2. Розробка програмного модуля для вибору студентами навчальної спеціалізації на підставі прогнозування професійної схильності', 'ООО \"IT 2.0\"', 0, '2013'),
(114, 44831878, 6, '65', 'D', '3', '2017-06-16', 'Розробка web-додатку для оцінювання економічної ефективності інтернет-проектів', 'ООО \"IT 2.0\"', 0, '2013'),
(115, 44831898, 0, '', '', '', '0000-00-00', '', '', 0, '2013'),
(116, 44832070, 0, '', '', '', '0000-00-00', '', '', 0, '2014'),
(117, 44832161, 6, '86', 'B', '4', '2017-06-15', 'Розробка інформаційної системи для управління будівельною діяльністю КП «Управління капітального будівництва» Слов\'янської районної ради Донецької області', 'КП \"Управление капитального строительства\" Славянского районного совета', 0, '2013'),
(118, 44834868, 5, '65', 'D', '3', '2017-06-20', 'Розробка інформаційної системи для оптимізації діяльності сільськогосподарського підприємства', 'г.Константиновка, с.Ильича, СООО \"Импульс\"', 0, '2013'),
(119, 44978659, 0, '', '', '', '0000-00-00', '', '', 0, '2014'),
(120, 44984388, 0, '', '', '', '0000-00-00', '', '', 0, '2013'),
(121, 45381977, 0, '', '', '', '0000-00-00', '', '', 0, '2013'),
(122, 45460859, 3, '82', 'B', '4', '2017-06-13', 'Розробка інформаційної системи для обліку заробітної плати співробітників ТОВ «БАЗИС ПРОГРАМ»', 'ООО \"БАЗИС ПРОГРАМ\"', 1, '2013'),
(123, 45642944, 0, '', '', '', '0000-00-00', '', '', 0, '2013'),
(124, 45642949, 0, '', '', '', '0000-00-00', '', '', 0, '2013'),
(125, 45642950, 0, '', '', '', '0000-00-00', '', '', 0, '2013'),
(126, 45642956, 0, '', '', '', '0000-00-00', '', '', 0, '2014'),
(127, 46165859, 0, '', '', '', '0000-00-00', '', '', 0, '2014'),
(128, 46363901, 0, '', '', '', '0000-00-00', '', '', 0, '2016'),
(129, 46363941, 0, '', '', '', '0000-00-00', '', '', 0, '2014'),
(130, 46364077, 0, '', '', '', '0000-00-00', '', '', 0, '2014'),
(131, 46368146, 0, '', '', '', '0000-00-00', '', '', 0, '2014'),
(132, 46369299, 0, '', '', '', '0000-00-00', '', '', 0, '2014'),
(133, 46369339, 0, '', '', '', '0000-00-00', '', '', 0, '2014'),
(134, 46369365, 0, '', '', '', '0000-00-00', '', '', 0, '2016'),
(135, 46369723, 0, '', '', '', '0000-00-00', '', '', 0, '2014'),
(136, 46369740, 0, '', '', '', '0000-00-00', '', '', 0, '2014'),
(137, 46372090, 0, '', '', '', '0000-00-00', '', '', 0, '2014'),
(138, 46372192, 0, '', '', '', '0000-00-00', '', '', 0, '2014'),
(139, 46372227, 0, '', '', '', '0000-00-00', '', '', 0, '2014'),
(140, 46372231, 0, '', '', '', '0000-00-00', '', '', 0, '2014'),
(141, 46372237, 0, '', '', '', '0000-00-00', '', '', 0, '2014'),
(142, 46372257, 0, '', '', '', '0000-00-00', '', '', 0, '2014'),
(143, 46372410, 0, '', '', '', '0000-00-00', '', '', 0, '2014'),
(144, 46372421, 0, '', '', '', '0000-00-00', '', '', 0, '2014'),
(145, 46372513, 0, '', '', '', '0000-00-00', '', '', 0, '2014'),
(146, 46372516, 0, '', '', '', '0000-00-00', '', '', 0, '2014'),
(147, 46372623, 0, '', '', '', '0000-00-00', '', '', 0, '2014'),
(148, 46375220, 0, '', '', '', '0000-00-00', '', '', 0, '2014'),
(149, 46883242, 0, '', '', '', '0000-00-00', '', '', 0, '2014'),
(150, 47004101, 4, '75', 'C', '4', '2016-06-29', 'Розробка інформаційної системи планування виробничої програми випуску продукції', 'ПАО \"ВЕСКО\"', 0, '2014'),
(151, 47004108, 0, '', '', '', '0000-00-00', '', '', 0, '2015'),
(152, 47004112, 5, '62', 'E', '3', '2016-06-29', 'Розробка інформаційної системи для автоматизації роботи співробітника відділу канцелярії', 'ФЛП \"Шаталов О. В.\"', 0, '2014'),
(153, 47215934, 7, '83', 'B', '4', '2016-06-24', 'Розробка програмного модуля для отримання оптимального складу глин на видобувному підприємстві ПАТ «ВЕСКО»', 'ПАО \"ВЕСКО\"', 0, '2014'),
(154, 47215936, 3, '90', 'A', '5', '2016-06-24', 'Розробка інформаційної системи для оптимізації транспортних потоків ПАТ «ВЕСКО»', 'ПАО \"ВЕСКО\"', 0, '2014'),
(155, 47215957, 31, '77', 'C', '4', '2016-06-29', 'Розробка інформаційної системи для формування портфеля послуг та замовлень ДОУ ІПК ПК', 'ДОУ ИПК ПК', 0, '2014'),
(156, 47215958, 31, '77', 'C', '4', '2016-06-22', 'Розробка інформаційної системи управління замовленнями на перепідготовку вчителів в ЗОШ № 11', 'г.Краматорск, ООШ № 11', 0, '2014'),
(157, 47215959, 4, '81', 'B', '4', '2016-06-29', 'Розробка інформаційної системи управління витратами фінансових коштів для закупівлі товарів, робіт та послуг при виборі постачальника', 'ООО \"Краматорский ферросплавный завод\"', 0, '2014'),
(158, 47215967, 31, '68', 'D', '3', '2016-06-29', 'Розробка інформаційної системи формування кадрової політики ДОУ ІПК ПК', 'ДОУ ИПК ПК', 0, '2014'),
(159, 47215968, 3, '75', 'C', '4', '2016-06-24', 'Розробка інформаційної системи для забезпечення функціонування Відділу державної реєстрації актів цивільного стану Краматорського міського управління юстиції у Донецькій області', 'Краматорское городское управление юстиции в Донецкой области', 0, '2014'),
(160, 47215969, 31, '75', 'C', '4', '2016-06-24', 'Розробка інформаційної системи для формування спеціалізованих класів в ЗОШ № 11', 'г.Краматорск, ООШ № 11', 0, '2014'),
(161, 47215975, 6, '85', 'B', '4', '2016-06-22', 'Розробка інформаційної системи для управління енергобалансом промислового підприємства ТОВ «Краматорський феросплавний завод»', 'ООО \"Краматорский ферросплавный завод\"', 0, '2014'),
(162, 47314711, 0, '', '', '', '0000-00-00', '', '', 0, '2016'),
(163, 47501786, 6, '81', 'B', '4', '2016-06-29', 'Розробка інформаційної системи для управління депозитарною діяльністю ТОВ «Кремінь Брок»', 'ООО \"Кремень Брок\"', 0, '2014'),
(164, 47860489, 0, '', '', '', '0000-00-00', '', '', 0, '2015'),
(165, 47861087, 0, '', '', '', '0000-00-00', '', '', 0, '2015'),
(166, 47861270, 0, '', '', '', '0000-00-00', '', '', 0, '2015'),
(167, 47861482, 0, '', '', '', '0000-00-00', '', '', 0, '2015'),
(168, 47861493, 0, '', '', '', '0000-00-00', '', '', 0, '2015'),
(169, 47861523, 0, '', '', '', '0000-00-00', '', '', 0, '2015'),
(170, 47861578, 0, '', '', '', '0000-00-00', '', '', 0, '2015'),
(171, 47861669, 0, '', '', '', '0000-00-00', '', '', 0, '2015'),
(172, 47861755, 0, '', '', '', '0000-00-00', '', '', 0, '2015'),
(173, 47861813, 0, '', '', '', '0000-00-00', '', '', 0, '2015'),
(174, 47861817, 0, '', '', '', '0000-00-00', '', '', 0, '2015'),
(175, 47862011, 0, '', '', '', '0000-00-00', '', '', 0, '2015'),
(176, 47862077, 0, '', '', '', '0000-00-00', '', '', 0, '2015'),
(177, 47863785, 0, '', '', '', '0000-00-00', '', '', 0, '2015'),
(178, 47864911, 0, '', '', '', '0000-00-00', '', '', 0, '2015'),
(179, 47865099, 0, '', '', '', '0000-00-00', '', '', 0, '2015'),
(180, 47865115, 0, '', '', '', '0000-00-00', '', '', 0, '2015'),
(181, 47866171, 0, '', '', '', '0000-00-00', '', '', 0, '2015'),
(182, 47866260, 0, '', '', '', '0000-00-00', '', '', 0, '2015'),
(183, 47866863, 0, '', '', '', '0000-00-00', '', '', 0, '2015'),
(184, 47867025, 0, '', '', '', '0000-00-00', '', '', 0, '2015'),
(185, 47868495, 0, '', '', '', '0000-00-00', '', '', 0, '2015'),
(186, 48878121, 0, '', '', '', '0000-00-00', '', '', 0, '2016'),
(187, 48880714, 0, '', '', '', '0000-00-00', '', '', 0, '2016'),
(188, 48881921, 0, '', '', '', '0000-00-00', '', '', 0, '2016'),
(189, 48882982, 0, '', '', '', '0000-00-00', '', '', 0, '2016'),
(190, 48883088, 0, '', '', '', '0000-00-00', '', '', 0, '2016'),
(191, 48883102, 0, '', '', '', '0000-00-00', '', '', 0, '2016'),
(192, 48883115, 0, '', '', '', '0000-00-00', '', '', 0, '2016'),
(193, 48883228, 0, '', '', '', '0000-00-00', '', '', 0, '2016'),
(194, 48883284, 0, '', '', '', '0000-00-00', '', '', 0, '2016'),
(195, 48883568, 0, '', '', '', '0000-00-00', '', '', 0, '2016'),
(196, 48883621, 0, '', '', '', '0000-00-00', '', '', 0, '2016'),
(197, 48883634, 0, '', '', '', '0000-00-00', '', '', 0, '2016'),
(198, 48893178, 0, '', '', '', '0000-00-00', '', '', 0, '2016'),
(199, 48893181, 0, '', '', '', '0000-00-00', '', '', 0, '2016'),
(200, 48893552, 0, '', '', '', '0000-00-00', '', '', 0, '2016'),
(201, 48938254, 0, '', '', '', '0000-00-00', '', '', 0, '2016'),
(202, 49817121, 0, '', '', '', '0000-00-00', '', '', 0, '2017'),
(203, 49823333, 0, '', '', '', '0000-00-00', '', '', 0, '2017'),
(204, 49823398, 0, '', '', '', '0000-00-00', '', '', 0, '2017'),
(205, 49823425, 0, '', '', '', '0000-00-00', '', '', 0, '2017'),
(206, 49823449, 0, '', '', '', '0000-00-00', '', '', 0, '2017'),
(207, 49863821, 0, '', '', '', '0000-00-00', '', '', 0, '2017'),
(208, 49863896, 0, '', '', '', '0000-00-00', '', '', 0, '2017'),
(209, 49863898, 0, '', '', '', '0000-00-00', '', '', 0, '2017'),
(210, 49863902, 0, '', '', '', '0000-00-00', '', '', 0, '2017'),
(211, 49863967, 0, '', '', '', '0000-00-00', '', '', 0, '2017'),
(212, 49864008, 0, '', '', '', '0000-00-00', '', '', 0, '2017'),
(213, 49864090, 0, '', '', '', '0000-00-00', '', '', 0, '2017'),
(214, 49864238, 0, '', '', '', '0000-00-00', '', '', 0, '2017'),
(215, 49864264, 0, '', '', '', '0000-00-00', '', '', 0, '2017'),
(216, 49864332, 0, '', '', '', '0000-00-00', '', '', 0, '2017'),
(217, 49864354, 0, '', '', '', '0000-00-00', '', '', 0, '2017'),
(218, 49864380, 0, '', '', '', '0000-00-00', '', '', 0, '2017'),
(219, 49864446, 0, '', '', '', '0000-00-00', '', '', 0, '2017'),
(220, 49864576, 0, '', '', '', '0000-00-00', '', '', 0, '2017'),
(221, 10000001, 0, '67', 'D', '3', '2012-05-29', '', '', 0, ''),
(222, 10000002, 0, '96', 'A', '5', '2012-05-25', '', '', 1, ''),
(223, 10000003, 0, '99', 'A', '5', '2012-05-23', '', '', 1, ''),
(224, 10000004, 0, '81', 'B', '4', '2012-05-25', '', '', 0, ''),
(225, 10000005, 0, '70', 'D', '3', '2012-05-25', '', '', 0, ''),
(226, 10000006, 0, '91', 'A', '5', '2012-05-23', '', '', 0, ''),
(227, 10000007, 0, '90', 'A', '5', '2012-05-25', '', '', 1, ''),
(228, 10000008, 0, '92', 'A', '5', '2012-05-23', '', '', 0, ''),
(229, 10000009, 0, '59', 'E', '3', '2012-05-31', '', '', 0, ''),
(230, 10000010, 0, '85', 'B', '4', '2012-05-31', '', '', 1, ''),
(231, 10000011, 0, '90', 'A', '5', '2012-05-23', '', '', 1, ''),
(232, 10000012, 0, '72', 'D', '3', '2012-05-29', '', '', 0, ''),
(233, 10000013, 0, '99', 'A', '5', '2012-05-23', '', '', 1, ''),
(234, 10000014, 0, '95', 'A', '5', '2012-05-25', '', '', 0, ''),
(235, 10000015, 0, '81', 'B', '4', '2012-05-25', '', '', 0, ''),
(236, 10000016, 0, '75', 'C', '4', '2012-05-31', '', '', 0, ''),
(237, 10000017, 0, '95', 'A', '5', '2012-05-29', '', '', 1, ''),
(238, 10000018, 0, '90', 'A', '5', '2012-05-31', '', '', 0, ''),
(239, 10000019, 0, '96', 'A', '5', '2012-05-25', '', '', 1, ''),
(240, 10000020, 0, '58', 'E', '3', '2012-05-31', '', '', 0, ''),
(241, 10000021, 0, '90', 'A', '5', '2012-05-23', '', '', 1, ''),
(242, 10000022, 0, '85', 'B', '4', '2012-05-31', '', '', 0, ''),
(243, 10000023, 0, '83', 'B', '4', '2012-05-31', '', '', 1, ''),
(244, 10000024, 0, '55', 'E', '3', '2012-12-29', '', '', 0, ''),
(245, 10000025, 0, '56', 'E', '3', '2012-12-29', '', '', 0, ''),
(246, 10000026, 0, '55', 'E', '3', '2012-12-24', '', '', 0, ''),
(247, 10000027, 0, '55', 'E', '3', '2012-12-24', '', '', 0, ''),
(248, 10000028, 0, '100', 'A', '5', '2012-12-22', '', '', 0, ''),
(249, 10000029, 0, '99', 'A', '5', '2012-12-22', '', '', 0, ''),
(250, 10000030, 0, '90', 'A', '5', '2012-12-24', '', '', 0, ''),
(251, 10000031, 0, '98', 'A', '5', '2012-12-22', '', '', 0, ''),
(252, 10000032, 0, '90', 'A', '5', '2012-12-22', '', '', 0, ''),
(253, 10000033, 0, '100', 'A', '5', '2012-12-22', '', '', 0, ''),
(254, 10000034, 0, '95', 'A', '5', '2012-12-22', '', '', 0, ''),
(255, 10000035, 0, '90', 'A', '5', '2012-12-24', '', '', 0, ''),
(256, 10000036, 0, '82', 'B', '4', '2012-12-24', '', '', 0, ''),
(257, 10000037, 0, '61', 'E', '3', '2013-06-26', '', '', 0, ''),
(258, 10000038, 0, '65', 'D', '3', '2013-06-20', '', '', 0, ''),
(259, 10000039, 0, '98', 'A', '5', '2013-06-20', '', '', 0, ''),
(260, 10000040, 0, '98', 'A', '5', '2013-06-20', '', '', 0, ''),
(261, 10000041, 0, '68', 'D', '3', '2013-06-20', '', '', 0, ''),
(262, 10000042, 0, '83', 'B', '4', '2013-06-20', '', '', 0, ''),
(263, 10000043, 0, '75', 'C', '4', '2013-06-20', '', '', 0, ''),
(264, 10000044, 0, '85', 'B', '4', '2013-06-20', '', '', 0, ''),
(265, 10000045, 0, '85', 'B', '4', '2013-06-20', '', '', 1, ''),
(266, 10000046, 0, '98', 'A', '5', '2013-06-20', '', '', 0, ''),
(267, 10000047, 0, '70', 'D', '3', '2013-06-20', '', '', 1, ''),
(268, 10000048, 0, '75', 'C', '4', '2013-06-19', '', '', 0, ''),
(269, 10000049, 0, '90', 'A', '5', '2013-06-21', '', '', 1, ''),
(270, 10000050, 0, '95', 'A', '5', '2013-06-19', '', '', 0, ''),
(271, 10000051, 0, '98', 'A', '5', '2013-06-19', '', '', 1, ''),
(272, 10000052, 0, '93', 'A', '5', '2013-06-21', '', '', 0, ''),
(273, 10000053, 0, '93', 'A', '5', '2013-06-19', '', '', 1, ''),
(274, 10000054, 0, '81', 'B', '4', '2013-06-26', '', '', 0, ''),
(275, 10000055, 0, '78', 'C', '4', '2013-06-20', '', '', 0, ''),
(276, 10000056, 0, '55', 'E', '3', '2013-06-27', '', '', 0, ''),
(277, 10000057, 0, '55', 'E', '3', '2013-06-29', '', '', 0, ''),
(278, 10000058, 0, '56', 'E', '3', '2013-06-26', '', '', 0, ''),
(279, 10000059, 0, '93', 'A', '5', '2013-06-21', '', '', 0, ''),
(280, 10000060, 0, '91', 'A', '5', '2013-06-19', '', '', 0, ''),
(281, 10000061, 0, '75', 'C', '4', '2013-06-21', '', '', 1, ''),
(282, 10000062, 0, '100', 'A', '5', '2013-06-19', '', '', 0, ''),
(283, 10000063, 0, '85', 'B', '4', '2013-06-21', '', '', 0, ''),
(284, 10000064, 0, '98', 'A', '5', '2013-06-19', '', '', 1, ''),
(285, 10000065, 0, '75', 'C', '4', '2013-06-20', '', '', 0, ''),
(286, 10000066, 0, '100', 'A', '5', '2013-06-19', '', '', 1, ''),
(287, 10000067, 0, '68', 'D', '3', '2013-06-26', '', '', 0, ''),
(288, 10000068, 0, '85', 'B', '4', '2013-06-26', '', '', 0, ''),
(289, 10000069, 0, '90', 'A', '5', '2013-06-26', '', '', 0, ''),
(290, 10000070, 0, '92', 'A', '5', '2013-06-21', '', '', 0, ''),
(291, 10000071, 0, '55', 'E', '3', '2013-06-27', '', '', 0, ''),
(292, 10000072, 0, '93', 'A', '5', '2013-06-25', '', '', 0, ''),
(293, 10000073, 0, '55', 'E', '3', '2013-06-26', '', '', 0, ''),
(294, 10000074, 0, '55', 'E', '3', '2013-06-27', '', '', 0, ''),
(295, 10000075, 0, '65', 'D', '3', '2013-06-25', '', '', 0, ''),
(296, 10000076, 0, '91', 'A', '5', '2013-06-25', '', '', 0, ''),
(297, 10000077, 0, '81', 'B', '4', '2013-06-26', '', '', 0, ''),
(298, 10000078, 0, '81', 'B', '4', '2013-06-25', '', '', 0, ''),
(299, 10000079, 0, '93', 'A', '5', '2013-06-25', '', '', 0, ''),
(300, 10000080, 0, '55', 'E', '3', '2013-06-27', '', '', 0, ''),
(301, 10000081, 0, '55', 'E', '3', '2013-06-29', '', '', 0, ''),
(302, 10000082, 0, '97', 'A', '5', '2013-06-25', '', '', 0, ''),
(303, 10000083, 0, '93', 'A', '5', '2013-06-25', '', '', 0, ''),
(304, 10000084, 0, '87', 'B', '4', '2014-06-18', '', '', 0, ''),
(305, 10000085, 0, '96', 'A', '5', '2014-06-16', '', '', 0, ''),
(306, 10000086, 0, '93', 'A', '5', '2014-06-17', '', '', 0, ''),
(307, 10000087, 0, '78', 'C', '4', '2014-06-18', '', '', 0, ''),
(308, 10000088, 0, '73', 'D', '3', '2014-06-26', '', '', 0, ''),
(309, 10000089, 0, '96', 'A', '5', '2014-06-13', '', '', 0, ''),
(310, 10000090, 0, '91', 'A', '5', '2014-06-16', '', '', 0, ''),
(311, 10000091, 0, '96', 'A', '5', '2014-06-13', '', '', 0, ''),
(312, 10000092, 0, '99', 'A', '5', '2014-06-16', '', '', 0, ''),
(313, 10000093, 0, '94', 'A', '5', '2014-06-18', '', '', 1, ''),
(314, 10000094, 0, '79', 'C', '4', '2014-06-16', '', '', 0, ''),
(315, 10000095, 0, '90', 'A', '5', '2014-06-24', '', '', 0, ''),
(316, 10000096, 0, '84', 'B', '4', '2014-06-18', '', '', 0, ''),
(317, 10000097, 0, '98', 'A', '5', '2014-06-16', '', '', 0, ''),
(318, 10000098, 0, '80', 'C', '4', '2014-06-20', '', '', 0, ''),
(319, 10000099, 0, '65', 'D', '3', '2014-06-23', '', '', 0, ''),
(320, 10000100, 0, '90', 'A', '5', '2014-06-23', '', '', 0, ''),
(321, 10000101, 0, '93', 'A', '5', '2014-06-13', '', '', 0, ''),
(322, 10000102, 0, '83', 'B', '4', '2014-06-26', '', '', 0, ''),
(323, 10000103, 0, '78', 'C', '4', '2014-06-16', '', '', 0, ''),
(324, 10000104, 0, '92', 'A', '5', '2014-06-18', '', '', 1, ''),
(325, 10000105, 0, '97', 'A', '5', '2014-06-16', '', '', 0, ''),
(326, 10000106, 0, '90', 'A', '5', '2014-06-10', '', '', 0, ''),
(327, 10000107, 0, '96', 'A', '5', '2014-06-18', '', '', 0, ''),
(328, 10000108, 0, '78', 'C', '4', '2014-06-10', '', '', 0, ''),
(339, 10000109, 0, '95', 'A', '5', '2014-06-20', '', '', 0, ''),
(340, 10000110, 0, '81', 'B', '4', '2014-06-17', '', '', 0, ''),
(341, 10000111, 0, '78', 'C', '4', '2014-06-26', '', '', 0, ''),
(342, 10000112, 0, '81', 'B', '4', '2014-06-20', '', '', 0, ''),
(343, 10000113, 0, '75', 'C', '4', '2014-06-20', '', '', 0, ''),
(344, 10000114, 0, '81', 'B', '4', '2014-06-24', '', '', 0, ''),
(345, 10000115, 0, '77', 'C', '4', '2014-06-24', '', '', 0, ''),
(346, 10000116, 0, '83', 'B', '4', '2014-06-24', '', '', 0, ''),
(347, 10000117, 0, '85', 'B', '4', '2014-06-24', '', '', 0, ''),
(348, 10000118, 0, '90', 'A', '5', '2014-06-24', '', '', 0, ''),
(349, 10000119, 0, '83', 'B', '4', '2014-06-24', '', '', 0, ''),
(350, 10000120, 0, '84', 'B', '4', '2014-06-24', '', '', 0, ''),
(351, 10000121, 0, '77', 'C', '4', '2014-06-20', '', '', 0, ''),
(352, 10000122, 0, '86', 'B', '4', '2014-06-24', '', '', 0, ''),
(353, 10000123, 0, '55', 'E', '3', '2014-06-26', '', '', 0, ''),
(354, 10000124, 0, '95', 'A', '5', '2014-06-20', '', '', 0, ''),
(355, 10000125, 0, '90', 'A', '5', '2014-06-17', '', '', 0, ''),
(356, 10000126, 0, '90', 'A', '5', '2014-06-24', '', '', 0, ''),
(357, 10000127, 0, '85', 'B', '4', '2014-06-24', '', '', 0, ''),
(358, 10000128, 0, '90', 'A', '5', '2014-06-17', '', '', 0, ''),
(359, 10000129, 0, '85', 'B', '4', '2014-06-26', '', '', 0, ''),
(360, 10000130, 0, '77', 'C', '4', '2014-06-17', '', '', 0, ''),
(361, 10000131, 0, '83', 'B', '4', '2014-06-24', '', '', 0, ''),
(362, 10000132, 0, '78', 'C', '4', '2014-06-26', '', '', 0, ''),
(363, 10000133, 0, '87', 'B', '4', '2014-06-26', '', '', 0, ''),
(364, 10000134, 0, '79', 'C', '4', '2014-06-24', '', '', 0, ''),
(365, 10000135, 0, '83', 'B', '4', '2014-06-24', '', '', 0, ''),
(366, 10000136, 0, '90', 'A', '5', '2014-06-17', '', '', 1, ''),
(367, 10000137, 0, '81', 'B', '4', '2014-08-28', '', '', 0, ''),
(368, 10000138, 0, '81', 'B', '4', '2015-06-26', '', '', 0, ''),
(369, 10000139, 0, '97', 'A', '5', '2015-06-24', '', '', 0, ''),
(370, 10000140, 0, '94', 'A', '5', '2015-06-24', '', '', 0, ''),
(371, 10000141, 0, '75', 'C', '4', '2015-06-26', '', '', 0, ''),
(372, 10000142, 0, '98', 'A', '5', '2015-06-24', '', '', 0, ''),
(373, 10000143, 0, '93', 'A', '5', '2015-06-26', '', '', 0, ''),
(374, 10000144, 0, '66', 'D', '3', '2015-06-30', '', '', 0, ''),
(375, 10000145, 0, '81', 'B', '4', '2015-06-26', '', '', 0, ''),
(376, 10000146, 0, '65', 'D', '3', '2015-06-30', '', '', 0, ''),
(377, 10000147, 0, '55', 'E', '3', '2015-06-30', '', '', 0, ''),
(378, 10000148, 0, '94', 'A', '5', '2015-06-26', '', '', 0, ''),
(379, 10000149, 0, '81', 'B', '4', '2015-06-26', '', '', 0, ''),
(380, 10000150, 0, '92', 'A', '5', '2015-06-24', '', '', 0, ''),
(381, 10000151, 0, '75', 'C', '4', '2015-06-30', '', '', 0, ''),
(382, 10000152, 0, '98', 'A', '5', '2015-06-24', '', '', 0, ''),
(383, 10000153, 0, '91', 'A', '5', '2015-06-26', '', '', 1, ''),
(384, 10000154, 0, '60', 'E', '3', '2015-06-30', '', '', 0, ''),
(385, 10000155, 0, '98', 'A', '5', '2015-06-24', '', '', 0, ''),
(386, 10000156, 0, '55', 'E', '3', '2015-06-30', '', '', 0, ''),
(387, 10000157, 0, '79', 'C', '4', '2015-06-26', '', '', 0, ''),
(388, 10000158, 0, '81', 'B', '4', '2015-06-23', '', '', 0, ''),
(389, 10000159, 0, '77', 'C', '4', '2015-06-25', '', '', 0, ''),
(390, 10000160, 0, '81', 'B', '4', '2015-06-23', '', '', 1, ''),
(391, 10000161, 0, '77', 'C', '4', '2015-06-25', '', '', 0, ''),
(392, 10000162, 0, '81', 'B', '4', '2015-06-25', '', '', 0, ''),
(393, 10000163, 0, '91', 'A', '5', '2015-06-23', '', '', 0, ''),
(394, 10000164, 0, '91', 'A', '5', '2015-06-23', '', '', 0, ''),
(395, 10000165, 0, '95', 'A', '5', '2015-06-25', '', '', 0, ''),
(396, 10000166, 0, '82', 'B', '4', '2015-06-25', '', '', 0, ''),
(397, 10000167, 0, '93', 'A', '5', '2015-06-23', '', '', 0, ''),
(398, 10000168, 0, '81', 'B', '4', '2015-06-25', '', '', 0, ''),
(399, 10000169, 0, '84', 'B', '4', '2015-06-25', '', '', 0, ''),
(400, 10000170, 0, '81', 'B', '4', '2015-06-25', '', '', 0, ''),
(401, 10000171, 0, '63', 'E', '3', '2015-06-25', '', '', 0, ''),
(402, 10000172, 0, '77', 'C', '4', '2015-06-25', '', '', 0, ''),
(403, 10000173, 0, '77', 'C', '4', '2015-06-25', '', '', 0, ''),
(404, 10000174, 0, '85', 'B', '4', '2015-06-25', '', '', 0, ''),
(405, 10000175, 0, '77', 'C', '4', '2015-06-25', '', '', 0, ''),
(406, 10000176, 0, '90', 'A', '5', '2015-06-23', '', '', 0, ''),
(407, 10000177, 0, '95', 'A', '5', '2016-06-24', '', '', 0, ''),
(408, 10000178, 0, '85', 'B', '4', '2016-06-24', '', '', 0, ''),
(409, 10000179, 0, '95', 'A', '5', '2016-06-24', '', '', 0, ''),
(410, 10000180, 0, '81', 'B', '4', '2016-06-24', '', '', 0, ''),
(411, 10000181, 0, '90', 'A', '5', '2016-06-24', '', '', 0, ''),
(412, 10000182, 0, '95', 'A', '5', '2016-06-24', '', '', 0, ''),
(413, 10000183, 0, '75', 'C', '4', '2016-06-29', '', '', 0, ''),
(414, 10000184, 0, '75', 'C', '4', '2016-06-29', '', '', 0, ''),
(415, 10000185, 0, '85', 'B', '4', '2016-06-24', '', '', 0, ''),
(416, 10000186, 0, '75', 'C', '4', '2016-06-24', '', '', 0, ''),
(417, 10000187, 0, '85', 'B', '4', '2017-06-23', '', '', 0, ''),
(418, 10000188, 0, '90', 'A', '5', '2017-06-23', '', '', 0, ''),
(419, 10000189, 0, '65', 'D', '3', '2017-06-30', '', '', 0, ''),
(420, 10000190, 0, '78', 'C', '4', '2017-06-23', '', '', 0, ''),
(421, 10000191, 0, '70', 'D', '3', '2017-06-23', '', '', 0, ''),
(422, 10000192, 0, '75', 'C', '4', '2017-06-24', '', '', 0, ''),
(423, 10000193, 0, '79', 'C', '4', '2017-06-23', '', '', 0, ''),
(424, 10000194, 0, '82', 'B', '4', '2017-06-23', '', '', 0, ''),
(425, 10000195, 0, '81', 'B', '4', '2017-06-23', '', '', 0, ''),
(426, 10000196, 0, '84', 'B', '4', '2017-06-23', '', '', 0, ''),
(427, 10000197, 0, '65', 'D', '3', '2017-06-23', '', '', 0, ''),
(428, 10000198, 0, '81', 'B', '4', '2017-06-23', '', '', 0, ''),
(429, 4, 0, '100', '', '5', '2018-06-23', '', '', 0, '2018'),
(430, 46372090, 0, '75', '', '4', '2018-06-23', '', '', 0, '2018'),
(431, 45, 0, '67', '', '3', '2018-06-23', '', '', 0, '2018'),
(432, 46369339, 0, '97', '', '5', '2018-06-23', '', '', 0, '2018'),
(433, 46375220, 0, '96', '', '5', '2018-06-23', '', '', 0, '2018'),
(434, 46372410, 0, '97', '', '5', '2018-06-23', '', '', 0, '2018'),
(435, 46364077, 0, '90', '', '5', '2018-06-23', '', '', 0, '2018'),
(436, 46369740, 0, '69', '', '3', '2018-06-23', '', '', 0, '2018'),
(437, 38065619, 0, '92', '', '5', '2018-06-23', '', '', 0, '2018'),
(438, 46, 0, '91', '', '5', '2018-06-23', '', '', 0, '2018'),
(439, 46372513, 0, '92', '', '5', '2018-06-23', '', '', 0, '2018'),
(440, 42411705, 0, '72', '', '3', '2018-06-23', '', '', 0, '2018'),
(441, 46372516, 0, '79', '', '4', '2018-06-23', '', '', 0, '2018'),
(442, 46372421, 0, '71', '', '3', '2018-06-23', '', '', 0, '2018'),
(443, 46372231, 0, '97', '', '5', '2018-06-23', '', '', 0, '2018'),
(444, 46363941, 0, '79', '', '4', '2018-06-23', '', '', 0, '2018'),
(445, 46372237, 0, '81', '', '4', '2018-06-23', '', '', 0, '2018'),
(446, 46369723, 0, '68', '', '3', '2018-06-23', '', '', 0, '2018'),
(447, 46369299, 0, '91', '', '5', '2018-06-23', '', '', 0, '2018'),
(448, 46368146, 0, '75', '', '4', '2018-06-23', '', '', 0, '2018'),
(449, 46372257, 0, '93', '', '5', '2018-06-23', '', '', 0, '2018'),
(450, 46883242, 0, '71', '', '3', '2018-06-23', '', '', 0, '2018'),
(451, 46372623, 0, '75', '', '4', '2018-06-23', '', '', 0, '2018'),
(452, 44978659, 0, '75', '', '4', '2018-06-23', '', '', 0, '2018'),
(453, 16117948, 0, '90', '', '5', '2018-06-23', '', '', 0, '2018'),
(454, 16042917, 0, '76', '', '4', '2018-06-23', '', '', 0, '2018'),
(455, 16128724, 0, '90', '', '5', '2018-06-23', '', '', 0, '2018'),
(456, 16042914, 0, '75', '', '4', '2018-06-23', '', '', 0, '2018'),
(457, 16070952, 0, '75', '', '4', '2018-06-23', '', '', 0, '2018'),
(458, 16042919, 0, '75', '', '4', '2018-06-23', '', '', 0, '2018'),
(459, 16070940, 0, '75', '', '4', '2018-06-23', '', '', 0, '2018'),
(460, 16117959, 0, '75', '', '4', '2018-06-00', '', '', 0, '2018'),
(461, 16070925, 0, '81', '', '4', '2018-06-00', '', '', 0, '2018'),
(462, 16128725, 0, '75', '', '4', '2018-06-00', '', '', 0, '2018'),
(463, 47, 0, '90', '', '5', '2018-06-00', '', '', 0, '2018'),
(464, 48, 0, '75', '', '4', '2018-06-00', '', '', 0, '2018'),
(465, 49, 0, '76', '', '4', '2018-06-00', '', '', 0, '2018'),
(466, 47861813, 0, '98', '', '5', '2019-06-00', '', '', 0, '2019'),
(467, 47861669, 0, '93', '', '5', '2019-06-00', '', '', 0, '2019'),
(468, 47861817, 0, '65', '', '3', '2019-06-00', '', '', 0, '2019'),
(469, 47862077, 0, '60', '', '3', '2019-06-00', '', '', 0, '2019'),
(470, 47861482, 0, '90', '', '5', '2019-06-00', '', '', 0, '2019'),
(471, 47861755, 0, '96', '', '5', '2019-06-00', '', '', 0, '2019'),
(472, 47863785, 0, '68', '', '3', '2019-06-00', '', '', 0, '2019'),
(473, 47861523, 0, '67', '', '3', '2019-06-00', '', '', 0, '2019'),
(474, 47861578, 0, '75', '', '4', '2019-06-00', '', '', 0, '2019'),
(475, 47866260, 0, '67', '', '3', '2019-06-00', '', '', 0, '2019'),
(476, 47861270, 0, '94', '', '5', '2019-06-00', '', '', 0, '2019'),
(477, 47864911, 0, '64', '', '3', '2019-06-00', '', '', 0, '2019'),
(478, 47861087, 0, '92', '', '5', '2019-06-00', '', '', 0, '2019'),
(479, 47868495, 0, '97', '', '5', '2019-06-00', '', '', 0, '2019'),
(480, 47861493, 0, '71', '', '3', '2019-06-00', '', '', 0, '2019'),
(481, 47866863, 0, '95', '', '5', '2019-06-00', '', '', 0, '2019'),
(482, 17083884, 0, '55', '', '3', '2019-06-00', '', '', 0, '2019'),
(483, 39156080, 0, '55', '', '3', '2019-06-00', '', '', 0, '2019'),
(484, 17083945, 0, '72', '', '3', '2019-06-00', '', '', 0, '2019'),
(486, 17139564, 0, '55', '', '3', '2019-06-00', '', '', 0, '2019'),
(487, 17083932, 0, '75', '', '4', '2019-06-00', '', '', 0, '2019'),
(488, 17083926, 0, '55', '', '3', '2019-06-00', '', '', 0, '2019'),
(489, 17084042, 0, '55', '', '3', '2019-06-00', '', '', 0, '2019'),
(490, 17084045, 0, '90', '', '5', '2019-06-00', '', '', 0, '2019'),
(491, 17139555, 0, '90', '', '5', '2019-06-00', '', '', 0, '2019'),
(492, 17064413, 0, '90', '', '5', '2019-06-00', '', '', 0, '2019');

-- --------------------------------------------------------

--
-- Структура таблицы `Disciplines`
--

CREATE TABLE `Disciplines` (
  `Discipline_id` int(11) NOT NULL,
  `Discipline_name` varchar(255) NOT NULL
) ENGINE=InnoDB DEFAULT CHARSET=utf8;

--
-- Дамп данных таблицы `Disciplines`
--

INSERT INTO `Disciplines` (`Discipline_id`, `Discipline_name`) VALUES
(1, 'Іноземна мова (за проф. спрямуванням)'),
(2, 'Історія України'),
(3, 'Історія української культури'),
(4, 'Українська мова (за проф. спрямуванням)'),
(5, 'Філософія'),
(6, 'Фізичне виховання'),
(7, 'Алгебра і геометрія'),
(8, 'Випадкові процеси'),
(9, 'Вступ до навчального  процесу'),
(10, 'Дискретна математика'),
(11, 'Диференціальні рівняння'),
(12, 'Математична логіка і теорія алгоритмів'),
(13, 'Математичний аналіз'),
(14, 'Рівняння математичної фізики'),
(15, 'Теорія ймовірностей та математична статистика'),
(16, 'Фізика'),
(17, 'Функціональний аналіз'),
(18, 'Алгоритми і структури даних'),
(19, 'Аналіз даних та знань'),
(20, 'Архітектура обчислювальних систем'),
(21, 'Екологія'),
(22, 'Методи оптимізації та дослідження операцій'),
(23, 'Методи штучного інтелекту'),
(24, 'Моделювання складних систем'),
(25, 'Організація баз даних і знань'),
(26, 'Основи системного аналізу'),
(27, 'Основи охорони праці та безпека життєдіяльності'),
(28, 'Безпека життєдіяльності'),
(29, 'Основи охорони праці'),
(30, 'Програмування та алгоритмічні мови'),
(31, 'Теорія керування'),
(32, 'Теорія прийняття рішень'),
(33, 'Чисельні методи'),
(34, 'Героїчні особистості в Україні'),
(35, 'Історія науки і техніки'),
(36, 'Господарське та трудове право'),
(37, ' Етика та естетика'),
(38, 'Іноземна мова'),
(39, 'Інформаційні війни'),
(40, 'Технології психічної саморегуляції та взаємодії'),
(41, 'Політологія'),
(42, 'Правознавство'),
(43, 'Психологія'),
(44, 'Релігієзнавство'),
(45, 'Ділова риторика'),
(46, 'Етика сімейних відносин'),
(47, 'Основи економічної теорії'),
(48, 'Соціологія'),
(49, 'Економіка та бізнес'),
(50, 'Економічна інформатика'),
(51, 'Електронна комерцiя'),
(52, 'Комп\'ютерна графіка'),
(53, 'Комп\'ютерні мережі'),
(54, 'Нейромережні технології'),
(55, 'Операційні системи'),
(56, 'Основи наукових досліджень'),
(57, 'Проектування інформаційних систем'),
(58, 'Технологія створення програмних продуктів'),
(59, 'Управління IT-проектами'),
(60, 'Актуарні розрахунки'),
(61, 'Інформаційні системи в економіці'),
(62, 'Інформаційні системи і технології у банківській діяльності'),
(63, 'Моделювання економічної динаміки'),
(64, 'Web-технології та web-дизайн'),
(65, 'Інформаційні системи в економіці'),
(66, 'Технології захисту інформації');

-- --------------------------------------------------------

--
-- Структура таблицы `Discipline_fixation`
--

CREATE TABLE `Discipline_fixation` (
  `Discipline_fix_id` int(11) NOT NULL,
  `Plan_id` int(11) NOT NULL,
  `Teacher_id` int(11) NOT NULL,
  `Lecturer` varchar(255) NOT NULL,
  `Assistant` varchar(255) NOT NULL
) ENGINE=InnoDB DEFAULT CHARSET=utf8;

-- --------------------------------------------------------

--
-- Структура таблицы `Fixation_by_group`
--

CREATE TABLE `Fixation_by_group` (
  `Fix_by_group_id` int(11) NOT NULL,
  `Student_id` int(11) NOT NULL,
  `Group_id` int(11) NOT NULL,
  `Group_start_date` date NOT NULL,
  `Group_end_date` date NOT NULL,
  `Actuality` tinyint(4) NOT NULL,
  `Kolstud` int(11) NOT NULL
) ENGINE=InnoDB DEFAULT CHARSET=utf8;

--
-- Дамп данных таблицы `Fixation_by_group`
--

INSERT INTO `Fixation_by_group` (`Fix_by_group_id`, `Student_id`, `Group_id`, `Group_start_date`, `Group_end_date`, `Actuality`, `Kolstud`) VALUES
(1, 15013496, 9, '2015-09-01', '2017-06-30', 0, 0),
(2, 15013542, 9, '2015-09-01', '2017-06-30', 0, 0),
(3, 15013545, 9, '2015-09-01', '2017-06-30', 0, 0),
(4, 15013561, 9, '2015-09-01', '2017-06-30', 0, 0),
(5, 15013565, 9, '2015-09-01', '2016-06-30', 0, 0),
(6, 15013571, 9, '2015-09-01', '2017-06-30', 0, 0),
(7, 15013591, 9, '2015-09-01', '2017-06-30', 0, 0),
(8, 15013593, 9, '2015-09-01', '2017-06-30', 0, 0),
(9, 15013597, 9, '2015-09-01', '2017-06-30', 0, 0),
(10, 15013606, 9, '2015-09-01', '2017-06-30', 0, 0),
(11, 15013613, 9, '2015-09-01', '2017-06-30', 0, 0),
(12, 15013614, 9, '2015-09-01', '2017-06-30', 0, 0),
(13, 15020496, 9, '2015-09-01', '2016-06-30', 0, 0),
(14, 15043114, 9, '2015-09-01', '2016-06-30', 0, 0),
(15, 15043131, 9, '2015-09-01', '2017-06-30', 0, 0),
(16, 15043140, 9, '2015-09-01', '2017-06-01', 0, 0),
(17, 15043158, 9, '2015-09-01', '2017-06-30', 0, 0),
(18, 15043160, 9, '2015-09-01', '2016-06-30', 0, 0),
(19, 16042914, 10, '2016-09-01', '0000-00-00', 1, 0),
(20, 16042917, 10, '2016-09-01', '0000-00-00', 1, 0),
(21, 16042918, 10, '2016-09-01', '0000-00-00', 1, 0),
(22, 16042919, 10, '2016-09-01', '0000-00-00', 1, 0),
(23, 16048210, 10, '2016-09-01', '0000-00-00', 1, 0),
(24, 16070925, 10, '2016-09-01', '0000-00-00', 1, 0),
(25, 16070940, 10, '2016-09-01', '0000-00-00', 1, 0),
(26, 16070950, 10, '2016-09-01', '0000-00-00', 1, 0),
(27, 16070952, 10, '2016-09-01', '0000-00-00', 1, 0),
(28, 16117948, 10, '2016-09-01', '0000-00-00', 1, 0),
(29, 16117950, 10, '2016-09-01', '0000-00-00', 1, 0),
(30, 16117955, 10, '2016-09-01', '0000-00-00', 1, 0),
(31, 16117959, 10, '2016-09-01', '0000-00-00', 1, 0),
(32, 16117966, 11, '2017-09-01', '0000-00-00', 1, 0),
(33, 16117969, 11, '2017-09-01', '0000-00-00', 1, 0),
(34, 16117972, 11, '2017-09-01', '0000-00-00', 1, 0),
(35, 16117977, 11, '2017-09-01', '0000-00-00', 1, 0),
(36, 16128724, 11, '2017-09-01', '0000-00-00', 1, 0),
(37, 16128725, 11, '2017-09-01', '0000-00-00', 1, 0),
(38, 16128726, 11, '2017-09-01', '0000-00-00', 1, 0),
(39, 17064413, 11, '2017-09-01', '0000-00-00', 1, 0),
(40, 17083884, 11, '2017-09-01', '0000-00-00', 1, 0),
(41, 17083926, 11, '2017-09-01', '0000-00-00', 1, 0),
(42, 17083931, 11, '2017-09-01', '0000-00-00', 1, 0),
(43, 17083932, 11, '2017-09-01', '0000-00-00', 1, 0),
(44, 17083945, 11, '2017-09-01', '0000-00-00', 1, 0),
(45, 17084042, 11, '2017-09-01', '0000-00-00', 1, 0),
(46, 17084045, 11, '2017-09-01', '0000-00-00', 1, 0),
(47, 17139555, 11, '2017-09-01', '0000-00-00', 1, 0),
(48, 17139561, 11, '2017-09-01', '0000-00-00', 1, 0),
(49, 17139564, 11, '2017-09-01', '0000-00-00', 1, 0),
(50, 17139565, 11, '2017-09-01', '0000-00-00', 1, 0),
(51, 28086943, 13, '2013-09-01', '2014-06-30', 0, 0),
(52, 38065619, 3, '2014-09-29', '0000-00-00', 1, 0),
(53, 38065633, 2, '2013-09-01', '2014-06-30', 0, 0),
(54, 38073082, 1, '2012-09-01', '2016-06-30', 0, 0),
(55, 38079935, 2, '2013-09-01', '2017-06-30', 0, 0),
(56, 39156080, 11, '2017-09-01', '0000-00-00', 1, 0),
(57, 40896826, 2, '2013-09-01', '2016-06-30', 0, 0),
(58, 40897824, 3, '2014-09-29', '2016-06-30', 0, 0),
(59, 41622898, 12, '2012-09-01', '2014-06-30', 0, 0),
(60, 42411582, 1, '2012-09-01', '2016-06-30', 0, 0),
(61, 42411651, 1, '2012-09-01', '2016-06-30', 0, 0),
(62, 42411705, 1, '2012-09-01', '2016-06-30', 0, 0),
(63, 42411777, 1, '2012-09-01', '2016-06-30', 0, 0),
(64, 42411781, 1, '2012-09-01', '2016-06-30', 0, 0),
(65, 42411828, 1, '2012-09-01', '2014-06-30', 0, 0),
(66, 42418070, 1, '2012-09-01', '2014-06-30', 0, 0),
(67, 42418094, 1, '2012-09-01', '2014-06-30', 0, 0),
(68, 42419478, 12, '2012-09-01', '2013-06-30', 0, 0),
(69, 42423172, 1, '2012-09-01', '2016-06-30', 0, 0),
(70, 42423270, 3, '2014-09-29', '2015-02-01', 0, 0),
(71, 42423349, 1, '2012-09-01', '2014-06-30', 0, 0),
(72, 42423352, 1, '2012-09-01', '2016-06-30', 0, 0),
(73, 42423548, 1, '2012-09-01', '2014-06-30', 0, 0),
(74, 42423568, 1, '2012-09-01', '2016-06-30', 0, 0),
(75, 42423626, 1, '2012-09-01', '2016-06-30', 0, 0),
(76, 42433197, 1, '2012-09-01', '2016-06-30', 0, 0),
(77, 42433218, 1, '2012-09-01', '2014-06-30', 0, 0),
(78, 42433563, 1, '2012-09-01', '2014-06-30', 0, 0),
(79, 42438963, 1, '2012-09-01', '2016-06-30', 0, 0),
(80, 42617664, 12, '2012-09-01', '2014-06-30', 0, 0),
(81, 42658150, 1, '2012-09-01', '2014-06-30', 0, 0),
(82, 43377610, 12, '2012-09-01', '2013-06-30', 0, 0),
(83, 43377625, 12, '2012-09-01', '2014-06-30', 0, 0),
(84, 43377657, 12, '2012-09-01', '2014-06-30', 0, 0),
(85, 43377658, 12, '2012-09-01', '2014-06-30', 0, 0),
(86, 43377662, 12, '2012-09-01', '2014-06-30', 0, 0),
(87, 43378698, 12, '2012-09-01', '2014-06-30', 0, 0),
(88, 43485508, 12, '2012-09-01', '2013-06-30', 0, 0),
(89, 43485510, 12, '2012-09-01', '2014-06-30', 0, 0),
(90, 43837053, 12, '2012-09-01', '2014-06-30', 0, 0),
(91, 43837083, 12, '2012-09-01', '2014-06-30', 0, 0),
(92, 44802406, 6, '2017-09-01', '0000-00-00', 1, 0),
(93, 44802999, 2, '2013-09-01', '2014-06-30', 0, 0),
(94, 44803000, 2, '2013-09-01', '2017-06-30', 0, 0),
(95, 44803076, 2, '2013-09-01', '2014-06-30', 0, 0),
(96, 44803088, 2, '2013-09-01', '2014-06-30', 0, 0),
(97, 44803163, 2, '2013-09-01', '2017-06-30', 0, 0),
(98, 44803201, 2, '2013-09-01', '2017-06-30', 0, 0),
(99, 44803234, 2, '2013-09-01', '2017-06-30', 0, 0),
(100, 44803241, 2, '2013-09-01', '2017-06-30', 0, 0),
(101, 44803249, 2, '2013-09-01', '2014-06-30', 0, 0),
(102, 44805357, 2, '2013-09-01', '2017-06-30', 0, 0),
(103, 44805539, 2, '2013-09-01', '2014-06-30', 0, 0),
(104, 44807010, 2, '2013-09-01', '2014-06-30', 0, 0),
(105, 44807189, 2, '2013-09-01', '2017-06-30', 0, 0),
(106, 44807201, 2, '2013-09-01', '2014-06-30', 0, 0),
(107, 44817250, 2, '2013-09-01', '2017-06-30', 0, 0),
(108, 44823298, 2, '2013-09-01', '2017-06-30', 0, 0),
(109, 44823416, 2, '2013-09-01', '2015-06-30', 0, 0),
(110, 44823500, 2, '2013-09-01', '2015-06-30', 0, 0),
(111, 44826227, 2, '2013-09-01', '2017-06-30', 0, 0),
(112, 44827159, 2, '2013-09-01', '2017-06-30', 0, 0),
(113, 44831843, 2, '2013-09-01', '2017-06-30', 0, 0),
(114, 44831878, 2, '2013-09-01', '2017-06-30', 0, 0),
(115, 44831898, 2, '2013-09-01', '2016-06-30', 0, 0),
(116, 44832070, 3, '2014-09-29', '0000-00-00', 1, 0),
(117, 44832161, 2, '2013-09-01', '2017-06-30', 0, 0),
(118, 44834868, 2, '2013-09-01', '2017-06-30', 0, 0),
(119, 44978659, 3, '2014-09-29', '0000-00-00', 1, 0),
(120, 44984388, 2, '2013-09-01', '2015-06-30', 0, 0),
(121, 45381977, 13, '2013-09-01', '2014-06-30', 0, 0),
(122, 45460859, 2, '2013-09-01', '2017-06-30', 0, 0),
(123, 45642944, 13, '2013-09-01', '2014-06-30', 0, 0),
(124, 45642949, 13, '2013-09-01', '2014-06-30', 0, 0),
(125, 45642950, 13, '2013-09-01', '2014-06-30', 0, 0),
(126, 45642956, 8, '2014-09-01', '2015-06-30', 0, 0),
(127, 46165859, 3, '2014-09-29', '0000-00-00', 1, 0),
(128, 46363901, 5, '2016-09-01', '0000-00-00', 1, 0),
(129, 46363941, 3, '2014-09-29', '0000-00-00', 1, 0),
(130, 46364077, 3, '2014-09-29', '0000-00-00', 1, 0),
(131, 46368146, 3, '2014-09-29', '0000-00-00', 1, 0),
(132, 46369299, 3, '2014-09-29', '0000-00-00', 1, 0),
(133, 46369339, 3, '2014-09-29', '0000-00-00', 1, 0),
(134, 46369365, 5, '2016-09-01', '0000-00-00', 1, 0),
(135, 46369723, 3, '2014-09-29', '0000-00-00', 1, 0),
(136, 46369740, 3, '2014-09-29', '0000-00-00', 1, 0),
(137, 46372090, 3, '2014-09-29', '0000-00-00', 1, 0),
(138, 46372192, 3, '2014-09-29', '0000-00-00', 1, 0),
(139, 46372227, 3, '2014-09-29', '0000-00-00', 1, 0),
(140, 46372231, 3, '2014-09-29', '0000-00-00', 1, 0),
(141, 46372237, 3, '2014-09-29', '0000-00-00', 1, 0),
(142, 46372257, 3, '2014-09-29', '0000-00-00', 1, 0),
(143, 46372410, 3, '2014-09-29', '0000-00-00', 1, 0),
(144, 46372421, 3, '2014-09-29', '0000-00-00', 1, 0),
(145, 46372513, 3, '2014-09-29', '0000-00-00', 1, 0),
(146, 46372516, 3, '2014-09-29', '0000-00-00', 1, 0),
(147, 46372623, 3, '2014-09-29', '0000-00-00', 1, 0),
(148, 46375220, 3, '2014-09-29', '0000-00-00', 1, 0),
(149, 46883242, 3, '2014-09-29', '0000-00-00', 1, 0),
(150, 47004101, 8, '2014-09-01', '2016-06-30', 0, 0),
(151, 47004108, 9, '2015-09-01', '2016-06-30', 0, 0),
(152, 47004112, 8, '2014-09-01', '2016-06-30', 0, 0),
(153, 47215934, 8, '2014-09-01', '2016-06-30', 0, 0),
(154, 47215936, 8, '2014-09-01', '2016-06-30', 0, 0),
(155, 47215957, 8, '2014-09-01', '2016-06-30', 0, 0),
(156, 47215958, 8, '2014-09-01', '2016-06-30', 0, 0),
(157, 47215959, 8, '2014-09-01', '2016-06-30', 0, 0),
(158, 47215967, 8, '2014-09-01', '2016-06-30', 0, 0),
(159, 47215968, 8, '2014-09-01', '2016-06-30', 0, 0),
(160, 47215969, 8, '2014-09-01', '2016-06-30', 0, 0),
(161, 47215975, 8, '2014-09-01', '2016-06-30', 0, 0),
(162, 47314711, 5, '2016-09-01', '0000-00-00', 1, 0),
(163, 47501786, 8, '2014-09-01', '2016-06-30', 0, 0),
(164, 47860489, 4, '2015-09-01', '0000-00-00', 1, 0),
(165, 47861087, 4, '2015-09-01', '0000-00-00', 1, 0),
(166, 47861270, 4, '2015-09-01', '0000-00-00', 1, 0),
(167, 47861482, 4, '2015-09-01', '0000-00-00', 1, 0),
(168, 47861493, 4, '2015-09-01', '0000-00-00', 1, 0),
(169, 47861523, 4, '2015-09-01', '0000-00-00', 1, 0),
(170, 47861578, 4, '2015-09-01', '0000-00-00', 1, 0),
(171, 47861669, 4, '2015-09-01', '0000-00-00', 1, 0),
(172, 47861755, 4, '2015-09-01', '0000-00-00', 1, 0),
(173, 47861813, 4, '2015-09-01', '0000-00-00', 1, 0),
(174, 47861817, 4, '2015-09-01', '0000-00-00', 1, 0),
(175, 47862011, 4, '2015-09-01', '0000-00-00', 1, 0),
(176, 47862077, 4, '2015-09-01', '0000-00-00', 1, 0),
(177, 47863785, 4, '2015-09-01', '0000-00-00', 1, 0),
(178, 47864911, 4, '2015-09-01', '0000-00-00', 1, 0),
(179, 47865099, 4, '2015-09-01', '0000-00-00', 1, 0),
(180, 47865115, 4, '2015-09-01', '0000-00-00', 1, 0),
(181, 47866171, 4, '2015-09-01', '0000-00-00', 1, 0),
(182, 47866260, 4, '2015-09-01', '0000-00-00', 1, 0),
(183, 47866863, 4, '2015-09-01', '0000-00-00', 1, 0),
(184, 47867025, 4, '2015-09-01', '0000-00-00', 1, 0),
(185, 47868495, 4, '2015-09-01', '0000-00-00', 1, 0),
(186, 48878121, 5, '2016-09-01', '0000-00-00', 1, 0),
(187, 48880714, 5, '2016-09-01', '0000-00-00', 1, 0),
(188, 48881921, 5, '2016-09-01', '0000-00-00', 1, 0),
(189, 48882982, 5, '2016-09-01', '0000-00-00', 1, 0),
(190, 48883088, 5, '2016-09-01', '0000-00-00', 1, 0),
(191, 48883102, 5, '2016-09-01', '0000-00-00', 1, 0),
(192, 48883115, 5, '2016-09-01', '0000-00-00', 1, 0),
(193, 48883228, 5, '2016-09-01', '0000-00-00', 1, 0),
(194, 48883284, 5, '2016-09-01', '0000-00-00', 1, 0),
(195, 48883568, 5, '2016-09-01', '0000-00-00', 1, 0),
(196, 48883621, 5, '2016-09-01', '0000-00-00', 1, 0),
(197, 48883634, 5, '2016-09-01', '0000-00-00', 1, 0),
(198, 48893178, 5, '2016-09-01', '0000-00-00', 1, 0),
(199, 48893181, 5, '2016-09-01', '0000-00-00', 1, 0),
(200, 48893552, 5, '2016-09-01', '0000-00-00', 1, 0),
(201, 48938254, 5, '2016-09-01', '0000-00-00', 1, 0),
(202, 49817121, 6, '2017-09-01', '0000-00-00', 1, 0),
(203, 49823333, 6, '2017-09-01', '0000-00-00', 1, 0),
(204, 49823398, 6, '2017-09-01', '0000-00-00', 1, 0),
(205, 49823425, 6, '2017-09-01', '0000-00-00', 1, 0),
(206, 49823449, 6, '2017-09-01', '0000-00-00', 1, 0),
(207, 49863821, 6, '2017-09-01', '0000-00-00', 1, 0),
(208, 49863896, 6, '2017-09-01', '0000-00-00', 1, 0),
(209, 49863898, 6, '2017-09-01', '0000-00-00', 1, 0),
(210, 49863902, 6, '2017-09-01', '0000-00-00', 1, 0),
(211, 49863967, 6, '2017-09-01', '0000-00-00', 1, 0),
(212, 49864008, 6, '2017-09-01', '0000-00-00', 1, 0),
(213, 49864090, 6, '2017-09-01', '0000-00-00', 1, 0),
(214, 49864238, 6, '2017-09-01', '0000-00-00', 1, 0),
(215, 49864264, 6, '2017-09-01', '0000-00-00', 1, 0),
(216, 49864332, 6, '2017-09-01', '0000-00-00', 1, 0),
(217, 49864354, 6, '2017-09-01', '0000-00-00', 1, 0),
(218, 49864380, 6, '2017-09-01', '0000-00-00', 1, 0),
(219, 49864446, 6, '2017-09-01', '0000-00-00', 1, 0),
(220, 49864576, 6, '2017-09-01', '0000-00-00', 1, 0),
(221, 1, 9, '2015-09-01', '2017-06-30', 1, 0),
(222, 2, 10, '2015-09-01', '2017-06-30', 1, 0),
(223, 3, 11, '2015-09-01', '2017-06-30', 1, 0),
(224, 4, 3, '0000-00-00', '0000-00-00', 0, 0);

-- --------------------------------------------------------

--
-- Структура таблицы `Fixation_by_position_teacher`
--

CREATE TABLE `Fixation_by_position_teacher` (
  `Fix_by_teach_id` int(11) NOT NULL,
  `Teacher_id` int(11) NOT NULL,
  `Position_id` int(11) NOT NULL,
  `Start_date` date NOT NULL,
  `End_date` date NOT NULL,
  `Actuality` tinyint(1) NOT NULL,
  `Kolteach` int(11) NOT NULL
) ENGINE=InnoDB DEFAULT CHARSET=utf8;

--
-- Дамп данных таблицы `Fixation_by_position_teacher`
--

INSERT INTO `Fixation_by_position_teacher` (`Fix_by_teach_id`, `Teacher_id`, `Position_id`, `Start_date`, `End_date`, `Actuality`, `Kolteach`) VALUES
(1, 1, 1, '2017-10-02', '0000-00-00', 1, 0),
(2, 2, 2, '2012-09-01', '0000-00-00', 1, 0),
(3, 3, 2, '2012-09-01', '0000-00-00', 1, 0),
(4, 4, 2, '2012-09-01', '0000-00-00', 1, 0),
(5, 5, 3, '2012-09-01', '2014-07-31', 0, 0),
(6, 5, 2, '2014-08-01', '0000-00-00', 1, 0),
(7, 6, 3, '2012-09-01', '2014-12-31', 0, 0),
(8, 6, 2, '2015-01-01', '0000-00-00', 1, 0),
(9, 7, 3, '2012-09-01', '2015-11-30', 0, 0),
(10, 7, 2, '2015-12-01', '0000-00-00', 1, 0),
(11, 8, 2, '2014-09-01', '0000-00-00', 0, 0),
(12, 9, 2, '2014-09-01', '0000-00-00', 0, 0),
(13, 10, 4, '2014-09-01', '2016-08-31', 0, 0),
(14, 10, 3, '2016-09-01', '0000-00-00', 1, 0),
(15, 11, 3, '2012-09-01', '0000-00-00', 0, 0),
(16, 12, 4, '2015-09-01', '0000-00-00', 1, 0),
(17, 13, 2, '2015-09-01', '0000-00-00', 0, 0),
(18, 14, 4, '2013-09-01', '0000-00-00', 1, 0),
(19, 15, 4, '2012-09-01', '2017-09-30', 0, 0),
(20, 15, 3, '2017-10-01', '0000-00-00', 1, 0),
(21, 18, 1, '2012-09-01', '2014-07-31', 0, 0),
(22, 19, 3, '2012-09-01', '2013-07-31', 0, 0),
(23, 19, 2, '2013-08-01', '2016-06-30', 0, 0),
(24, 20, 4, '2012-09-01', '2014-06-30', 0, 0),
(25, 21, 4, '2012-09-01', '2014-06-30', 0, 0),
(26, 22, 4, '2012-09-01', '2014-11-30', 0, 0),
(27, 23, 4, '2012-09-01', '2013-07-31', 0, 0),
(28, 24, 4, '2012-09-01', '2016-06-30', 0, 0),
(29, 25, 4, '2012-09-01', '2014-07-31', 0, 0),
(30, 26, 3, '2012-09-01', '2013-07-31', 0, 0),
(31, 26, 4, '2013-08-01', '2014-07-31', 0, 0),
(32, 27, 3, '2012-09-01', '2014-07-31', 0, 0),
(33, 28, 4, '2012-09-01', '2013-07-31', 0, 0),
(34, 29, 2, '2012-09-01', '2013-07-31', 0, 0),
(35, 30, 4, '2013-09-01', '2014-07-31', 0, 0),
(36, 31, 2, '2015-09-01', '2016-07-31', 0, 0);

-- --------------------------------------------------------

--
-- Структура таблицы `Fixation_by_rank_teacher`
--

CREATE TABLE `Fixation_by_rank_teacher` (
  `Fix_by_rank_teach_id` int(11) NOT NULL,
  `Teacher_id` int(11) DEFAULT NULL,
  `Rank_id` int(11) DEFAULT NULL,
  `Start_date` date DEFAULT NULL,
  `End_date` date DEFAULT NULL,
  `Actuality` tinyint(1) DEFAULT '0'
) ENGINE=MyISAM DEFAULT CHARSET=utf8;

--
-- Дамп данных таблицы `Fixation_by_rank_teacher`
--

INSERT INTO `Fixation_by_rank_teacher` (`Fix_by_rank_teach_id`, `Teacher_id`, `Rank_id`, `Start_date`, `End_date`, `Actuality`) VALUES
(1, 1, 5, '2017-10-02', NULL, 1),
(2, 2, 1, '2012-02-01', NULL, 1),
(3, 3, 1, '2012-02-01', NULL, 1),
(4, 4, 2, '2012-02-01', NULL, 1),
(5, 5, 2, '2012-02-01', NULL, 1),
(6, 6, 2, '2012-02-01', NULL, 1),
(8, 8, 3, '2015-09-01', NULL, 0),
(9, 9, 4, '2015-09-01', NULL, 0),
(10, 10, 2, '2016-09-01', NULL, 1),
(11, 13, 2, '2015-09-01', NULL, 0),
(12, 18, 6, '2012-09-01', '2014-06-30', 0),
(13, 19, 2, '2012-09-01', '2016-06-30', 0),
(14, 26, 4, '2012-09-01', '2014-06-30', 0),
(15, 29, 1, '2012-09-01', '2013-06-30', 0),
(16, 31, 2, '2015-09-01', '2017-06-30', 0),
(7, 7, 1, '2012-02-01', NULL, 1);

-- --------------------------------------------------------

--
-- Структура таблицы `Fixation_speciality_to_cathedra`
--

CREATE TABLE `Fixation_speciality_to_cathedra` (
  `Fix_speciality_to_cathedra_id` int(11) NOT NULL,
  `Speciality_id` int(11) NOT NULL,
  `Cathedra_id` int(11) NOT NULL,
  `Date1` date NOT NULL,
  `Date2` date NOT NULL,
  `Actuality` tinyint(4) NOT NULL
) ENGINE=InnoDB DEFAULT CHARSET=utf8;

--
-- Дамп данных таблицы `Fixation_speciality_to_cathedra`
--

INSERT INTO `Fixation_speciality_to_cathedra` (`Fix_speciality_to_cathedra_id`, `Speciality_id`, `Cathedra_id`, `Date1`, `Date2`, `Actuality`) VALUES
(1, 1, 1, '2017-09-01', '0000-00-00', 1),
(2, 2, 1, '2017-09-01', '0000-00-00', 1),
(3, 3, 1, '2017-09-01', '2017-06-30', 0);

-- --------------------------------------------------------

--
-- Структура таблицы `Fixation_teacher_to_cathedra`
--

CREATE TABLE `Fixation_teacher_to_cathedra` (
  `Fix_teacher_to_cathedra` int(11) NOT NULL,
  `Teacher_id` int(11) NOT NULL,
  `Cathedra_id` int(11) NOT NULL,
  `Rank_id` int(11) NOT NULL,
  `Start_year` date NOT NULL,
  `End_year` date NOT NULL,
  `Rank` varchar(255) NOT NULL,
  `Actuality` tinyint(4) NOT NULL
) ENGINE=InnoDB DEFAULT CHARSET=utf8;

--
-- Дамп данных таблицы `Fixation_teacher_to_cathedra`
--

INSERT INTO `Fixation_teacher_to_cathedra` (`Fix_teacher_to_cathedra`, `Teacher_id`, `Cathedra_id`, `Rank_id`, `Start_year`, `End_year`, `Rank`, `Actuality`) VALUES
(1, 1, 1, 1, '2017-10-02', '0000-00-00', '', 1),
(2, 2, 1, 2, '2012-09-01', '0000-00-00', '', 1),
(3, 3, 1, 2, '2012-09-01', '0000-00-00', '', 1),
(4, 4, 1, 2, '2012-09-01', '0000-00-00', '', 1),
(5, 5, 1, 3, '2012-09-01', '2014-07-31', '', 0),
(6, 5, 1, 2, '2014-08-01', '0000-00-00', '', 1),
(7, 6, 1, 3, '2012-09-01', '2014-12-31', '', 0),
(8, 6, 1, 2, '2015-01-01', '0000-00-00', '', 1),
(9, 7, 1, 3, '2012-09-01', '2015-11-30', '', 0),
(10, 7, 1, 2, '2015-12-01', '0000-00-00', '', 1),
(11, 8, 1, 2, '2014-09-01', '0000-00-00', '', 0),
(12, 9, 1, 2, '2014-09-01', '0000-00-00', '', 0),
(13, 10, 1, 4, '2014-09-01', '2016-08-31', '', 0),
(14, 10, 1, 3, '2016-09-01', '0000-00-00', '', 1),
(15, 11, 1, 3, '2012-09-01', '0000-00-00', '', 0),
(16, 12, 1, 4, '2015-09-01', '0000-00-00', '', 1),
(17, 13, 1, 2, '2015-09-01', '0000-00-00', '', 0),
(18, 14, 1, 4, '2013-09-01', '0000-00-00', '', 1),
(19, 15, 1, 4, '2012-09-01', '2017-09-30', '', 0),
(20, 15, 1, 3, '2017-10-01', '0000-00-00', '', 1),
(21, 18, 1, 1, '2012-09-01', '2014-07-31', '', 0),
(22, 19, 1, 3, '2012-09-01', '2013-07-31', '', 0),
(23, 19, 1, 2, '2013-08-01', '2016-06-30', '', 0),
(24, 20, 1, 4, '2012-09-01', '2014-06-30', '', 0),
(25, 21, 1, 4, '2012-09-01', '2014-06-30', '', 0),
(26, 22, 1, 4, '2012-09-01', '2014-11-30', '', 0),
(27, 23, 1, 4, '2012-09-01', '2012-07-31', '', 0),
(28, 24, 1, 4, '2012-09-01', '2016-06-30', '', 0),
(29, 25, 1, 4, '2012-09-01', '2014-07-31', '', 0),
(30, 26, 1, 3, '2012-09-01', '2013-07-31', '', 0),
(31, 26, 1, 4, '2013-08-01', '2014-06-30', '', 0),
(32, 27, 1, 3, '2012-09-01', '2014-06-30', '', 0),
(33, 28, 1, 4, '2012-09-01', '2013-06-30', '', 0),
(34, 29, 1, 2, '2012-09-01', '2013-06-30', '', 0),
(35, 30, 1, 4, '2013-09-01', '2014-06-30', '', 0),
(36, 31, 1, 2, '2015-09-01', '2016-06-30', '', 0);

-- --------------------------------------------------------

--
-- Структура таблицы `Group_academy`
--

CREATE TABLE `Group_academy` (
  `Group_id` int(11) NOT NULL,
  `Speciality_id` int(11) NOT NULL,
  `Group_name` varchar(255) NOT NULL,
  `Start_year` date NOT NULL,
  `End_year` date NOT NULL,
  `Actuality` tinyint(4) NOT NULL,
  `Kolstud` int(11) DEFAULT NULL
) ENGINE=InnoDB DEFAULT CHARSET=utf8;

--
-- Дамп данных таблицы `Group_academy`
--

INSERT INTO `Group_academy` (`Group_id`, `Speciality_id`, `Group_name`, `Start_year`, `End_year`, `Actuality`, `Kolstud`) VALUES
(1, 1, 'СМ-12-1', '2012-09-01', '2016-06-30', 0, NULL),
(2, 1, 'СМ-13-1', '2013-09-01', '2017-06-30', 0, NULL),
(3, 1, 'СМ-14-1', '2014-09-29', '0000-00-00', 1, NULL),
(4, 1, 'СМ-15-1', '2015-09-01', '0000-00-00', 1, NULL),
(5, 1, 'СМ-16-1', '2017-09-01', '0000-00-00', 1, NULL),
(6, 2, 'СА-17-1', '2017-09-01', '0000-00-00', 1, NULL),
(7, 2, 'ИСТ-17-1', '2017-09-01', '0000-00-00', 1, NULL),
(8, 1, 'СМ-14-т', '2014-09-01', '2016-06-30', 0, NULL),
(9, 1, 'СМ-15-т', '2015-09-01', '2017-06-30', 0, NULL),
(10, 1, 'СМ-16-т', '2016-09-01', '0000-00-00', 1, NULL),
(11, 1, 'СА-17-т', '2017-09-01', '0000-00-00', 1, NULL),
(12, 1, 'СМ-12-т', '2012-09-01', '2014-06-30', 0, NULL),
(13, 1, 'СМ-13-т', '2013-09-01', '2015-06-30', 0, NULL),
(14, 1, 'СА-17-м', '2017-09-01', '2018-12-30', 1, NULL),
(15, 1, 'ИСТ-17-м', '2017-09-01', '2018-12-30', 1, NULL);

-- --------------------------------------------------------

--
-- Структура таблицы `List_stud`
--

CREATE TABLE `List_stud` (
  `List_stud_id` int(11) NOT NULL,
  `Student_id` int(11) NOT NULL
) ENGINE=InnoDB DEFAULT CHARSET=utf8;

--
-- Дамп данных таблицы `List_stud`
--

INSERT INTO `List_stud` (`List_stud_id`, `Student_id`) VALUES
(1, 49864238),
(2, 49864264),
(3, 49864008),
(4, 47861813),
(5, 46369339),
(6, 49864380),
(7, 48893181),
(8, 48878121),
(9, 48880714),
(10, 16070925),
(11, 47861270),
(12, 49823449),
(13, 49864576),
(14, 48883115),
(15, 47868495),
(16, 4);

-- --------------------------------------------------------

--
-- Структура таблицы `migration`
--

CREATE TABLE `migration` (
  `version` varchar(180) NOT NULL,
  `apply_time` int(11) DEFAULT NULL
) ENGINE=InnoDB DEFAULT CHARSET=utf8;

--
-- Дамп данных таблицы `migration`
--

INSERT INTO `migration` (`version`, `apply_time`) VALUES
('m000000_000000_base', 1516988260),
('m130524_201442_init', 1517059280),
('m140506_102106_rbac_init', 1521121027),
('m170907_052038_rbac_add_index_on_auth_assignment_user_id', 1521121027);

-- --------------------------------------------------------

--
-- Структура таблицы `news`
--

CREATE TABLE `news` (
  `id` int(11) NOT NULL,
  `title` varchar(255) NOT NULL,
  `text` text,
  `status_id` int(11) NOT NULL DEFAULT '1',
  `date` datetime NOT NULL,
  `image` varchar(255) NOT NULL,
  `url` varchar(255) NOT NULL,
  `author_id` int(11) NOT NULL
) ENGINE=InnoDB DEFAULT CHARSET=utf8;

--
-- Дамп данных таблицы `news`
--

INSERT INTO `news` (`id`, `title`, `text`, `status_id`, `date`, `image`, `url`, `author_id`) VALUES
(1, 'У ДДМА відбувся святковий концерт до Дня Збройних Сил України', '6 грудня в актовому залі Академії на честь Дня Збройних Сил України відбувся святковий концерт. Із привітальним словом виступили перший проректор ДДМА Анатолій Фесенко, член вищої ради українського реєстрового козацтва, головний отаман Донецької області, радник міського голови м. Краматорськ, генерал Сергій Міхальков, командир окремого ремонтно-відновлювального батальйону ООС, підполковник Сергій Дешевенко.', 1, '2018-10-08 19:53:27', '1.jpg', 'http://www.dgma.donetsk.ua/u-ddma-vidbuvsya-svyatkoviy-kontsert-do-dnya-zbroynih-sil-ukrayini-2018.html', 1),
(2, 'Шахісти ДДМА стали кращими в області серед студентів', '5 грудня в Краматорську відбувся обласний турнір із шахів пам`яті І.М. Митька серед ЗВО III–IV рівнів акредитації. ДДМА представляли три команди: Олександр Касьянюк, Олена Мартинкова, Михайло Сафронов – команда ДДМА-1; Олена Балаболко, Андрій Касьянюк, Ярослав Недоруба – ДДМА-2; В\'ячеслав Хруслов, Андрій Літвінов, Дарія Чернишова – ДДМА-3.\r\n\r\nЗа результатами змагань наші студентки стали кращими шахістками області. В особистому заліку серед дівчат 1-е місце завоювала Олена Мартинкова (майстер спорту міжнародного класу); 2-е місце виборола Олена Балаболко (1-й розряд); 3-є місце – Дарія Чернишова.\r\n\r\nВ особистому заліку серед юнаків 3-є місце посів Михайло Сафронов (кандидат у майстри спорту).', 1, '2018-12-12 04:08:00', '2.jpg', 'http://www.dgma.donetsk.ua/shahistki-ddma-stalili-kraschimi-v-oblasti-sered-studentiv.html', 1),
(3, 'Із днем народження, ФІТО!', '5 грудня в актовому залі ДДМА відбувся концерт, присвячений Дню народження ФІТО.\r\n\r\nСвяткування дня народження почалося зі стендапу, де продемонстрували еволюцію студентів факультету. Присутнім у залі також видалася можливість згадати танець першокурсників, який вони танцювали на Дебюті. Запальні танці, пісні та смішний інтелектуальний батл між студентами та викладачами не залишили нікого байдужими. Глядачі дуже тепло зустрічали всіх учасників концерту та підтримували їх бурхливими оплесками.\r\n\r\nДекан факультету Олександр Гринь привітав із таким чудовим святом усіх присутніх у залі. Він розповів про досягнення факультету за рік, що супроводжувалося презентацією. Із привітаннями до працівників і студентів вийшов на сцену перший проректор ДДМА Анатолій Фесенко. Кращі студенти, викладачі й співробітники факультету були нагороджені почесними грамотами.', 1, '2018-12-13 00:00:00', '3.jpg', 'http://www.dgma.donetsk.ua/iz-dnem-narodzhennya-fito.html', 1),
(4, 'PRO справжній образ Донбасу', '3 грудня в рекреації біля музею ДДМА відбулося відкриття виставки «Донбас: переPROчитання образу». На відкриття зібрались студенти і викладачі ДДМА, учні й вчителі шкіл. Виставка складається з декількох стендів, на яких надані штрихи до справжньої історії Донбасу.\r\n\r\nВиставку відкрив заступник голови Донецької облдержадміністрації Ігор Стокоз. Він підкреслив те, що існують міфи, нібито Донеччина – це якийсь окремий регіон. Це не так. Історія доводить, що саме тут українська нація гартувалась сотні років, проявляючи себе з найкращої сторони в найбільш важкі часи. Виставка допомагає зрозуміти, що Україна тут була, є і буде завжди.\r\n\r\nСпівробітник Українського інституту національної пам\'яті Ігор Каретніков розповів про ідею формування виставки.', 1, '2018-12-18 00:00:00', '4.jpg', 'http://www.dgma.donetsk.ua/pro-spravzhniy-obraz-donbasu.html', 1),
(5, 'Знайомитись зі спеціальностями можна дуже весело!', '1 грудня Академія відкрила свої двері для майбутніх абітурієнтів із Краматорська, Слов`янська, Дружківки та Торецька. Випускники коледжів, технікумів, ВПУ завітали до нас, щоби ближче познайомитися з Академією і дізнатися, як до неї вступити. Більшість випускників уже планують вступати до нашого вишу, а ті, хто тільки обдумує, де продовжити навчання, мали змогу краще дізнатися про навчання в ДДМА. День відкритих дверей у цьому році проходив у вигляді цікавого квесту.', 1, '0000-00-00 00:00:00', '5.jpg', 'http://www.dgma.donetsk.ua/znayomitis-zi-spetsialnostyami-mozhna-duzhe-veselo.html', 0),
(6, 'Вітаємо з нагородою!', 'Ректор ДДМА Віктор Ковальов – голова Донецького наукового центру Національної академії наук України і Міністерства освіти і науки України, доктор технічних наук, професор, нагороджений Почесною відзнакою Національної академії наук України за вагомий особистий внесок у розвиток вітчизняної науки, зміцнення науково-технічного потенціалу України, багаторічну сумлінну працю, високий професіоналізм та з нагоди 100-річчя Національної академії наук України.', 1, '2018-12-13 05:09:11', '6.jpg', 'http://www.dgma.donetsk.ua/vitaemo-z-nagorodoyu.html', 1),
(7, 'Творимо добро!', 'До Дня святого Миколая, 21 грудня, волонтери ДДМА взяли участь у театральній постанові «Випадкові зустрічі», яка пройшла в Центрі соціально-психологічної реабілітації дітей. Після вистави наші волонтери спільно з Асоціацією молоді НКМЗ провели конкурсну програму і святкову дискотеку для дітей Центру.', 1, '2018-12-12 00:15:14', '7.jpg', 'http://www.dgma.donetsk.ua/tvorimo-dobro.html', 1),
(8, 'Студентка ДДМА увійшла у п’ятірку сильніших шахісток України', 'Першокурсниця нової спеціальності ДДМА «Фізична культура і спорт» Олена Мартинкова (ФКС-18-1), майстер спорту міжнародного класу, узяла участь у фіналі чемпіонату України з шахів серед жінок, який проходив у Києві з 10 по 20 грудня. У турнірі за коловою системою грали 10 кращих шахісток нашої країни з Донецької, Харківської, Львівської, Херсонської, Миколаївської, Тернопільської, Вінницької областей і Києва. Наймолодшій учасниці було 15 років, найстаршій – 40. Олена єдина спортсменка з Донецької області, по дві шахістки представляли Харківську область та Київ.\r\n\r\nСклад спортсменів був рівний – два члени збірної України, призери й переможці чемпіонатів України, Європи та світу. Не було легких і прохідних партій. За результатами ігор наша шахістка набрала 4 очки з 9 можливих і посіла 5-е місце.', 1, '2018-12-19 05:00:12', '8.jpg', 'http://www.dgma.donetsk.ua/studentka-ddma-uviyshla-u-pyatirku-silnishih-shahistok-ukrayini.html', 1),
(9, 'ДДМА стала переможцем обласної універсіади', '19 грудня в ДДМА відбулася нарада Донецького обласного відділення (філії) Комітету з фізичного виховання та спорту Міністерства освіти і науки України з керівниками фізичного виховання закладів вищої освіти Донецької області.\r\n\r\nimg_main.jpg\r\nНа нараді були нагороджені навчальні заклади, які посіли призові місця в Універсіаді та обласних змаганнях серед студентів ЗВО та брали активну участь у спортивному житті області. В Універсіаді змагалися 8 вишів із таких видів спорту, як бадмінтон, настільний теніс, баскетбол, волейбол, легка атлетика, футзал, скелелазіння, волейбол пляжний, футбол, класичний пауерліфтинг, шахи.', 1, '2018-12-20 04:29:00', '9.jpg', 'http://www.dgma.donetsk.ua/ddma-stala-peremozhtsem-oblasnoyi-universiadi.html', 1);

-- --------------------------------------------------------

--
-- Структура таблицы `Plan`
--

CREATE TABLE `Plan` (
  `Plan_id` int(11) NOT NULL,
  `Discipline_id` int(11) NOT NULL,
  `Speciality_id` int(11) NOT NULL,
  `view_control` varchar(255) NOT NULL,
  `Lecture_hours` int(11) NOT NULL,
  `LR_hours` int(11) NOT NULL,
  `Practice_hours` int(11) NOT NULL,
  `Credits` int(11) NOT NULL,
  `Start_date` date NOT NULL,
  `End_date` date NOT NULL,
  `Semester` int(11) NOT NULL,
  `Actuality` tinyint(4) NOT NULL,
  `discipline_one` varchar(255) NOT NULL,
  `discipline_two` varchar(255) NOT NULL,
  `discipline_three` varchar(255) NOT NULL,
  `Course` varchar(255) NOT NULL
) ENGINE=InnoDB DEFAULT CHARSET=utf8;

--
-- Дамп данных таблицы `Plan`
--

INSERT INTO `Plan` (`Plan_id`, `Discipline_id`, `Speciality_id`, `view_control`, `Lecture_hours`, `LR_hours`, `Practice_hours`, `Credits`, `Start_date`, `End_date`, `Semester`, `Actuality`, `discipline_one`, `discipline_two`, `discipline_three`, `Course`) VALUES
(1, 1, 1, 'МК', 0, 11, 82, 6, '0000-00-00', '0000-00-00', 0, 0, '1', '2', '0', 'повний'),
(2, 1, 1, 'Залік', 0, 0, 30, 2, '0000-00-00', '0000-00-00', 1, 0, '', '', '0', 'повний'),
(3, 1, 1, 'Екзамен', 0, 0, 18, 1, '0000-00-00', '0000-00-00', 2, 0, '', '', '0', 'повний'),
(4, 1, 1, 'Залік', 0, 0, 0, 0, '0000-00-00', '0000-00-00', 4, 0, '', '', '0', 'повний'),
(5, 1, 1, 'Залік', 0, 0, 16, 1, '0000-00-00', '0000-00-00', 8, 0, '', '', '0', 'повний'),
(6, 2, 1, 'Екзамен', 30, 0, 15, 3, '0000-00-00', '0000-00-00', 1, 0, '', '', '0', 'повний'),
(7, 3, 1, 'Залік', 20, 0, 10, 3, '0000-00-00', '0000-00-00', 4, 0, '', '', '0', 'повний'),
(8, 4, 1, 'Екзамен', 0, 0, 30, 3, '0000-00-00', '0000-00-00', 4, 0, '', '', '0', 'повний'),
(9, 5, 1, 'Екзамен', 30, 0, 15, 3, '0000-00-00', '0000-00-00', 3, 0, '', '', '0', 'повний'),
(10, 6, 1, 'МК', 12, 0, 240, 0, '0000-00-00', '0000-00-00', 0, 0, '', '', '0', 'повний'),
(11, 6, 1, 'Залік', 8, 0, 52, 3, '0000-00-00', '0000-00-00', 1, 0, '', '', '0', 'повний'),
(12, 6, 1, 'Залік', 0, 0, 36, 2, '0000-00-00', '0000-00-00', 2, 0, '', '', '0', 'повний'),
(13, 6, 1, 'Залік', 4, 0, 56, 3, '0000-00-00', '0000-00-00', 3, 0, '', '', '0', 'повний'),
(14, 6, 1, 'Залік', 0, 0, 30, 1, '0000-00-00', '0000-00-00', 4, 0, '', '', '0', 'повний'),
(15, 6, 1, 'Залік', 0, 0, 0, 0, '0000-00-00', '0000-00-00', 5, 0, '', '', '0', 'повний'),
(16, 7, 1, 'МК', 48, 0, 48, 5, '0000-00-00', '0000-00-00', 0, 0, '', '', '0', 'повний'),
(17, 7, 1, 'Залік', 30, 0, 30, 5, '0000-00-00', '0000-00-00', 1, 0, '', '', '0', 'повний'),
(18, 7, 1, 'Екзамен', 18, 0, 18, 2, '0000-00-00', '0000-00-00', 2, 0, '', '', '0', 'повний'),
(19, 8, 1, 'Екзамен', 18, 18, 0, 3, '0000-00-00', '0000-00-00', 4, 0, '', '', '0', 'повний'),
(20, 9, 1, 'Залік', 15, 0, 15, 2, '0000-00-00', '0000-00-00', 1, 0, '', '', '0', 'повний'),
(21, 10, 1, 'МК', 48, 33, 0, 4, '0000-00-00', '0000-00-00', 0, 0, '', '', '0', 'повний'),
(22, 10, 1, 'Залік', 30, 15, 0, 2, '0000-00-00', '0000-00-00', 1, 0, '', '', '0', 'повний'),
(23, 10, 1, 'Екзамен', 18, 18, 0, 2, '0000-00-00', '0000-00-00', 2, 0, '', '', '0', 'повний'),
(24, 11, 1, 'Екзамен', 30, 0, 30, 3, '0000-00-00', '0000-00-00', 3, 0, '', '', '0', 'повний'),
(25, 12, 1, 'МК', 33, 24, 0, 3, '0000-00-00', '0000-00-00', 0, 0, '', '', '0', 'повний'),
(26, 12, 1, 'Залік', 18, 9, 0, 1, '0000-00-00', '0000-00-00', 2, 0, '', '', '0', 'повний'),
(27, 12, 1, 'Екзамен', 15, 15, 0, 2, '0000-00-00', '0000-00-00', 3, 0, '', '', '0', 'повний'),
(28, 13, 1, 'МК', 81, 0, 81, 10, '0000-00-00', '0000-00-00', 0, 0, '', '', '0', 'повний'),
(29, 13, 1, 'Екзамен', 45, 0, 45, 6, '0000-00-00', '0000-00-00', 1, 0, '', '', '0', 'повний'),
(30, 13, 1, 'Екзамен', 18, 0, 18, 2, '0000-00-00', '0000-00-00', 2, 0, '', '', '0', 'повний'),
(31, 14, 1, 'Екзамен', 30, 0, 30, 4, '0000-00-00', '0000-00-00', 5, 0, '', '', '0', 'повний'),
(32, 15, 1, 'Екзамен', 18, 0, 18, 3, '0000-00-00', '0000-00-00', 4, 0, '', '', '0', 'повний'),
(33, 16, 1, 'МК', 54, 27, 27, 6, '0000-00-00', '0000-00-00', 0, 0, '', '', '0', 'повний'),
(34, 16, 1, 'Залік', 27, 9, 9, 2, '0000-00-00', '0000-00-00', 2, 0, '', '', '0', 'повний'),
(35, 16, 1, 'Екзамен', 27, 18, 18, 3, '0000-00-00', '0000-00-00', 2, 0, '', '', '0', 'повний'),
(36, 16, 1, 'Екзамен', 30, 15, 15, 4, '0000-00-00', '0000-00-00', 3, 0, '', '', '0', 'повний'),
(37, 17, 1, 'Залік', 30, 0, 15, 3, '0000-00-00', '0000-00-00', 3, 0, '', '', '0', 'повний'),
(38, 18, 1, 'Залік', 18, 18, 0, 2, '0000-00-00', '0000-00-00', 2, 0, '', '', '0', 'повний'),
(39, 19, 1, 'Екзамен', 18, 27, 0, 3, '0000-00-00', '0000-00-00', 6, 0, '', '', '0', 'повний'),
(40, 20, 1, 'Залік', 15, 15, 0, 3, '0000-00-00', '0000-00-00', 3, 0, '', '', '0', 'повний'),
(41, 21, 1, 'Залік', 20, 0, 10, 2, '0000-00-00', '0000-00-00', 4, 0, '', '', '0', 'повний'),
(42, 22, 1, 'МК', 36, 45, 18, 5, '0000-00-00', '0000-00-00', 0, 0, '', '', '0', 'повний'),
(43, 22, 1, 'Залік', 18, 27, 0, 2, '0000-00-00', '0000-00-00', 4, 0, '', '', '0', 'повний'),
(44, 22, 1, 'Екзамен', 18, 18, 0, 2, '0000-00-00', '0000-00-00', 4, 0, '', '', '0', 'повний'),
(45, 22, 1, 'Курсова', 0, 0, 18, 1, '0000-00-00', '0000-00-00', 4, 0, '', '', '0', 'повний'),
(46, 23, 1, 'Екзамен', 30, 30, 0, 4, '0000-00-00', '0000-00-00', 7, 0, '', '', '0', 'повний'),
(47, 24, 1, 'МК', 30, 30, 18, 6, '0000-00-00', '0000-00-00', 0, 0, '', '', '0', 'повний'),
(48, 24, 1, 'Екзамен', 30, 30, 0, 4, '0000-00-00', '0000-00-00', 7, 0, '', '', '0', 'повний'),
(49, 24, 1, 'Курсова', 0, 0, 18, 1, '0000-00-00', '0000-00-00', 8, 0, '', '', '0', 'повний'),
(50, 25, 1, 'МК', 51, 57, 18, 7, '0000-00-00', '0000-00-00', 0, 0, '', '', '0', 'повний'),
(51, 25, 1, 'МК', 18, 9, 0, 1, '0000-00-00', '0000-00-00', 0, 0, '', '', '0', 'повний'),
(52, 25, 1, 'Залік', 18, 18, 0, 2, '0000-00-00', '0000-00-00', 4, 0, '', '', '0', 'повний'),
(53, 25, 1, 'Екзамен', 15, 30, 0, 3, '0000-00-00', '0000-00-00', 5, 0, '', '', '0', 'повний'),
(54, 25, 1, 'Курсова', 0, 0, 18, 1, '0000-00-00', '0000-00-00', 6, 0, '', '', '0', 'повний'),
(55, 26, 1, 'МК', 48, 48, 0, 6, '0000-00-00', '0000-00-00', 0, 0, '', '', '0', 'повний'),
(56, 26, 1, 'Залік', 18, 18, 0, 2, '0000-00-00', '0000-00-00', 4, 0, '', '', '0', 'повний'),
(57, 26, 1, 'Екзамен', 30, 30, 0, 3, '0000-00-00', '0000-00-00', 5, 0, '', '', '0', 'повний'),
(58, 27, 1, 'МК', 34, 9, 8, 4, '0000-00-00', '0000-00-00', 0, 0, '', '', '0', 'повний'),
(59, 28, 1, 'Залік', 16, 0, 8, 2, '0000-00-00', '0000-00-00', 4, 0, '', '', '0', 'повний'),
(60, 29, 1, 'Екзамен', 18, 9, 0, 2, '0000-00-00', '0000-00-00', 6, 0, '', '', '0', 'повний'),
(61, 30, 1, 'МК', 66, 66, 15, 9, '0000-00-00', '0000-00-00', 0, 0, '', '', '0', 'повний'),
(62, 30, 1, 'Залік', 30, 30, 0, 4, '0000-00-00', '0000-00-00', 1, 0, '', '', '0', 'повний'),
(63, 30, 1, 'Екзамен', 18, 18, 0, 2, '0000-00-00', '0000-00-00', 2, 0, '', '', '0', 'повний'),
(64, 30, 1, 'Курсова', 0, 0, 15, 1, '0000-00-00', '0000-00-00', 3, 0, '', '', '0', 'повний'),
(65, 31, 1, 'МК', 42, 42, 0, 7, '0000-00-00', '0000-00-00', 0, 0, '', '', '0', 'повний'),
(66, 31, 1, 'Залік', 15, 15, 0, 2, '0000-00-00', '0000-00-00', 7, 0, '', '', '0', 'повний'),
(67, 31, 1, 'Екзамен', 27, 27, 0, 5, '0000-00-00', '0000-00-00', 8, 0, '', '', '0', 'повний'),
(68, 32, 1, 'Екзамен', 30, 45, 0, 7, '0000-00-00', '0000-00-00', 7, 0, '', '', '0', 'повний'),
(69, 33, 1, 'Екзамен', 30, 45, 0, 5, '0000-00-00', '0000-00-00', 5, 0, '', '', '0', 'повний'),
(70, 34, 1, 'Залік', 10, 0, 4, 1, '0000-00-00', '0000-00-00', 3, 0, '', '', '0', 'повний'),
(71, 35, 1, 'Залік', 10, 0, 4, 1, '0000-00-00', '0000-00-00', 3, 0, '', '', '0', 'повний'),
(72, 36, 1, 'Залік', 16, 0, 0, 1, '0000-00-00', '0000-00-00', 6, 0, '', '', '0', 'повний'),
(73, 37, 1, 'Залік', 16, 0, 0, 1, '0000-00-00', '0000-00-00', 4, 0, '', '', '0', 'повний'),
(74, 38, 1, 'МК', 0, 0, 96, 8, '0000-00-00', '0000-00-00', 0, 0, '', '', '0', 'повний'),
(75, 38, 1, 'Залік', 0, 0, 14, 1, '0000-00-00', '0000-00-00', 3, 0, '', '', '0', 'повний'),
(76, 38, 1, 'Залік', 0, 0, 16, 1, '0000-00-00', '0000-00-00', 4, 0, '', '', '0', 'повний'),
(77, 38, 1, 'Залік', 0, 0, 20, 1, '0000-00-00', '0000-00-00', 5, 0, '', '', '0', 'повний'),
(78, 38, 1, 'МК', 0, 0, 16, 1, '0000-00-00', '0000-00-00', 0, 0, '', '', '0', 'повний'),
(79, 38, 1, 'Залік', 0, 0, 18, 1, '0000-00-00', '0000-00-00', 6, 0, '', '', '0', 'повний'),
(80, 39, 1, 'Залік', 16, 0, 0, 1, '0000-00-00', '0000-00-00', 4, 0, '', '', '0', 'повний'),
(81, 40, 1, 'Залік', 16, 0, 0, 1, '0000-00-00', '0000-00-00', 6, 0, '', '', '0', 'повний'),
(82, 41, 1, 'Залік', 14, 0, 6, 1, '0000-00-00', '0000-00-00', 5, 0, '', '', '0', 'повний'),
(83, 42, 1, 'Залік', 14, 0, 6, 1, '0000-00-00', '0000-00-00', 5, 0, '', '', '0', 'повний'),
(84, 43, 1, 'Залік', 14, 0, 6, 1, '0000-00-00', '0000-00-00', 5, 0, '', '', '0', 'повний'),
(85, 44, 1, 'Залік', 16, 0, 0, 1, '0000-00-00', '0000-00-00', 4, 0, '', '', '0', 'повний'),
(86, 45, 1, 'Залік', 9, 0, 9, 1, '0000-00-00', '0000-00-00', 6, 0, '', '', '0', 'повний'),
(87, 46, 1, 'Залік', 9, 0, 9, 1, '0000-00-00', '0000-00-00', 6, 0, '', '', '0', 'повний'),
(88, 47, 1, 'Залік', 9, 0, 9, 1, '0000-00-00', '0000-00-00', 6, 0, '', '', '0', 'повний'),
(89, 48, 1, 'Залік', 16, 0, 0, 1, '0000-00-00', '0000-00-00', 4, 0, '', '', '0', 'повний'),
(90, 49, 1, 'Залік', 30, 0, 15, 3, '0000-00-00', '0000-00-00', 5, 0, '', '', '0', 'повний'),
(91, 50, 1, 'Залік', 10, 10, 0, 1, '0000-00-00', '0000-00-00', 2, 0, '', '', '0', 'повний'),
(92, 51, 1, 'Залік', 16, 16, 0, 2, '0000-00-00', '0000-00-00', 8, 0, '', '', '0', 'повний'),
(93, 52, 1, 'Залік', 15, 45, 0, 4, '0000-00-00', '0000-00-00', 3, 0, '', '', '0', 'повний'),
(94, 53, 1, 'Екзамен', 18, 27, 0, 3, '0000-00-00', '0000-00-00', 6, 0, '', '', '0', 'повний'),
(95, 54, 1, 'Екзамен', 27, 27, 0, 4, '0000-00-00', '0000-00-00', 8, 0, '', '', '0', 'повний'),
(96, 55, 1, 'Залік', 15, 30, 0, 3, '0000-00-00', '0000-00-00', 3, 0, '', '', '0', 'повний'),
(97, 56, 1, 'Залік', 16, 24, 0, 2, '0000-00-00', '0000-00-00', 8, 0, '', '', '0', 'повний'),
(98, 57, 1, 'МК', 33, 57, 0, 6, '0000-00-00', '0000-00-00', 0, 0, '', '', '0', 'повний'),
(99, 57, 1, 'Залік', 15, 30, 0, 3, '0000-00-00', '0000-00-00', 0, 0, '', '', '0', 'повний'),
(100, 57, 1, 'Екзамен', 18, 27, 0, 3, '0000-00-00', '0000-00-00', 0, 0, '', '', '0', 'повний'),
(101, 58, 1, 'МК', 54, 54, 15, 8, '0000-00-00', '0000-00-00', 0, 0, '', '', '12', 'повний'),
(102, 58, 1, 'Екзамен', 27, 27, 0, 3, '0000-00-00', '0000-00-00', 6, 0, '', '', '12', 'повний'),
(103, 58, 1, 'Курсова', 0, 0, 15, 1, '0000-00-00', '0000-00-00', 7, 0, '', '', '12', 'повний'),
(104, 59, 1, 'Екзамен', 16, 24, 0, 3, '0000-00-00', '0000-00-00', 8, 0, '', '', '0', 'повний'),
(105, 60, 1, 'Залік', 18, 18, 0, 3, '0000-00-00', '0000-00-00', 6, 0, '', '', '0', 'повний'),
(106, 61, 1, 'Залік', 36, 36, 0, 6, '0000-00-00', '0000-00-00', 6, 0, '', '', '0', 'повний'),
(107, 62, 1, 'Залік', 15, 15, 0, 3, '0000-00-00', '0000-00-00', 7, 0, '', '', '0', 'повний'),
(108, 63, 1, 'Залік', 27, 18, 0, 4, '0000-00-00', '0000-00-00', 8, 0, '', '', '0', 'повний'),
(109, 64, 1, 'Залік', 18, 18, 0, 3, '0000-00-00', '0000-00-00', 6, 0, '', '', '0', 'повний'),
(110, 64, 1, 'Залік', 36, 36, 0, 6, '0000-00-00', '0000-00-00', 6, 0, '', '', '0', 'повний'),
(111, 64, 1, 'Залік', 15, 15, 0, 3, '0000-00-00', '0000-00-00', 7, 0, '', '', '0', 'повний'),
(112, 65, 1, 'Залік', 36, 36, 0, 6, '0000-00-00', '0000-00-00', 6, 0, '', '', '0', 'повний'),
(113, 66, 1, 'Залік', 27, 18, 0, 4, '0000-00-00', '0000-00-00', 8, 0, '', '', '0', 'повний'),
(114, 1, 1, 'Залік', 0, 0, 0, 0, '0000-00-00', '0000-00-00', 6, 0, '', '', '0', 'повний'),
(115, 6, 1, 'Залік', 0, 0, 36, 2, '0000-00-00', '0000-00-00', 2, 0, '', '', '0', 'повний'),
(116, 6, 1, 'Залік', 0, 0, 30, 1, '0000-00-00', '0000-00-00', 4, 0, '', '', '0', 'повний'),
(117, 6, 1, 'Залік', 0, 0, 0, 0, '0000-00-00', '0000-00-00', 6, 0, '', '', '0', 'повний'),
(118, 6, 1, 'Залік', 0, 0, 0, 0, '0000-00-00', '0000-00-00', 6, 0, '', '', '0', 'повний'),
(119, 6, 1, 'Залік', 0, 0, 0, 0, '0000-00-00', '0000-00-00', 8, 0, '', '', '0', 'повний'),
(120, 6, 1, 'Залік', 0, 0, 0, 0, '0000-00-00', '0000-00-00', 8, 0, '', '', '0', 'повний'),
(121, 59, 1, 'Екзамен', 16, 8, 0, 2, '0000-00-00', '0000-00-00', 4, 0, '', '', '0', 'прискоренний'),
(122, 32, 1, 'Екзамен', 28, 28, 0, 5, '0000-00-00', '0000-00-00', 3, 0, '', '', '0', 'прискоренний'),
(123, 66, 1, 'Залік', 24, 8, 0, 3, '0000-00-00', '0000-00-00', 4, 0, '', '', '0', 'прискоренний'),
(124, 23, 1, 'Екзамен', 30, 14, 0, 4, '0000-00-00', '0000-00-00', 3, 0, '', '', '0', 'прискоренний'),
(125, 54, 1, 'Екзамен', 24, 16, 0, 4, '0000-00-00', '0000-00-00', 4, 0, '', '', '0', 'прискоренний');

-- --------------------------------------------------------

--
-- Структура таблицы `Position`
--

CREATE TABLE `Position` (
  `Position_id` int(11) NOT NULL,
  `Position_name` varchar(255) NOT NULL,
  `ETS` double NOT NULL,
  `category` int(11) NOT NULL
) ENGINE=InnoDB DEFAULT CHARSET=utf8;

--
-- Дамп данных таблицы `Position`
--

INSERT INTO `Position` (`Position_id`, `Position_name`, `ETS`, `category`) VALUES
(1, 'Завідувач кафедри', 3.85, 21),
(2, 'Доцент', 3.32, 19),
(3, 'Старший викладач', 3, 17),
(4, 'Асистент', 2.79, 16),
(5, 'Аспірант', 2.58, 15);

-- --------------------------------------------------------

--
-- Структура таблицы `progress_in_public`
--

CREATE TABLE `progress_in_public` (
  `id_progress_public` int(11) NOT NULL,
  `public_id` int(11) NOT NULL,
  `Student_id` int(11) NOT NULL,
  `more_rank` int(11) NOT NULL,
  `place` int(11) NOT NULL,
  `number` int(11) NOT NULL,
  `date` date NOT NULL,
  `sum1` varchar(255) NOT NULL
) ENGINE=InnoDB DEFAULT CHARSET=utf8;

--
-- Дамп данных таблицы `progress_in_public`
--

INSERT INTO `progress_in_public` (`id_progress_public`, `public_id`, `Student_id`, `more_rank`, `place`, `number`, `date`, `sum1`) VALUES
(6, 19, 4, 25, 0, 0, '2018-01-01', ''),
(7, 6, 47861813, 15, 0, 0, '2018-01-01', ''),
(8, 8, 49864238, 15, 0, 0, '2018-01-01', ''),
(9, 24, 49864238, 20, 0, 0, '2018-01-01', ''),
(10, 15, 46369339, 25, 0, 0, '2018-01-01', ''),
(11, 24, 46369339, 30, 0, 0, '2018-01-01', ''),
(12, 19, 49864008, 15, 0, 0, '2018-01-01', ''),
(13, 8, 48893181, 15, 0, 0, '2018-01-01', ''),
(14, 14, 48878121, 25, 0, 0, '2018-01-01', ''),
(15, 24, 48878121, 40, 0, 0, '2018-01-01', ''),
(16, 24, 48880714, 20, 0, 0, '2018-01-01', ''),
(17, 14, 16070925, 25, 0, 0, '2018-01-01', ''),
(18, 14, 47861270, 25, 0, 0, '2018-01-01', ''),
(19, 9, 10000005, 2, 0, 1, '2018-06-22', '');

-- --------------------------------------------------------

--
-- Структура таблицы `progress_in_science`
--

CREATE TABLE `progress_in_science` (
  `id_progress_science` int(11) NOT NULL,
  `science_id` int(11) NOT NULL,
  `Student_id` int(11) NOT NULL,
  `more_rank` int(11) NOT NULL,
  `place` int(11) NOT NULL,
  `number` int(11) NOT NULL,
  `date` date NOT NULL,
  `sum1` varchar(255) NOT NULL
) ENGINE=InnoDB DEFAULT CHARSET=utf8;

--
-- Дамп данных таблицы `progress_in_science`
--

INSERT INTO `progress_in_science` (`id_progress_science`, `science_id`, `Student_id`, `more_rank`, `place`, `number`, `date`, `sum1`) VALUES
(12, 55, 47861813, 20, 0, 0, '2018-01-01', ''),
(13, 1, 47861813, 5, 0, 0, '2018-01-01', ''),
(14, 2, 47861813, 15, 0, 0, '2018-01-01', ''),
(15, 9, 47861813, 10, 0, 0, '2018-01-01', ''),
(16, 55, 49864380, 12, 0, 0, '2018-01-01', ''),
(17, 55, 49823449, 5, 0, 0, '2018-01-01', ''),
(18, 55, 49864576, 6, 0, 0, '2018-01-01', ''),
(19, 55, 46369339, 6, 0, 0, '2018-01-01', ''),
(20, 55, 48883115, 8, 0, 0, '2018-01-01', ''),
(21, 2, 48883115, 10, 0, 0, '2018-01-01', ''),
(22, 9, 48883115, 10, 0, 0, '2018-01-01', ''),
(23, 2, 47868495, 10, 0, 0, '2018-01-01', ''),
(24, 9, 47868495, 10, 0, 0, '2018-01-01', ''),
(25, 43, 10000109, 0, 0, 1, '2018-01-01', ''),
(26, 41, 10000114, 0, 0, 1, '2018-01-01', ''),
(27, 2, 1, 0, 0, 0, '2018-01-01', ''),
(28, 42, 1, 0, 0, 0, '2018-01-01', ''),
(29, 43, 1, 0, 0, 0, '2018-01-01', ''),
(30, 45, 2, 0, 0, 0, '2018-01-02', ''),
(31, 39, 2, 0, 0, 0, '2018-01-02', ''),
(32, 42, 3, 0, 0, 0, '2018-01-03', ''),
(33, 50, 3, 0, 0, 0, '2018-01-03', ''),
(34, 1, 10000002, 2, 1, 1, '2018-06-22', '');

-- --------------------------------------------------------

--
-- Структура таблицы `public_work`
--

CREATE TABLE `public_work` (
  `public_id` int(11) NOT NULL,
  `name` varchar(255) NOT NULL,
  `rank_stud` int(11) NOT NULL,
  `rank_group` int(11) NOT NULL,
  `view` varchar(255) NOT NULL,
  `competition_stud` tinyint(1) NOT NULL,
  `competition_group` tinyint(1) NOT NULL
) ENGINE=InnoDB DEFAULT CHARSET=utf8;

--
-- Дамп данных таблицы `public_work`
--

INSERT INTO `public_work` (`public_id`, `name`, `rank_stud`, `rank_group`, `view`, `competition_stud`, `competition_group`) VALUES
(1, 'Голова Ради студентського самоврядування Академії', 0, 0, '', 0, 0),
(2, 'Член Ради студентського самоврядування Академії', 0, 0, '', 0, 0),
(3, 'Член ради з виховної роботи Академії', 0, 0, '', 0, 0),
(4, 'Член вченої ради Академії', 0, 0, '', 0, 0),
(5, 'Голова ради студентського самоврядування факультету', 0, 0, '', 0, 0),
(6, 'Член ради студентського самоврядування факультету', 0, 0, '', 0, 0),
(7, 'Голова студради гуртожитку', 0, 0, '', 0, 0),
(8, 'Член студради гуртожитку', 0, 0, '', 0, 0),
(9, 'Голова студентської профспілки факультету', 0, 0, '', 0, 0),
(10, 'Член профбюро факультету', 0, 0, '', 0, 0),
(11, 'Член вченої ради факультету', 0, 0, '', 0, 0),
(12, 'Член НВК факультету', 0, 0, '', 0, 0),
(13, 'Член НВК спеціальності', 0, 0, '', 0, 0),
(14, 'Староста академгрупи', 0, 0, '', 0, 0),
(15, 'Профорг академгрупи', 0, 0, '', 0, 0),
(16, 'Культорг академгрупи', 0, 0, '', 0, 0),
(17, 'Навчально-інформаційний сектор академгрупи', 0, 0, '', 0, 0),
(18, 'Фізорг академгрупи', 0, 0, '', 0, 0),
(19, 'Член медіагрупи Академія', 0, 0, '', 0, 0),
(20, 'Постійна участь у академічних, міських, обласних заходах', 0, 0, '', 0, 0),
(21, 'За виконання особливо важливих\r\nробіт (завдань) для кафедри, факультету, академії', 0, 0, '', 0, 0),
(22, 'Призер чемпіонату світу, Європи з видів спорту', 0, 0, '', 0, 0),
(23, 'Призер чемпіонату України з видів спорту', 0, 0, '', 0, 0),
(24, 'Постійна участь у спортивних заходах, робота у спортклубі', 0, 0, '', 0, 0),
(25, 'У студентському самоврядуванні на рівні не менше факультету', 0, 2, '', 0, 1),
(26, 'У культурно-масових заходах на рівні факультету', 0, 3, '', 0, 1),
(27, 'У культурно-масових заходах на рівні Академії', 0, 2, '', 0, 1),
(28, 'У спортивних заходах на рівні факультету (гуртожитку)', 0, 1, '', 0, 1),
(29, 'У спортивних заходах на рівні Академії', 0, 2, '', 0, 1),
(30, 'Участь студентів у заходах щодо охорони правопорядку на території Академії', 0, 3, '', 0, 1),
(31, 'Спортивнi змагання на Україні', 0, 2, 'Спорт', 1, 0),
(32, 'Спортивнi змагання за кордоном', 0, 7, 'Спорт', 1, 0);

-- --------------------------------------------------------

--
-- Структура таблицы `Ranks`
--

CREATE TABLE `Ranks` (
  `Rank_id` int(11) NOT NULL,
  `Rank_name` varchar(255) NOT NULL
) ENGINE=InnoDB DEFAULT CHARSET=utf8;

--
-- Дамп данных таблицы `Ranks`
--

INSERT INTO `Ranks` (`Rank_id`, `Rank_name`) VALUES
(1, 'кандидат технічних наук'),
(2, 'кандидат економічних наук'),
(3, 'кандидат педагогічних наук'),
(4, 'кандидат фізико-математичних наук'),
(5, 'доктор технічних наук'),
(6, 'доктор фізико-математичних наук');

-- --------------------------------------------------------

--
-- Структура таблицы `Rank_fixation`
--

CREATE TABLE `Rank_fixation` (
  `Rank_fix_id` int(11) NOT NULL,
  `Teacher_id` int(11) NOT NULL,
  `Rank_id` int(11) NOT NULL,
  `Start_date` date NOT NULL,
  `End_date` date NOT NULL,
  `Actuality` tinyint(4) NOT NULL
) ENGINE=InnoDB DEFAULT CHARSET=utf8;

--
-- Дамп данных таблицы `Rank_fixation`
--

INSERT INTO `Rank_fixation` (`Rank_fix_id`, `Teacher_id`, `Rank_id`, `Start_date`, `End_date`, `Actuality`) VALUES
(1, 1, 5, '2017-10-02', '0000-00-00', 1),
(2, 2, 1, '2012-02-01', '0000-00-00', 1),
(3, 3, 1, '2012-02-01', '0000-00-00', 1),
(4, 4, 2, '2012-02-01', '0000-00-00', 1),
(5, 5, 2, '2012-02-01', '0000-00-00', 1),
(6, 6, 2, '2012-02-01', '0000-00-00', 1),
(7, 7, 1, '2012-02-01', '0000-00-00', 1),
(8, 8, 3, '2015-09-01', '0000-00-00', 1),
(9, 9, 4, '2015-09-01', '0000-00-00', 1),
(10, 10, 2, '2016-09-01', '0000-00-00', 1),
(11, 13, 2, '2015-09-01', '0000-00-00', 1),
(12, 18, 6, '2012-09-01', '2014-06-30', 0),
(13, 19, 2, '2012-09-01', '2016-06-30', 0),
(14, 26, 4, '2012-09-01', '2014-06-30', 0),
(15, 29, 1, '2012-09-01', '2013-06-30', 0),
(16, 31, 2, '2015-09-01', '2017-06-30', 0);

-- --------------------------------------------------------

--
-- Структура таблицы `science_work`
--

CREATE TABLE `science_work` (
  `science_id` int(11) NOT NULL,
  `name` varchar(255) NOT NULL,
  `rank_stud` int(11) NOT NULL,
  `rank_group` int(11) NOT NULL,
  `view` varchar(255) NOT NULL,
  `competition_stud` tinyint(1) NOT NULL,
  `competition_group` tinyint(1) NOT NULL
) ENGINE=InnoDB DEFAULT CHARSET=utf8;

--
-- Дамп данных таблицы `science_work`
--

INSERT INTO `science_work` (`science_id`, `name`, `rank_stud`, `rank_group`, `view`, `competition_stud`, `competition_group`) VALUES
(1, 'Робота за програмою «Обдаровані студенти»', 0, 0, 'Науковi проекти', 0, 0),
(2, 'Доповідь на Всеукраїнській або міжнародній конференції ', 0, 0, 'Конференцiї', 0, 0),
(3, 'Доповідь на регіональній конференції ', 0, 0, 'Конференцiї', 0, 0),
(4, 'Доповідь на науковій конференції Академії ', 0, 0, 'Конференцiї', 0, 0),
(5, 'Стаття у виданнях, що входять до науко метричних баз SCOPUS, Web of Science (у співавторстві)', 0, 0, 'Публiкацiї', 0, 0),
(6, 'Стаття у виданнях, що входять до переліку ВАК або заява на винахід (одноосібно) ', 0, 0, 'Публiкацiї', 0, 0),
(7, 'Стаття у виданнях, що входять до переліку ВАК або заява на винахід (у співавторстві) ', 0, 0, 'Публiкацiї', 0, 0),
(8, 'Стаття у збірнику наукових праць (одноосібно)', 0, 0, 'Публiкацiї', 0, 0),
(9, 'Стаття у збірнику наукових праць (у співавторстві)', 0, 0, 'Публiкацiї', 0, 0),
(10, 'Переможець Міжнародної олімпіади ', 0, 7, 'Олімпіада', 0, 1),
(11, 'Переможець Всеукраїнської олімпіади ', 0, 5, 'Олімпіада', 0, 1),
(12, 'Призер Всеукраїнської олімпіади ', 0, 5, 'Олімпіада', 0, 1),
(13, 'Переможець Міжнародного конкурсу ', 0, 0, 'Олімпіада', 0, 0),
(14, 'Переможець Всеукраїнського конкурсу ', 0, 0, 'Олімпіада', 0, 0),
(15, 'Призер Всеукраїнського конкурсу ', 0, 0, 'Олімпіада', 0, 0),
(16, 'Переможець регіональної олімпіади ', 0, 3, 'Олімпіада', 0, 1),
(17, 'Призер регіональної олімпіади ', 0, 3, 'Олімпіада', 0, 1),
(18, 'Учасник Міжнародної олімпіади ', 0, 0, 'Олімпіада', 0, 0),
(19, 'Учасник Всеукраїнської олімпіади ', 0, 0, 'Олімпіада', 0, 0),
(20, 'Учасник Регіональної олімпіади ', 0, 0, 'Олімпіада', 0, 0),
(21, 'Учасник Міжнародного конкурсу ', 0, 0, 'Олімпіада', 0, 0),
(22, 'Учасник Всеукраїнського конкурсу ', 0, 0, 'Олімпіада', 0, 0),
(23, 'Учасник Регіонального конкурсу', 0, 0, 'Олімпіада', 0, 0),
(24, 'Стипендія Президента', 0, 5, 'Стипендія', 0, 1),
(25, 'Стипендія Верховної Ради', 0, 4, 'Стипендія', 0, 1),
(26, 'Стипендія Кабінету Міністрів', 0, 4, 'Стипендія', 0, 1),
(27, 'Стипендія обласної Ради народних депутатів', 0, 4, 'Стипендія', 0, 1),
(28, 'Стипендія ПрАТ НКМЗ', 0, 4, 'Стипендія', 0, 1),
(29, 'Стипендія ради ВНЗ', 0, 3, 'Стипендія', 0, 1),
(30, 'Конкурс студентських робіт', 0, 3, 'Олімпіада', 0, 1),
(31, 'Наявність студентів, що отримали дипломи лауреатів, відзнаки, грамоти, подяки', 0, 2, 'Публікації', 0, 1),
(32, 'Студентськi видання', 0, 2, 'Публікації', 0, 1),
(33, 'Фаховi видання', 0, 3, 'Публікації', 0, 1),
(34, 'Зарубіжнi видання', 0, 5, 'Публікації', 0, 1),
(35, 'ЗМІ ДДМА', 0, 1, 'Публікації', 0, 1),
(36, 'ЗМІ України', 0, 3, 'Публікації', 0, 1),
(37, 'Статті у фахових, центральних і закордонних виданнях', 12, 0, 'Публікації', 1, 0),
(38, 'Статті в міжвузівських і вузівських збірниках', 4, 0, 'Публікації', 1, 0),
(39, 'Тези міжнародних конференцій', 3, 0, 'Публікації', 1, 0),
(40, 'Тези інших конференцій', 2, 0, 'Публікації', 1, 0),
(41, 'Депонування', 2, 0, 'Публікації', 1, 0),
(42, 'Заява на винахід', 6, 0, 'Заяви', 1, 0),
(43, 'Патент', 10, 0, 'Заяви', 1, 0),
(44, 'Участь у регіональних заходах', 1, 0, 'Олімпіада', 1, 0),
(45, 'Участь у всеукраїнських, міжнародних заходах', 2, 0, 'Олімпіада', 1, 0),
(46, 'Диплом, грамота на міжнародних і всеукраїнських заходах', 10, 0, 'Олімпіада', 1, 0),
(47, 'Диплом, грамота на регіональних заходах', 6, 0, 'Олімпіада', 1, 0),
(48, 'Виступи (доповіді) на всеукраїнських і міжнародних конференціях', 4, 0, 'Конференції', 1, 0),
(49, 'За отриманий диплом або грамоту', 3, 0, 'Конференції', 1, 0),
(50, 'Інші конференції', 1, 0, 'Конференції', 1, 0),
(51, 'Конференція ДДМА', 1, 0, 'Конференції', 1, 0),
(52, 'Акт про впровадження', 8, 0, 'Науковi результати', 1, 0),
(53, 'Держбюджетні теми ДДМА, міжнародні гранти', 2, 0, 'Науковi проекти', 1, 0),
(54, 'Гранти відомств, інші проекти', 2, 0, 'Науковi проекти', 1, 0),
(55, 'Постійна  участь  у  академічних, міських, обласних заходах. \r\nРобота у студклубі,  участь  в  КВК,  «Що?  Де?  Коли?»', 0, 0, 'Олімпіада', 0, 0);

-- --------------------------------------------------------

--
-- Структура таблицы `Session`
--

CREATE TABLE `Session` (
  `Session_id` int(11) NOT NULL,
  `Plan_id` int(11) NOT NULL,
  `Student_id` int(11) NOT NULL,
  `Raiting_100` double NOT NULL,
  `Raiting_ETS` varchar(255) NOT NULL,
  `Raiting_classic` int(11) NOT NULL,
  `Raiting_date` date NOT NULL
) ENGINE=InnoDB DEFAULT CHARSET=utf8;

--
-- Дамп данных таблицы `Session`
--

INSERT INTO `Session` (`Session_id`, `Plan_id`, `Student_id`, `Raiting_100`, `Raiting_ETS`, `Raiting_classic`, `Raiting_date`) VALUES
(1, 64, 44823416, 76, 'C', 0, '2014-12-09'),
(2, 64, 38079935, 75, 'C', 0, '2014-12-09'),
(3, 64, 44826227, 75, 'C', 0, '2014-12-09'),
(4, 64, 44803249, 75, 'C', 0, '2014-12-09'),
(5, 64, 44823500, 60, 'E', 0, '2014-12-09'),
(6, 64, 44807010, 75, 'С', 0, '2014-12-09'),
(7, 64, 44803241, 76, 'C', 0, '2014-12-09'),
(8, 64, 38065633, 55, 'E', 0, '2014-12-09'),
(10, 64, 44834868, 65, 'D', 0, '2014-12-09'),
(11, 64, 44832161, 77, 'C', 0, '2014-12-09'),
(12, 64, 44984388, 30, 'FX', 0, '2014-12-09'),
(13, 64, 44817250, 55, 'E', 0, '2014-12-09'),
(14, 64, 44831878, 75, 'C', 0, '2014-12-09'),
(15, 64, 45460859, 82, 'B', 0, '2014-12-09'),
(16, 64, 44803076, 75, 'C', 0, '2014-12-09'),
(17, 64, 44823298, 30, 'FX', 0, '2014-12-09'),
(18, 64, 44803000, 78, 'C', 0, '2014-12-09'),
(19, 64, 44803234, 84, 'B', 0, '2014-12-09'),
(20, 64, 44831898, 75, 'C', 0, '2014-12-09'),
(21, 64, 40896826, 90, 'A', 0, '2014-12-09'),
(22, 64, 44827159, 60, 'E', 0, '2014-12-09'),
(23, 64, 44803163, 86, 'B', 0, '2014-12-09'),
(24, 64, 44831843, 90, 'A', 0, '2014-12-09'),
(25, 64, 44803201, 76, 'C', 0, '2014-12-09'),
(26, 64, 44807189, 81, 'B', 0, '2014-12-09'),
(27, 64, 44805357, 70, 'D', 0, '2014-12-09'),
(28, 99, 38079935, 55, 'E', 0, '2015-12-10'),
(29, 99, 44826227, 55, 'E', 0, '2015-12-10'),
(30, 99, 44803163, 75, 'C', 0, '2015-12-10'),
(31, 99, 44803241, 55, 'E', 0, '2015-12-10'),
(32, 99, 38065633, 0, 'F', 0, '2015-12-10'),
(33, 99, 44834868, 55, 'E', 0, '2015-12-10'),
(34, 99, 44832161, 60, 'E', 0, '2015-12-10'),
(35, 99, 44984388, 0, 'F', 0, '2015-12-10'),
(36, 99, 44817250, 55, 'E', 0, '2015-12-10'),
(37, 99, 44817250, 55, 'E', 0, '2015-12-10'),
(38, 99, 44831878, 60, 'E', 0, '2015-12-10'),
(39, 99, 45460859, 89, 'B', 0, '2015-12-10'),
(40, 99, 44823298, 88, 'B', 0, '2015-12-10'),
(41, 99, 44803234, 70, 'D', 0, '2015-12-10'),
(42, 99, 44803000, 60, 'E', 0, '2015-12-10'),
(43, 99, 44827159, 55, 'E', 0, '2015-12-10'),
(44, 99, 44831843, 90, 'A', 0, '2015-12-10'),
(45, 99, 44803201, 60, 'E', 0, '2015-12-10'),
(46, 99, 44807189, 55, 'E', 0, '2015-12-10'),
(47, 99, 44805357, 55, 'E', 0, '2015-12-10'),
(48, 64, 44978659, 75, 'C', 0, '2015-12-09'),
(49, 64, 44803249, 94, 'A', 0, '2015-12-09'),
(50, 64, 46372623, 75, 'C', 0, '2015-12-09'),
(51, 64, 46883242, 60, 'E', 0, '2015-12-09'),
(52, 64, 46372257, 90, 'A', 0, '2015-12-09'),
(53, 64, 46372192, 62, 'E', 0, '2015-12-09'),
(54, 64, 46368146, 56, 'E', 0, '2015-12-09'),
(55, 64, 47004108, 0, 'F', 0, '2015-12-09'),
(56, 64, 46369299, 78, 'C', 0, '2015-12-09'),
(57, 64, 46369723, 75, 'C', 0, '2015-12-09'),
(58, 64, 46372237, 75, 'C', 0, '2015-12-09'),
(59, 64, 46363941, 75, 'C', 0, '2015-12-09'),
(60, 64, 46372231, 84, 'B', 0, '2015-12-09'),
(61, 64, 46372227, 75, 'C', 0, '2015-12-09'),
(62, 64, 46372421, 75, 'C', 0, '2015-12-09'),
(63, 64, 46372516, 75, 'C', 0, '2015-12-09'),
(64, 64, 46165859, 75, 'C', 0, '2015-12-09'),
(65, 64, 46372513, 76, 'C', 0, '2015-12-09'),
(66, 64, 44832070, 50, 'FX', 0, '2015-12-09'),
(67, 64, 38065619, 81, 'B', 0, '2015-12-09'),
(68, 64, 46369740, 75, 'C', 0, '2015-12-09'),
(69, 64, 46364077, 66, 'D', 0, '2015-12-09'),
(70, 64, 46372410, 84, 'B', 0, '2015-12-09'),
(71, 64, 46375220, 75, 'C', 0, '2015-12-09'),
(72, 64, 46369339, 90, 'A', 0, '2015-12-09'),
(73, 64, 40897824, 55, 'E', 0, '2015-12-09'),
(74, 64, 46372090, 75, 'C', 0, '2015-12-09'),
(75, 99, 44978659, 82, 'B', 0, '2016-12-19'),
(76, 99, 44803249, 19, 'F', 0, '2016-12-19'),
(77, 99, 46372623, 75, 'C', 0, '2016-12-19'),
(78, 99, 46883242, 55, 'E', 0, '2016-12-19'),
(79, 99, 46372257, 78, 'C', 0, '2016-12-19'),
(80, 99, 46372192, 0, 'F', 0, '2016-12-19'),
(81, 99, 46368146, 55, 'E', 0, '2016-12-19'),
(82, 99, 46369299, 78, 'C', 0, '2016-12-19'),
(83, 99, 46369723, 55, 'E', 0, '2016-12-19'),
(84, 99, 46372237, 75, 'C', 0, '2016-12-19'),
(85, 99, 46363941, 75, 'C', 0, '2016-12-19'),
(86, 99, 46372231, 80, 'C', 0, '2016-12-19'),
(87, 99, 46372227, 75, 'C', 0, '2016-12-19'),
(88, 99, 46372421, 75, 'C', 0, '2016-12-19'),
(89, 99, 46372516, 55, 'E', 0, '2016-12-19'),
(90, 99, 46165859, 75, 'C', 0, '2016-12-19'),
(91, 99, 46372513, 55, 'E', 0, '2016-12-19'),
(92, 99, 44832070, 55, 'E', 0, '2016-12-19'),
(93, 99, 38065619, 90, 'A', 0, '2016-12-19'),
(94, 99, 46369740, 81, 'B', 0, '2016-12-19'),
(95, 99, 46364077, 75, 'C', 0, '2016-12-19'),
(96, 99, 46372410, 94, 'A', 0, '2016-12-19'),
(97, 99, 46375220, 75, 'C', 0, '2016-12-19'),
(98, 99, 46369339, 94, 'A', 0, '2016-12-19'),
(99, 99, 46372090, 81, 'B', 0, '2016-12-19'),
(100, 64, 47866863, 90, 'A', 0, '2016-12-09'),
(101, 64, 47861493, 55, 'E', 0, '2016-12-09'),
(102, 64, 47868495, 92, 'A', 0, '2016-12-09'),
(103, 64, 47861087, 67, 'D', 0, '2016-12-09'),
(104, 64, 47864911, 67, 'D', 0, '2016-12-09'),
(105, 64, 47861270, 90, 'A', 0, '2016-12-09'),
(106, 64, 47866260, 65, 'D', 0, '2016-12-09'),
(107, 64, 47861578, 90, 'A', 0, '2016-12-09'),
(108, 64, 47861523, 55, 'E', 0, '2016-12-09'),
(109, 64, 47863785, 65, 'D', 0, '2016-12-09'),
(110, 64, 47861755, 96, 'A', 0, '2016-12-09'),
(111, 64, 47866171, 0, 'F', 0, '2016-12-09'),
(112, 64, 47861482, 79, 'C', 0, '2016-12-09'),
(113, 64, 47862077, 55, 'E', 0, '2016-12-09'),
(114, 64, 47861817, 55, 'E', 0, '2016-12-09'),
(115, 64, 47861669, 94, 'A', 0, '2016-12-09'),
(116, 64, 46372090, 100, 'A', 0, '2016-12-09'),
(117, 99, 47866863, 80, 'C', 0, '2017-12-19'),
(118, 99, 47865115, 65, 'D', 0, '2017-12-19'),
(119, 99, 47862011, 86, 'B', 0, '2017-12-19'),
(120, 99, 47861493, 76, 'C', 0, '2017-12-19'),
(121, 99, 47868495, 82, 'B', 0, '2017-12-19'),
(122, 99, 47861087, 75, 'C', 0, '2017-12-19'),
(123, 99, 47864911, 71, 'D', 0, '2017-12-19'),
(124, 99, 47861270, 81, 'B', 0, '2017-12-19'),
(125, 99, 47866260, 75, 'C', 0, '2017-12-19'),
(126, 99, 47861578, 85, 'B', 0, '2017-12-19'),
(127, 99, 47865099, 63, 'E', 0, '2017-12-19'),
(128, 99, 47867025, 77, 'C', 0, '2017-12-19'),
(129, 99, 47861523, 67, 'D', 0, '2017-12-19'),
(130, 99, 47863785, 75, 'C', 0, '2017-12-19'),
(131, 99, 47861755, 84, 'B', 0, '2017-12-19'),
(132, 99, 47860489, 0, 'F', 0, '2017-12-19'),
(133, 99, 47866171, 66, 'D', 0, '2017-12-19'),
(134, 99, 47861482, 80, 'C', 0, '2017-12-19'),
(135, 99, 47862077, 81, 'B', 0, '2017-12-19'),
(136, 99, 47861817, 75, 'C', 0, '2017-12-19'),
(137, 99, 47861669, 91, 'A', 0, '2017-12-19'),
(138, 99, 47861813, 94, 'A', 0, '2017-12-19'),
(139, 101, 46372090, 55, 'E', 0, '2017-02-10'),
(140, 101, 46369339, 98, 'A', 0, '2017-02-10'),
(141, 101, 46375220, 71, 'D', 0, '2017-02-10'),
(142, 101, 46372410, 90, 'A', 0, '2017-02-10'),
(143, 101, 46364077, 90, 'A', 0, '2017-02-10'),
(144, 101, 46369740, 55, 'E', 0, '2017-02-10'),
(145, 101, 38065619, 100, 'A', 0, '2017-02-10'),
(146, 101, 44832070, 55, 'E', 0, '2017-02-10'),
(147, 101, 46372513, 90, 'A', 0, '2017-02-10'),
(148, 101, 46165859, 55, 'E', 0, '2017-02-10'),
(149, 101, 46372516, 55, 'E', 0, '2017-02-10'),
(150, 101, 46372421, 55, 'E', 0, '2017-02-10'),
(151, 101, 46372227, 55, 'E', 0, '2017-02-10'),
(152, 101, 46372231, 92, 'A', 0, '2017-02-10'),
(153, 101, 46363941, 82, 'B', 0, '2017-02-10'),
(154, 101, 46372237, 55, 'E', 0, '2017-02-10'),
(155, 101, 46369723, 55, 'E', 0, '2017-02-10'),
(156, 101, 46369299, 81, 'B', 0, '2017-02-10'),
(157, 101, 46368146, 81, 'B', 0, '2017-02-10'),
(158, 101, 46372192, 55, 'E', 0, '2017-02-10'),
(159, 101, 46372257, 98, 'A', 0, '2017-02-10'),
(160, 101, 46883242, 75, 'C', 0, '2017-02-10'),
(161, 101, 46372623, 75, 'C', 0, '2017-02-10'),
(162, 101, 44978659, 55, 'E', 0, '2017-02-10'),
(163, 102, 46372090, 75, 'C', 0, '2017-06-12'),
(164, 102, 46369339, 100, 'A', 0, '2017-06-12'),
(165, 102, 46375220, 55, 'E', 0, '2017-06-12'),
(166, 102, 46372410, 100, 'A', 0, '2017-06-12'),
(167, 102, 46364077, 81, 'B', 0, '2017-06-12'),
(168, 102, 46369740, 55, 'E', 0, '2017-06-12'),
(169, 102, 38065619, 90, 'A', 0, '2017-06-12'),
(170, 102, 44832070, 55, 'E', 0, '2017-06-12'),
(171, 102, 46372513, 90, 'A', 0, '2017-06-12'),
(172, 102, 46165859, 55, 'E', 0, '2017-06-12'),
(173, 102, 46372516, 55, 'E', 0, '2017-06-12'),
(174, 102, 46372421, 55, 'E', 0, '2017-06-12'),
(175, 102, 46372227, 55, 'E', 0, '2017-06-12'),
(176, 102, 46372231, 98, 'A', 0, '2017-06-12'),
(177, 102, 46363941, 81, 'B', 0, '2017-06-12'),
(178, 102, 46372237, 82, 'B', 0, '2017-06-12'),
(179, 102, 46369723, 65, 'D', 0, '2017-06-12'),
(180, 102, 46369299, 92, 'A', 0, '2017-06-12'),
(181, 102, 46368146, 85, 'B', 0, '2017-06-12'),
(182, 102, 46372192, 55, 'E', 0, '2017-06-12'),
(183, 102, 46372257, 99, 'A', 0, '2017-06-12'),
(184, 102, 46883242, 75, 'C', 0, '2017-06-12'),
(185, 102, 46372623, 75, 'C', 0, '2017-06-12'),
(186, 102, 44978659, 55, 'E', 0, '2017-06-12'),
(199, 1, 47861813, 98.11, '', 0, '2018-01-01'),
(200, 1, 4, 99.5, '', 0, '2018-01-01'),
(204, 1, 49864380, 85, '', 0, '2018-01-01'),
(207, 1, 49864238, 76, '', 0, '2018-01-01'),
(208, 1, 46369339, 92.25, '', 0, '2018-01-01'),
(210, 1, 49864008, 85, '', 0, '2018-01-01'),
(211, 1, 48893181, 86.82, '', 0, '2018-01-01'),
(212, 1, 48878121, 94.73, '', 0, '2018-01-01'),
(213, 1, 47861270, 91.13, '', 0, '2018-01-01'),
(214, 1, 49864576, 86, '', 0, '2018-01-01'),
(215, 1, 47868495, 93.67, '', 0, '2018-01-01'),
(217, 26, 46372090, 56, 'E', 0, '2015-06-09'),
(218, 26, 46369339, 94, 'А', 0, '2015-06-09'),
(219, 26, 46375220, 61, 'E', 0, '2015-06-09'),
(220, 26, 46372410, 93, 'А', 0, '2015-06-09'),
(221, 26, 46364077, 78, 'С', 0, '2015-06-09'),
(222, 26, 46369740, 75, 'С', 0, '2015-06-09'),
(223, 26, 38065619, 90, 'А', 0, '2015-06-09'),
(224, 26, 44832070, 55, 'E', 0, '2015-06-09'),
(225, 26, 46372513, 84, 'B', 0, '2015-06-09'),
(226, 26, 46165859, 60, 'E', 0, '2015-06-09'),
(227, 26, 46372516, 75, 'C', 0, '2015-06-09'),
(228, 26, 46372421, 75, 'C', 0, '2015-06-09'),
(229, 26, 46372227, 80, 'C', 0, '2015-06-09'),
(230, 26, 46372231, 92, 'A', 0, '2015-06-09'),
(231, 26, 46363941, 75, 'C', 0, '2015-06-09'),
(232, 26, 46372237, 90, 'A', 0, '2015-06-09'),
(233, 26, 46369723, 67, 'D', 0, '2015-06-09'),
(234, 26, 46369299, 85, 'B', 0, '2015-06-09'),
(235, 26, 46368146, 57, 'E', 0, '2015-06-09'),
(236, 26, 46372192, 75, 'C', 0, '2015-06-09'),
(237, 26, 46372257, 93, 'A', 0, '2015-06-09'),
(238, 26, 46883242, 75, 'C', 0, '2015-06-09'),
(239, 26, 46372623, 83, 'B', 0, '2015-06-09'),
(240, 26, 44978659, 55, 'E', 0, '2015-06-09');

-- --------------------------------------------------------

--
-- Структура таблицы `Specialities`
--

CREATE TABLE `Specialities` (
  `Speciality_id` int(11) NOT NULL,
  `Speciality_name` varchar(255) NOT NULL,
  `Cipher` varchar(255) NOT NULL
) ENGINE=InnoDB DEFAULT CHARSET=utf8;

--
-- Дамп данных таблицы `Specialities`
--

INSERT INTO `Specialities` (`Speciality_id`, `Speciality_name`, `Cipher`) VALUES
(1, 'Системний аналіз', '123'),
(2, 'Інформаційні системи і технології', '126'),
(3, 'Системи і методи прийняття рішень', '124');

-- --------------------------------------------------------

--
-- Структура таблицы `Students`
--

CREATE TABLE `Students` (
  `Student_id` int(11) NOT NULL,
  `Student_FIO` varchar(255) NOT NULL,
  `Student_surname` varchar(255) NOT NULL,
  `Student_name` varchar(255) NOT NULL,
  `Student_lastname` varchar(255) NOT NULL,
  `Birhdate` date NOT NULL,
  `Student_phone` varchar(255) NOT NULL,
  `Certificate_raiting` double NOT NULL,
  `Certificate_ZNO_1` double NOT NULL,
  `Certificate_ZNO_2` double NOT NULL,
  `Certificate_ZNO_3` double NOT NULL,
  `SR_ball_doc` double NOT NULL,
  `Year` varchar(255) NOT NULL,
  `Class` varchar(255) NOT NULL,
  `Sum_ball` double NOT NULL,
  `s1` double NOT NULL,
  `s2` double NOT NULL,
  `sr` double NOT NULL,
  `s1stud` double NOT NULL,
  `s2stud` double NOT NULL
) ENGINE=InnoDB DEFAULT CHARSET=utf8;

--
-- Дамп данных таблицы `Students`
--

INSERT INTO `Students` (`Student_id`, `Student_FIO`, `Student_surname`, `Student_name`, `Student_lastname`, `Birhdate`, `Student_phone`, `Certificate_raiting`, `Certificate_ZNO_1`, `Certificate_ZNO_2`, `Certificate_ZNO_3`, `SR_ball_doc`, `Year`, `Class`, `Sum_ball`, `s1`, `s2`, `sr`, `s1stud`, `s2stud`) VALUES
(1, 'Iванов А.А', '', '', '', '0000-00-00', '', 0, 0, 0, 0, 0, '', '', 0, 0, 0, 0, 0, 0),
(2, 'Петров А.В', '', '', '', '0000-00-00', '', 0, 0, 0, 0, 0, '', '', 0, 0, 0, 0, 0, 0),
(3, 'Сiдоров Б.В', 'Сiдоров', 'as', 'sa', '0000-00-00', '', 0, 0, 0, 0, 0, '', '', 0, 0, 0, 0, 0, 0),
(4, 'Ареф’єва О.Б', 'Ареф’єва', 'Jkmuf', 'Б', '0000-00-00', '', 0, 0, 0, 0, 0, '', '', 0, 0, 0, 0, 0, 0),
(5, 'Макаров С.І.', '', '', '', '0000-00-00', '', 0, 0, 0, 0, 0, '2018', 'повний', 149.552, 0, 0, 0, 0, 0),
(6, 'Шокун Р.О', '', '', '', '0000-00-00', '', 0, 0, 0, 0, 0, '2018', 'повний', 132.912, 0, 0, 0, 0, 0),
(7, 'Бондаренко В.А.', '', '', '', '0000-00-00', '', 0, 0, 0, 0, 0, '2018', 'повний', 160.234, 0, 0, 0, 0, 0),
(8, 'Капелещук А.О.', '', '', '', '0000-00-00', '', 0, 0, 0, 0, 0, '2018', 'повний', 159.226, 0, 0, 0, 0, 0),
(9, 'Лукаш Д.', '', '', '', '0000-00-00', '', 0, 0, 0, 0, 0, '2018', 'повний', 111.172, 0, 0, 0, 0, 0),
(10, 'Нестерова О.В.', '', '', '', '0000-00-00', '', 0, 0, 0, 0, 0, '2018', 'повний', 159.588, 0, 0, 0, 0, 0),
(11, 'Пивоварова С.А.', '', '', '', '0000-00-00', '', 0, 0, 0, 0, 0, '2018', 'повний', 166.864, 0, 0, 0, 0, 0),
(12, 'Рябенков Д.О.', '', '', '', '0000-00-00', '', 0, 0, 0, 0, 0, '2018', 'повний', 136.737, 0, 0, 0, 0, 0),
(13, 'Садовніков Б.В.', '', '', '', '0000-00-00', '', 0, 0, 0, 0, 0, '2018', 'повний', 157.423, 0, 0, 0, 0, 0),
(14, 'Скорін Д.С.', '', '', '', '0000-00-00', '', 0, 0, 0, 0, 0, '2018', 'повний', 149.042, 0, 0, 0, 0, 0),
(15, 'ЯщенкоК.Д.', '', '', '', '0000-00-00', '', 0, 0, 0, 0, 0, '2018', 'повний', 142.465, 0, 0, 0, 0, 0),
(16, 'Вовк В.І', '', '', '', '0000-00-00', '', 0, 0, 0, 0, 0, '2018', 'повний', 124.8, 0, 0, 0, 0, 0),
(17, 'Закабула О.Ю.', '', '', '', '0000-00-00', '', 0, 0, 0, 0, 0, '2018', 'повний', 159.328, 0, 0, 0, 0, 0),
(18, 'Мирошниченко І.А.', '', '', '', '0000-00-00', '', 0, 0, 0, 0, 0, '2018', 'повний', 129.272, 0, 0, 0, 0, 0),
(19, 'Чаленко Д.В.', '', '', '', '0000-00-00', '', 0, 0, 0, 0, 0, '2018', 'повний', 141.336, 0, 0, 0, 0, 0),
(20, 'Ергерт Е.Є.', '', '', '', '0000-00-00', '', 0, 0, 0, 0, 0, '2018', 'повний', 150.176, 0, 0, 0, 0, 0),
(21, 'Пономаренко І.В.', '', '', '', '0000-00-00', '', 0, 0, 0, 0, 0, '2018', 'повний', 128.336, 0, 0, 0, 0, 0),
(22, 'Гончаров Б.В.', '', '', '', '0000-00-00', '', 0, 0, 0, 0, 0, '2018', 'прискорений', 105, 0, 0, 0, 0, 0),
(23, 'Сундушнікова Д.М.', '', '', '', '0000-00-00', '', 0, 0, 0, 0, 0, '2018', 'прискорений', 105, 0, 0, 0, 0, 0),
(24, 'Черноброва Є.М.', '', '', '', '0000-00-00', '', 0, 0, 0, 0, 0, '2018', 'прискорений', 125, 0, 0, 0, 0, 0),
(25, 'Шмагін А.Р.', '', '', '', '0000-00-00', '', 0, 0, 0, 0, 0, '2018', 'прискорений', 120, 0, 0, 0, 0, 0),
(26, 'Кириленко Д.М', '', '', '', '0000-00-00', '', 0, 0, 0, 0, 0, '2019', 'повний', 128.357, 0, 0, 0, 0, 0),
(27, 'Кривінченко Д.Р.', '', '', '', '0000-00-00', '', 0, 0, 0, 0, 0, '2019', 'повний', 143.208, 0, 0, 0, 0, 0),
(28, 'Трофименко Д.Д.', '', '', '', '0000-00-00', '', 0, 0, 0, 0, 0, '2019', 'повний', 142.253, 0, 0, 0, 0, 0),
(29, 'Чиримпей М.І.', '', '', '', '0000-00-00', '', 0, 0, 0, 0, 0, '2019', 'повний', 170.577, 0, 0, 0, 0, 0),
(30, 'Вовк В.І.', '', '', '', '0000-00-00', '', 0, 0, 0, 0, 0, '2019', 'повний', 124.8, 0, 0, 0, 0, 0),
(31, 'Закабула О.Ю.', '', '', '', '0000-00-00', '', 0, 0, 0, 0, 0, '2019', 'повний', 159.328, 0, 0, 0, 0, 0),
(32, 'Мирошниченко І.А.', '', '', '', '0000-00-00', '', 0, 0, 0, 0, 0, '2019', 'повний', 129.272, 0, 0, 0, 0, 0),
(33, 'Пономаренко І.В.', '', '', '', '0000-00-00', '', 0, 0, 0, 0, 0, '2019', 'повний', 128.336, 0, 0, 0, 0, 0),
(34, 'Амалицька К.О.', '', '', '', '0000-00-00', '', 0, 0, 0, 0, 0, '2019', 'прискорений', 150, 0, 0, 0, 0, 0),
(35, 'Котелевець О.О.', '', '', '', '0000-00-00', '', 0, 0, 0, 0, 0, '2019', 'прискорений', 100, 0, 0, 0, 0, 0),
(45, 'Берестова Л.А', '', '', '', '0000-00-00', '', 0, 0, 0, 0, 0, '', '', 0, 0, 0, 0, 0, 0),
(46, 'Дьячков А.М.', '', '', '', '0000-00-00', '', 0, 0, 0, 0, 0, '', '', 0, 0, 0, 0, 0, 0),
(47, 'Аббакумова А.Г.', '', '', '', '0000-00-00', '', 0, 0, 0, 0, 0, '', '', 0, 0, 0, 0, 0, 0),
(48, 'Гриднев Е.В.', '', '', '', '0000-00-00', '', 0, 0, 0, 0, 0, '', '', 0, 0, 0, 0, 0, 0),
(49, 'Демьянчук А.С.', '', '', '', '0000-00-00', '', 0, 0, 0, 0, 0, '', '', 0, 0, 0, 0, 0, 0),
(10000001, 'Бескровний І.О.', '', '', '', '0000-00-00', '', 0, 0, 0, 0, 0, '', 'повний', 0, 0, 0, 0, 0, 0),
(10000002, 'Бережна К.С.', '', '', '', '0000-00-00', '', 0, 0, 0, 0, 0, '', 'повний', 0, 0, 0, 0, 0, 0),
(10000003, 'Варваров Е.Е.', '', '', '', '0000-00-00', '', 0, 0, 0, 0, 0, '', 'повний', 0, 0, 0, 0, 0, 0),
(10000004, 'Грицко А.В.', 'Грицко', '', '', '0000-00-00', '', 0, 0, 0, 0, 0, '', 'повний', 0, 0, 0, 0, 0, 0),
(10000005, 'Дрозд М.С.', '', '', '', '0000-00-00', '', 0, 0, 0, 0, 0, '', 'повний', 0, 0, 0, 0, 0, 0),
(10000006, 'Іванова Ю.Л.', '', '', '', '0000-00-00', '', 0, 0, 0, 0, 0, '', 'повний', 0, 0, 0, 0, 0, 0),
(10000007, 'Коваленко І.В.', '', '', '', '0000-00-00', '', 0, 0, 0, 0, 0, '', 'повний', 0, 0, 0, 0, 0, 0),
(10000008, 'Комбарова О.М.', '', '', '', '0000-00-00', '', 0, 0, 0, 0, 0, '', 'повний', 0, 0, 0, 0, 0, 0),
(10000009, 'Ларкін Р.Г.', '', '', '', '0000-00-00', '', 0, 0, 0, 0, 0, '', 'повний', 0, 0, 0, 0, 0, 0),
(10000010, 'Литвинова Т.С.', '', '', '', '0000-00-00', '', 0, 0, 0, 0, 0, '', '', 0, 0, 0, 0, 0, 0),
(10000011, 'Мартем\'янова М.Ф.', 'Мартем\'янова', '', '', '0000-00-00', '', 0, 0, 0, 0, 0, '', 'повний', 0, 0, 0, 0, 0, 0),
(10000012, 'Мирошниченко Д.Г.', '', '', '', '0000-00-00', '', 0, 0, 0, 0, 0, '', 'повний', 0, 0, 0, 0, 0, 0),
(10000013, 'Осташ А.С.', '', '', '', '0000-00-00', '', 0, 0, 0, 0, 0, '', 'повний', 0, 0, 0, 0, 0, 0),
(10000014, 'Панова А.В.', '', '', '', '0000-00-00', '', 0, 0, 0, 0, 0, '', 'повний', 0, 0, 0, 0, 0, 0),
(10000015, 'Перепелиця Р.В.', '', '', '', '0000-00-00', '', 0, 0, 0, 0, 0, '', 'повний', 0, 0, 0, 0, 0, 0),
(10000016, 'Пшикун А.Э.', '', '', '', '0000-00-00', '', 0, 0, 0, 0, 0, '', 'повний', 0, 0, 0, 0, 0, 0),
(10000017, 'Садовець Я.Ю.', '', '', '', '0000-00-00', '', 0, 0, 0, 0, 0, '', 'повний', 0, 0, 0, 0, 0, 0),
(10000018, 'Суворов А.В.', '', '', '', '0000-00-00', '', 0, 0, 0, 0, 0, '', 'повний', 0, 0, 0, 0, 0, 0),
(10000019, 'Толова Є.А.', '', '', '', '0000-00-00', '', 0, 0, 0, 0, 0, '', 'повний', 0, 0, 0, 0, 0, 0),
(10000020, 'Филипов К.С.', '', '', '', '0000-00-00', '', 0, 0, 0, 0, 0, '', 'повний', 0, 0, 0, 0, 0, 0),
(10000021, 'Харьковська К.В.', '', '', '', '0000-00-00', '', 0, 0, 0, 0, 0, '', 'повний', 0, 0, 0, 0, 0, 0),
(10000022, 'Шелудько Д.В.', '', '', '', '0000-00-00', '', 0, 0, 0, 0, 0, '', 'повний', 0, 0, 0, 0, 0, 0),
(10000023, 'Ярова М.О.', '', '', '', '0000-00-00', '', 0, 0, 0, 0, 0, '', 'повний', 0, 0, 0, 0, 0, 0),
(10000024, 'Бложко М.А.', '', '', '', '0000-00-00', '', 0, 0, 0, 0, 0, '', 'прискорений', 0, 0, 0, 0, 0, 0),
(10000025, 'Завгородній О.О.', '', '', '', '0000-00-00', '', 0, 0, 0, 0, 0, '', 'прискорений', 0, 0, 0, 0, 0, 0),
(10000026, 'Залозний Д.А.', '', '', '', '0000-00-00', '', 0, 0, 0, 0, 0, '', 'прискорений', 0, 0, 0, 0, 0, 0),
(10000027, 'Ігнатенко Д.О.', '', '', '', '0000-00-00', '', 0, 0, 0, 0, 0, '', 'прискорений', 0, 0, 0, 0, 0, 0),
(10000028, 'Корпош С.В.', '', '', '', '0000-00-00', '', 0, 0, 0, 0, 0, '', 'прискорений', 0, 0, 0, 0, 0, 0),
(10000029, 'КравченкоХ.В.', '', '', '', '0000-00-00', '', 0, 0, 0, 0, 0, '', 'прискорений', 0, 0, 0, 0, 0, 0),
(10000030, 'Лєнь К.Ю.', '', '', '', '0000-00-00', '', 0, 0, 0, 0, 0, '', 'прискорений', 0, 0, 0, 0, 0, 0),
(10000031, 'Левен Т.С.', '', '', '', '0000-00-00', '', 0, 0, 0, 0, 0, '', 'прискорений', 0, 0, 0, 0, 0, 0),
(10000032, 'Мацюк С.І.', '', '', '', '0000-00-00', '', 0, 0, 0, 0, 0, '', 'прискорений', 0, 0, 0, 0, 0, 0),
(10000033, 'Петренко А.А.', '', '', '', '0000-00-00', '', 0, 0, 0, 0, 0, '', 'прискорений', 0, 0, 0, 0, 0, 0),
(10000034, 'Рябенко С.А.', '', '', '', '0000-00-00', '', 0, 0, 0, 0, 0, '', 'прискорений', 0, 0, 0, 0, 0, 0),
(10000035, 'Шванда І.О.', '', '', '', '0000-00-00', '', 0, 0, 0, 0, 0, '', 'прискорений', 0, 0, 0, 0, 0, 0),
(10000036, 'Яковенко Є.В.', '', '', '', '0000-00-00', '', 0, 0, 0, 0, 0, '', 'прискорений', 0, 0, 0, 0, 0, 0),
(10000037, 'Балієв М.М.', '', '', '', '0000-00-00', '', 0, 0, 0, 0, 0, '', 'прискорений', 0, 0, 0, 0, 0, 0),
(10000038, 'Бойко В.О.', '', '', '', '0000-00-00', '', 0, 0, 0, 0, 0, '', 'прискорений', 0, 0, 0, 0, 0, 0),
(10000039, 'Голуб О.О.', '', '', '', '0000-00-00', '', 0, 0, 0, 0, 0, '', 'прискорений', 0, 0, 0, 0, 0, 0),
(10000040, 'Долина О.О.', '', '', '', '0000-00-00', '', 0, 0, 0, 0, 0, '', 'прискорений', 0, 0, 0, 0, 0, 0),
(10000041, 'Кондратенко А.Ю.', '', '', '', '0000-00-00', '', 0, 0, 0, 0, 0, '', 'прискорений', 0, 0, 0, 0, 0, 0),
(10000042, 'Полозова Д.В.', '', '', '', '0000-00-00', '', 0, 0, 0, 0, 0, '', 'прискорений', 0, 0, 0, 0, 0, 0),
(10000043, 'Попов Д.О.', '', '', '', '0000-00-00', '', 0, 0, 0, 0, 0, '', 'прискорений', 0, 0, 0, 0, 0, 0),
(10000044, 'Соколов Д.Ю.', '', '', '', '0000-00-00', '', 0, 0, 0, 0, 0, '', 'прискорений', 0, 0, 0, 0, 0, 0),
(10000045, 'Соколов М.Ю.', '', '', '', '0000-00-00', '', 0, 0, 0, 0, 0, '', 'прискорений', 0, 0, 0, 0, 0, 0),
(10000046, 'Соколова І.В.', '', '', '', '0000-00-00', '', 0, 0, 0, 0, 0, '', 'прискорений', 0, 0, 0, 0, 0, 0),
(10000047, 'Сучалкіна А.М.', '', '', '', '0000-00-00', '', 0, 0, 0, 0, 0, '', 'прискорений', 0, 0, 0, 0, 0, 0),
(10000048, 'Абрамов Б.І.', '', '', '', '0000-00-00', '', 0, 0, 0, 0, 0, '', 'повний', 0, 0, 0, 0, 0, 0),
(10000049, 'Безмеліцина А.О.', '', '', '', '0000-00-00', '', 0, 0, 0, 0, 0, '', 'повний', 0, 0, 0, 0, 0, 0),
(10000050, 'Бриж Л.А.', '', '', '', '0000-00-00', '', 0, 0, 0, 0, 0, '', 'повний', 0, 0, 0, 0, 0, 0),
(10000051, 'Воробьова В.О.', '', '', '', '0000-00-00', '', 0, 0, 0, 0, 0, '', 'повний', 0, 0, 0, 0, 0, 0),
(10000052, 'Германенко М.О.', '', '', '', '0000-00-00', '', 0, 0, 0, 0, 0, '', 'повний', 0, 0, 0, 0, 0, 0),
(10000053, 'Гетьман М.А.', '', '', '', '0000-00-00', '', 0, 0, 0, 0, 0, '', 'повний', 0, 0, 0, 0, 0, 0),
(10000054, 'Дворниченко А.О.', '', '', '', '0000-00-00', '', 0, 0, 0, 0, 0, '', 'повний', 0, 0, 0, 0, 0, 0),
(10000055, 'Довгай Д.О.', '', '', '', '0000-00-00', '', 0, 0, 0, 0, 0, '', 'повний', 0, 0, 0, 0, 0, 0),
(10000056, 'Золотой Д.О.', '', '', '', '0000-00-00', '', 0, 0, 0, 0, 0, '', 'повний', 0, 0, 0, 0, 0, 0),
(10000057, 'Козирєв О.О.', '', '', '', '0000-00-00', '', 0, 0, 0, 0, 0, '', 'повний', 0, 0, 0, 0, 0, 0),
(10000058, 'Маляр С.В.', '', '', '', '0000-00-00', '', 0, 0, 0, 0, 0, '', 'повний', 0, 0, 0, 0, 0, 0),
(10000059, 'Мороз Д.В.', '', '', '', '0000-00-00', '', 0, 0, 0, 0, 0, '', 'повний', 0, 0, 0, 0, 0, 0),
(10000060, 'Невдохін М.В.', '', '', '', '0000-00-00', '', 0, 0, 0, 0, 0, '', 'повний', 0, 0, 0, 0, 0, 0),
(10000061, 'Радомський О.О.', '', '', '', '0000-00-00', '', 0, 0, 0, 0, 0, '', 'повний', 0, 0, 0, 0, 0, 0),
(10000062, 'Решетняк А.В.', '', '', '', '0000-00-00', '', 0, 0, 0, 0, 0, '', 'повний', 0, 0, 0, 0, 0, 0),
(10000063, 'Сергіенко О.С.', '', '', '', '0000-00-00', '', 0, 0, 0, 0, 0, '', 'повний', 0, 0, 0, 0, 0, 0),
(10000064, 'Сирунян А.С.', '', '', '', '0000-00-00', '', 0, 0, 0, 0, 0, '', 'повний', 0, 0, 0, 0, 0, 0),
(10000065, 'Тімченко А.В.', '', '', '', '0000-00-00', '', 0, 0, 0, 0, 0, '', 'повний', 0, 0, 0, 0, 0, 0),
(10000066, 'Товкайло О.Ю.', '', '', '', '0000-00-00', '', 0, 0, 0, 0, 0, '', 'повний', 0, 0, 0, 0, 0, 0),
(10000067, 'Удод О.О.', '', '', '', '0000-00-00', '', 0, 0, 0, 0, 0, '', 'повний', 0, 0, 0, 0, 0, 0),
(10000068, 'Фоменко М.С.', '', '', '', '0000-00-00', '', 0, 0, 0, 0, 0, '', 'повний', 0, 0, 0, 0, 0, 0),
(10000069, 'Шевченко О.Л.', '', '', '', '0000-00-00', '', 0, 0, 0, 0, 0, '', 'повний', 0, 0, 0, 0, 0, 0),
(10000070, 'Яковчук Д.І.', '', '', '', '0000-00-00', '', 0, 0, 0, 0, 0, '', 'повний', 0, 0, 0, 0, 0, 0),
(10000071, 'Ященко К.С.', '', '', '', '0000-00-00', '', 0, 0, 0, 0, 0, '', 'повний', 0, 0, 0, 0, 0, 0),
(10000072, 'Безверха В.С.', '', '', '', '0000-00-00', '', 0, 0, 0, 0, 0, '', 'прискорений', 0, 0, 0, 0, 0, 0),
(10000073, 'Волинець К.Г.', '', '', '', '0000-00-00', '', 0, 0, 0, 0, 0, '', 'прискорений', 0, 0, 0, 0, 0, 0),
(10000074, 'Дьомін О.С.', '', '', '', '0000-00-00', '', 0, 0, 0, 0, 0, '', 'прискорений', 0, 0, 0, 0, 0, 0),
(10000075, 'Комолєв А.О.', '', '', '', '0000-00-00', '', 0, 0, 0, 0, 0, '', 'прискорений', 0, 0, 0, 0, 0, 0),
(10000076, 'Котляр Л.В.', '', '', '', '0000-00-00', '', 0, 0, 0, 0, 0, '', 'прискорений', 0, 0, 0, 0, 0, 0),
(10000077, 'Махортов В.В.', '', '', '', '0000-00-00', '', 0, 0, 0, 0, 0, '', 'прискорений', 0, 0, 0, 0, 0, 0),
(10000078, 'Нечволода А.О.', '', '', '', '0000-00-00', '', 0, 0, 0, 0, 0, '', 'прискорений', 0, 0, 0, 0, 0, 0),
(10000079, 'Панібратченко О.Д.', '', '', '', '0000-00-00', '', 0, 0, 0, 0, 0, '', 'прискорений', 0, 0, 0, 0, 0, 0),
(10000080, 'Петряєв А.С.', '', '', '', '0000-00-00', '', 0, 0, 0, 0, 0, '', 'прискорений', 0, 0, 0, 0, 0, 0),
(10000081, 'Рудай А.С.', '', '', '', '0000-00-00', '', 0, 0, 0, 0, 0, '', 'прискорений', 0, 0, 0, 0, 0, 0),
(10000082, 'Рудич Є.Ю.', '', '', '', '0000-00-00', '', 0, 0, 0, 0, 0, '', 'прискорений', 0, 0, 0, 0, 0, 0),
(10000083, 'Шеремет М.М.', '', '', '', '0000-00-00', '', 0, 0, 0, 0, 0, '', 'прискорений', 0, 0, 0, 0, 0, 0),
(10000084, 'Андрєєва В.П.', '', '', '', '0000-00-00', '', 0, 0, 0, 0, 0, '', '', 0, 0, 0, 0, 0, 0),
(10000085, 'Астахова А.М.', '', '', '', '0000-00-00', '', 0, 0, 0, 0, 0, '', '', 0, 0, 0, 0, 0, 0),
(10000086, 'Брацун І.М.', '', '', '', '0000-00-00', '', 0, 0, 0, 0, 0, '', '', 0, 0, 0, 0, 0, 0),
(10000087, 'Биков Е.В.', '', '', '', '0000-00-00', '', 0, 0, 0, 0, 0, '', '', 0, 0, 0, 0, 0, 0),
(10000088, 'Васецький В.О.', '', '', '', '0000-00-00', '', 0, 0, 0, 0, 0, '', '', 0, 0, 0, 0, 0, 0),
(10000089, 'Загородніх Д.В.', '', '', '', '0000-00-00', '', 0, 0, 0, 0, 0, '', '', 0, 0, 0, 0, 0, 0),
(10000090, 'Заболотна К.Ю.', '', '', '', '0000-00-00', '', 0, 0, 0, 0, 0, '', '', 0, 0, 0, 0, 0, 0),
(10000091, 'Здерева О.С.', '', '', '', '0000-00-00', '', 0, 0, 0, 0, 0, '', '', 0, 0, 0, 0, 0, 0),
(10000092, 'Кіяшко Ю.Ю.', '', '', '', '0000-00-00', '', 0, 0, 0, 0, 0, '', '', 0, 0, 0, 0, 0, 0),
(10000093, 'Колодько Д.О.', '', '', '', '0000-00-00', '', 0, 0, 0, 0, 0, '', '', 0, 0, 0, 0, 0, 0),
(10000094, 'Коноваленко С.В.', '', '', '', '0000-00-00', '', 0, 0, 0, 0, 0, '', '', 0, 0, 0, 0, 0, 0),
(10000095, 'Котова І.О.', '', '', '', '0000-00-00', '', 0, 0, 0, 0, 0, '', '', 0, 0, 0, 0, 0, 0),
(10000096, 'Куроченко Є.В.', '', '', '', '0000-00-00', '', 0, 0, 0, 0, 0, '', '', 0, 0, 0, 0, 0, 0),
(10000097, 'Ларченко А.В.', '', '', '', '0000-00-00', '', 0, 0, 0, 0, 0, '', '', 0, 0, 0, 0, 0, 0),
(10000098, 'Леонтьєв Д.О.', '', '', '', '0000-00-00', '', 0, 0, 0, 0, 0, '', '', 0, 0, 0, 0, 0, 0),
(10000099, 'Макатров І.В.', '', '', '', '0000-00-00', '', 0, 0, 0, 0, 0, '', '', 0, 0, 0, 0, 0, 0),
(10000100, 'Маловичко Р.Є.', '', '', '', '0000-00-00', '', 0, 0, 0, 0, 0, '', '', 0, 0, 0, 0, 0, 0),
(10000101, 'Набережних Т.С.', '', '', '', '0000-00-00', '', 0, 0, 0, 0, 0, '', '', 0, 0, 0, 0, 0, 0),
(10000102, 'Оранський О.І.', '', '', '', '0000-00-00', '', 0, 0, 0, 0, 0, '', '', 0, 0, 0, 0, 0, 0),
(10000103, 'Паргаменко Я.А.', '', '', '', '0000-00-00', '', 0, 0, 0, 0, 0, '', '', 0, 0, 0, 0, 0, 0),
(10000104, 'Пивоварова А.Г.', '', '', '', '0000-00-00', '', 0, 0, 0, 0, 0, '', '', 0, 0, 0, 0, 0, 0),
(10000105, 'Саприкіна А.С.', '', '', '', '0000-00-00', '', 0, 0, 0, 0, 0, '', '', 0, 0, 0, 0, 0, 0),
(10000106, 'Черненко О.Г.', '', '', '', '0000-00-00', '', 0, 0, 0, 0, 0, '', '', 0, 0, 0, 0, 0, 0),
(10000107, 'Шевцов О.С.', '', '', '', '0000-00-00', '', 0, 0, 0, 0, 0, '', '', 0, 0, 0, 0, 0, 0),
(10000108, 'Ярошенко О.О.', '', '', '', '0000-00-00', '', 0, 0, 0, 0, 0, '', '', 0, 0, 0, 0, 0, 0),
(10000109, 'Абієва Т.Р.', '', '', '', '0000-00-00', '', 0, 0, 0, 0, 0, '', '', 0, 0, 0, 0, 0, 0),
(10000110, 'Боженко А.Л.', '', '', '', '0000-00-00', '', 0, 0, 0, 0, 0, '', '', 0, 0, 0, 0, 0, 0),
(10000111, 'Бондарєв Д.С.', '', '', '', '0000-00-00', '', 0, 0, 0, 0, 0, '', '', 0, 0, 0, 0, 0, 0),
(10000112, 'Вальков А.П.', '', '', '', '0000-00-00', '', 0, 0, 0, 0, 0, '', '', 0, 0, 0, 0, 0, 0),
(10000113, 'Ванюхін М.А.', '', '', '', '0000-00-00', '', 0, 0, 0, 0, 0, '', '', 0, 0, 0, 0, 0, 0),
(10000114, 'Гайков С.О.', '', '', '', '0000-00-00', '', 0, 0, 0, 0, 0, '', '', 0, 0, 0, 0, 0, 0),
(10000115, 'Голік В.О.', '', '', '', '0000-00-00', '', 0, 0, 0, 0, 0, '', '', 0, 0, 0, 0, 0, 0),
(10000116, 'Горбань С.С.', '', '', '', '0000-00-00', '', 0, 0, 0, 0, 0, '', '', 0, 0, 0, 0, 0, 0),
(10000117, 'Солодовнік Н.І.', '', '', '', '0000-00-00', '', 0, 0, 0, 0, 0, '', '', 0, 0, 0, 0, 0, 0),
(10000118, 'Гула М.М.', '', '', '', '0000-00-00', '', 0, 0, 0, 0, 0, '', '', 0, 0, 0, 0, 0, 0),
(10000119, 'Єлєсін А.В.', '', '', '', '0000-00-00', '', 0, 0, 0, 0, 0, '', '', 0, 0, 0, 0, 0, 0),
(10000120, 'Коваленко С.С.', '', '', '', '0000-00-00', '', 0, 0, 0, 0, 0, '', '', 0, 0, 0, 0, 0, 0),
(10000121, 'Коломієць М.В.', '', '', '', '0000-00-00', '', 0, 0, 0, 0, 0, '', '', 0, 0, 0, 0, 0, 0),
(10000122, 'Конишев Г.О.', '', '', '', '0000-00-00', '', 0, 0, 0, 0, 0, '', '', 0, 0, 0, 0, 0, 0),
(10000123, 'Корж Р.В.', '', '', '', '0000-00-00', '', 0, 0, 0, 0, 0, '', '', 0, 0, 0, 0, 0, 0),
(10000124, 'Косяк Е.В.', '', '', '', '0000-00-00', '', 0, 0, 0, 0, 0, '', '', 0, 0, 0, 0, 0, 0),
(10000125, 'Матюха С.О.', '', '', '', '0000-00-00', '', 0, 0, 0, 0, 0, '', '', 0, 0, 0, 0, 0, 0),
(10000126, 'Мисник І.О.', '', '', '', '0000-00-00', '', 0, 0, 0, 0, 0, '', '', 0, 0, 0, 0, 0, 0),
(10000127, 'Олійник А.В.', '', '', '', '0000-00-00', '', 0, 0, 0, 0, 0, '', '', 0, 0, 0, 0, 0, 0),
(10000128, 'Павленко І.А.', '', '', '', '0000-00-00', '', 0, 0, 0, 0, 0, '', '', 0, 0, 0, 0, 0, 0),
(10000129, 'Романенко Д.В.', '', '', '', '0000-00-00', '', 0, 0, 0, 0, 0, '', '', 0, 0, 0, 0, 0, 0),
(10000130, 'Слиж І.С.', '', '', '', '0000-00-00', '', 0, 0, 0, 0, 0, '', '', 0, 0, 0, 0, 0, 0),
(10000131, 'Степанова А.О.', '', '', '', '0000-00-00', '', 0, 0, 0, 0, 0, '', '', 0, 0, 0, 0, 0, 0),
(10000132, 'Федюк І.В.', '', '', '', '0000-00-00', '', 0, 0, 0, 0, 0, '', '', 0, 0, 0, 0, 0, 0),
(10000133, 'Федянин С.Б.', '', '', '', '0000-00-00', '', 0, 0, 0, 0, 0, '', '', 0, 0, 0, 0, 0, 0),
(10000134, 'Цвяшко О.І.', '', '', '', '0000-00-00', '', 0, 0, 0, 0, 0, '', '', 0, 0, 0, 0, 0, 0),
(10000135, 'Юраськин С.Е.', '', '', '', '0000-00-00', '', 0, 0, 0, 0, 0, '', '', 0, 0, 0, 0, 0, 0),
(10000136, 'Якобчук Д.Г.', '', '', '', '0000-00-00', '', 0, 0, 0, 0, 0, '', '', 0, 0, 0, 0, 0, 0),
(10000137, 'Сердюков Д.В.', '', '', '', '0000-00-00', '', 0, 0, 0, 0, 0, '', '', 0, 0, 0, 0, 0, 0),
(10000138, 'Вівдіч С.О.', '', '', '', '0000-00-00', '', 0, 0, 0, 0, 0, '', '', 0, 0, 0, 0, 0, 0),
(10000139, 'Денисенко С.О.', '', '', '', '0000-00-00', '', 0, 0, 0, 0, 0, '', '', 0, 0, 0, 0, 0, 0),
(10000140, 'Дьякова А.С.', '', '', '', '0000-00-00', '', 0, 0, 0, 0, 0, '', '', 0, 0, 0, 0, 0, 0),
(10000141, 'Ільченко А.А.', '', '', '', '0000-00-00', '', 0, 0, 0, 0, 0, '', '', 0, 0, 0, 0, 0, 0),
(10000142, 'Котенко М.В.', '', '', '', '0000-00-00', '', 0, 0, 0, 0, 0, '', '', 0, 0, 0, 0, 0, 0),
(10000143, 'Логвіненко Б.І.', '', '', '', '0000-00-00', '', 0, 0, 0, 0, 0, '', '', 0, 0, 0, 0, 0, 0),
(10000144, 'Машкін О.В.', '', '', '', '0000-00-00', '', 0, 0, 0, 0, 0, '', '', 0, 0, 0, 0, 0, 0),
(10000145, 'Мельников А.П.', '', '', '', '0000-00-00', '', 0, 0, 0, 0, 0, '', '', 0, 0, 0, 0, 0, 0),
(10000146, 'Мосейко О.С.', '', '', '', '0000-00-00', '', 0, 0, 0, 0, 0, '', '', 0, 0, 0, 0, 0, 0),
(10000147, 'Однораленко Т.О.', '', '', '', '0000-00-00', '', 0, 0, 0, 0, 0, '', '', 0, 0, 0, 0, 0, 0),
(10000148, 'Подмогильний Є.В.', '', '', '', '0000-00-00', '', 0, 0, 0, 0, 0, '', '', 0, 0, 0, 0, 0, 0),
(10000149, 'Потапов І.О.', '', '', '', '0000-00-00', '', 0, 0, 0, 0, 0, '', '', 0, 0, 0, 0, 0, 0),
(10000150, 'Руднєва М.В.', '', '', '', '0000-00-00', '', 0, 0, 0, 0, 0, '', '', 0, 0, 0, 0, 0, 0),
(10000151, 'Смирнова В.В.', '', '', '', '0000-00-00', '', 0, 0, 0, 0, 0, '', '', 0, 0, 0, 0, 0, 0),
(10000152, 'Соломко Ю.О.', '', '', '', '0000-00-00', '', 0, 0, 0, 0, 0, '', '', 0, 0, 0, 0, 0, 0),
(10000153, 'Тоічкін О.О.', '', '', '', '0000-00-00', '', 0, 0, 0, 0, 0, '', '', 0, 0, 0, 0, 0, 0),
(10000154, 'Трехлебов Є.В.', '', '', '', '0000-00-00', '', 0, 0, 0, 0, 0, '', '', 0, 0, 0, 0, 0, 0),
(10000155, 'Цапенко Ю.В.', '', '', '', '0000-00-00', '', 0, 0, 0, 0, 0, '', '', 0, 0, 0, 0, 0, 0),
(10000156, 'Шлома Д.І.', '', '', '', '0000-00-00', '', 0, 0, 0, 0, 0, '', '', 0, 0, 0, 0, 0, 0),
(10000157, 'Яцуненко Р.О.', '', '', '', '0000-00-00', '', 0, 0, 0, 0, 0, '', '', 0, 0, 0, 0, 0, 0),
(10000158, 'Боронін М.І.', '', '', '', '0000-00-00', '', 0, 0, 0, 0, 0, '', '', 0, 0, 0, 0, 0, 0),
(10000159, 'Бурдовицин М.М.', '', '', '', '0000-00-00', '', 0, 0, 0, 0, 0, '', '', 0, 0, 0, 0, 0, 0),
(10000160, 'Годовиченко Ю.К.', '', '', '', '0000-00-00', '', 0, 0, 0, 0, 0, '', '', 0, 0, 0, 0, 0, 0),
(10000161, 'Григораш Р.В.', '', '', '', '0000-00-00', '', 0, 0, 0, 0, 0, '', '', 0, 0, 0, 0, 0, 0),
(10000162, 'Гук Є.О.', '', '', '', '0000-00-00', '', 0, 0, 0, 0, 0, '', '', 0, 0, 0, 0, 0, 0),
(10000163, 'Конкіна А.А.', '', '', '', '0000-00-00', '', 0, 0, 0, 0, 0, '', '', 0, 0, 0, 0, 0, 0),
(10000164, 'Кіященко О.О.', '', '', '', '0000-00-00', '', 0, 0, 0, 0, 0, '', '', 0, 0, 0, 0, 0, 0),
(10000165, 'Корень Б.А.', '', '', '', '0000-00-00', '', 0, 0, 0, 0, 0, '', '', 0, 0, 0, 0, 0, 0),
(10000166, 'Лимарь (Баранікова) І.В.', '', '', '', '0000-00-00', '', 0, 0, 0, 0, 0, '', '', 0, 0, 0, 0, 0, 0),
(10000167, 'Матюха А.О.', '', '', '', '0000-00-00', '', 0, 0, 0, 0, 0, '', '', 0, 0, 0, 0, 0, 0),
(10000168, 'Нестерук В.О.', '', '', '', '0000-00-00', '', 0, 0, 0, 0, 0, '', '', 0, 0, 0, 0, 0, 0),
(10000169, 'Огоровий С.В.', '', '', '', '0000-00-00', '', 0, 0, 0, 0, 0, '', '', 0, 0, 0, 0, 0, 0),
(10000170, 'Павлов А.Ю.', '', '', '', '0000-00-00', '', 0, 0, 0, 0, 0, '', '', 0, 0, 0, 0, 0, 0),
(10000171, 'Пуцатий І.С.', '', '', '', '0000-00-00', '', 0, 0, 0, 0, 0, '', '', 0, 0, 0, 0, 0, 0),
(10000172, 'Родін О.В.', '', '', '', '0000-00-00', '', 0, 0, 0, 0, 0, '', '', 0, 0, 0, 0, 0, 0),
(10000173, 'Рябов Р.П.', '', '', '', '0000-00-00', '', 0, 0, 0, 0, 0, '', '', 0, 0, 0, 0, 0, 0),
(10000174, 'Савєльєв С.І.', '', '', '', '0000-00-00', '', 0, 0, 0, 0, 0, '', '', 0, 0, 0, 0, 0, 0),
(10000175, 'Шевернєва А.Ю.', '', '', '', '0000-00-00', '', 0, 0, 0, 0, 0, '', '', 0, 0, 0, 0, 0, 0),
(10000176, 'Шеврикуко В.О.', '', '', '', '0000-00-00', '', 0, 0, 0, 0, 0, '', '', 0, 0, 0, 0, 0, 0),
(10000177, 'Дзекун О.С.', '', '', '', '0000-00-00', '', 0, 0, 0, 0, 0, '', '', 0, 0, 0, 0, 0, 0),
(10000178, 'Єременко О.О.', '', '', '', '0000-00-00', '', 0, 0, 0, 0, 0, '', '', 0, 0, 0, 0, 0, 0),
(10000179, 'Капиріна Є.В.', '', '', '', '0000-00-00', '', 0, 0, 0, 0, 0, '', '', 0, 0, 0, 0, 0, 0),
(10000180, 'Кінас Р.В.', '', '', '', '0000-00-00', '', 0, 0, 0, 0, 0, '', '', 0, 0, 0, 0, 0, 0),
(10000181, 'Колесніков О.О.', '', '', '', '0000-00-00', '', 0, 0, 0, 0, 0, '', '', 0, 0, 0, 0, 0, 0),
(10000182, 'Лошкарьов М.П.', '', '', '', '0000-00-00', '', 0, 0, 0, 0, 0, '', '', 0, 0, 0, 0, 0, 0),
(10000183, 'Некращук С.С.', '', '', '', '0000-00-00', '', 0, 0, 0, 0, 0, '', '', 0, 0, 0, 0, 0, 0),
(10000184, 'Петренко К.Д.', '', '', '', '0000-00-00', '', 0, 0, 0, 0, 0, '', '', 0, 0, 0, 0, 0, 0),
(10000185, 'Стасюк О.М.', '', '', '', '0000-00-00', '', 0, 0, 0, 0, 0, '', '', 0, 0, 0, 0, 0, 0),
(10000186, 'Щуфан К.І.', '', '', '', '0000-00-00', '', 0, 0, 0, 0, 0, '', '', 0, 0, 0, 0, 0, 0),
(10000187, 'Гафурова О.О.', '', '', '', '0000-00-00', '', 0, 0, 0, 0, 0, '', '', 0, 0, 0, 0, 0, 0),
(10000188, 'Іванова І.Б.', '', '', '', '0000-00-00', '', 0, 0, 0, 0, 0, '', '', 0, 0, 0, 0, 0, 0),
(10000189, 'Киверин К.О.', '', '', '', '0000-00-00', '', 0, 0, 0, 0, 0, '', '', 0, 0, 0, 0, 0, 0),
(10000190, 'Колченко Р.І.', '', '', '', '0000-00-00', '', 0, 0, 0, 0, 0, '', '', 0, 0, 0, 0, 0, 0),
(10000191, 'Константинов А.Р.', '', '', '', '0000-00-00', '', 0, 0, 0, 0, 0, '', '', 0, 0, 0, 0, 0, 0),
(10000192, 'Костюк В.С.', '', '', '', '0000-00-00', '', 0, 0, 0, 0, 0, '', '', 0, 0, 0, 0, 0, 0),
(10000193, 'Мельник О.В.', '', '', '', '0000-00-00', '', 0, 0, 0, 0, 0, '', '', 0, 0, 0, 0, 0, 0),
(10000194, 'Михалкин Д.О.', '', '', '', '0000-00-00', '', 0, 0, 0, 0, 0, '', '', 0, 0, 0, 0, 0, 0),
(10000195, 'Прядун С.І.', '', '', '', '0000-00-00', '', 0, 0, 0, 0, 0, '', '', 0, 0, 0, 0, 0, 0),
(10000196, 'Соловей О.О.', '', '', '', '0000-00-00', '', 0, 0, 0, 0, 0, '', '', 0, 0, 0, 0, 0, 0),
(10000197, 'Ткаченко Є.С.', '', '', '', '0000-00-00', '', 0, 0, 0, 0, 0, '', '', 0, 0, 0, 0, 0, 0),
(10000198, 'Трачук У.С.', '', '', '', '0000-00-00', '', 0, 0, 0, 0, 0, '', '', 0, 0, 0, 0, 0, 0),
(15013496, 'Веселов К.П.', '', '', '', '0000-00-00', '', 0, 0, 0, 0, 0, '', '', 0, 0, 0, 0, 0, 0),
(15013542, 'Меняк А.С.', 'Меняк', 'Анастасія', 'Сергіївна', '0000-00-00', '', 0, 0, 0, 0, 185, '2015', 'прискорений', 185, 0, 0, 0, 0, 0),
(15013545, 'Погрібняк Т.В.', 'Погрібняк', 'Тетяна', 'Володимирівна', '0000-00-00', '', 0, 0, 0, 0, 165, '2015', 'прискорений', 165, 0, 0, 0, 0, 0),
(15013561, 'Карягін Ж.Г.', 'Карягін', 'Жан', 'Геннадійович', '0000-00-00', '', 0, 0, 0, 0, 110, '2015', 'прискорений', 110, 0, 0, 0, 0, 0),
(15013565, 'Рублевський І.С.', 'Рублевський', 'Ігор', 'Сергійович', '0000-00-00', '', 0, 0, 0, 0, 100, '2015', 'прискорений', 100, 0, 0, 0, 0, 0),
(15013571, 'Шуміліна В.В.', 'Шуміліна', 'Вероніка', 'Вікторівна', '0000-00-00', '', 0, 0, 0, 0, 165, '2015', 'прискорений', 165, 0, 0, 0, 0, 0),
(15013591, 'В\'ялих Д.О.', 'В\'ялих', 'Дмитро', 'Олександрович', '0000-00-00', '', 0, 0, 0, 0, 155, '2015', 'прискорений', 155, 0, 0, 0, 0, 0),
(15013593, 'Кірій Е.Ю.', 'Кірій', 'Едуард', 'Юрійович', '0000-00-00', '', 0, 0, 0, 0, 113, '2015', 'прискорений', 113, 0, 0, 0, 0, 0),
(15013597, 'Курінний О.І.', 'Курінний', 'Олександр', 'Ігорович', '0000-00-00', '', 0, 0, 0, 0, 130, '2015', 'прискорений', 130, 0, 0, 0, 0, 0),
(15013606, 'Попова Н.С.', 'Попова', 'Наталія', 'Сергіївна', '0000-00-00', '', 0, 0, 0, 0, 195, '2015', 'прискорений', 195, 0, 0, 0, 0, 0),
(15013613, 'Щербак Ю.А.', 'Щербак', 'Юлія', 'Андріївна', '0000-00-00', '', 0, 0, 0, 0, 165, '2015', 'прискорений', 165, 0, 0, 0, 0, 0),
(15013614, 'Юрченко О.В.', 'Юрченко', 'Олексій', 'Вікторович', '0000-00-00', '', 0, 0, 0, 0, 165, '2015', 'прискорений', 165, 0, 0, 0, 0, 0),
(15020496, 'Галінська К.О.', 'Галінська', 'Катерина', 'Олександрівна', '0000-00-00', '', 0, 0, 0, 0, 180, '2015', 'прискорений', 180, 0, 0, 0, 0, 0),
(15043114, 'Остапчук А.О.', 'Остапчук', 'Альбіна', 'Олександрівна', '0000-00-00', '', 0, 0, 0, 0, 150, '2015', 'прискорений', 150, 0, 0, 0, 0, 0),
(15043131, 'Лучинецький В.В.', 'Лучинецький', 'Володимир', 'Володимирович', '0000-00-00', '', 0, 0, 0, 0, 172, '2015', 'прискорений', 172, 0, 0, 0, 0, 0),
(15043140, 'Твердохліб Д.В.', 'Твердохліб', 'Дмитро', 'Вікторович', '0000-00-00', '', 0, 0, 0, 0, 160, '2015', 'прискорений', 160, 0, 0, 0, 0, 0),
(15043158, 'Замула В.В.', 'Замула', 'Владислав', 'Віталійович', '0000-00-00', '', 0, 0, 0, 0, 103, '2015', 'прискорений', 103, 0, 0, 0, 0, 0),
(15043160, 'Кравцов В.Ю.', 'Кравцов', 'Владислав', 'Юрійович', '0000-00-00', '', 0, 0, 0, 0, 100, '2015', 'прискорений', 100, 0, 0, 0, 0, 0),
(16042914, 'Денисенко В.В.', 'Денисенко', 'Владислав', 'Віталійович', '0000-00-00', '', 0, 0, 0, 0, 160, '2016', 'прискорений', 160, 0, 0, 0, 0, 0),
(16042917, 'Борщевський Р.Р.', 'Борщевський', 'Ростислав', 'Русланович', '0000-00-00', '', 0, 0, 0, 0, 108, '2016', 'прискорений', 108, 0, 0, 0, 0, 0),
(16042918, 'Кошевий М.О.', 'Кошевий', 'Микита', 'Олександрович', '0000-00-00', '', 0, 0, 0, 0, 116, '2016', 'прискорений', 116, 0, 0, 0, 0, 0),
(16042919, 'Прокопенко В.М.', 'Прокопенко', 'Владислав', 'Михайлович', '0000-00-00', '', 0, 0, 0, 0, 124, '2016', 'прискорений', 124, 0, 0, 0, 0, 0),
(16048210, 'Попов В.О.', 'Попов', 'Володимир', 'Олександрович', '0000-00-00', '', 0, 0, 0, 0, 140, '2016', 'прискорений', 140, 0, 0, 0, 0, 0),
(16070925, 'Чупрін Е.В.', 'Чупрін', 'Едуард', 'Вікторович', '0000-00-00', '', 0, 0, 0, 0, 136, '2016', 'прискорений', 136, 0, 0, 0, 0, 0),
(16070940, 'Спориш Д.К.', 'Спориш', 'Дмитро', 'Костянтинович', '0000-00-00', '', 0, 0, 0, 0, 100, '2016', 'прискорений', 100, 0, 0, 0, 0, 0),
(16070950, 'Мокропуло М.В.', 'Мокропуло', 'Максим', 'Валерійович', '0000-00-00', '', 0, 0, 0, 0, 108, '2016', 'прискорений', 108, 0, 0, 0, 0, 0),
(16070952, 'Перепелиця В.С.', 'Перепелиця', 'Владислав', 'Сергійович', '0000-00-00', '', 0, 0, 0, 0, 164, '2016', 'прискорений', 164, 0, 0, 0, 0, 0),
(16117948, 'Білоусов В.О.', 'Білоусов', 'Віталійович', 'Олегович', '0000-00-00', '', 0, 0, 0, 0, 184, '2016', 'прискорений', 184, 0, 0, 0, 0, 0),
(16117950, 'Кульбачний А.В.', 'Кульбачний', 'Артур', 'Володимирович', '0000-00-00', '', 0, 0, 0, 0, 100, '2016', 'прискорений', 100, 0, 0, 0, 0, 0),
(16117955, 'Антонов С.Ю.', 'Антонов', 'Сергій', 'Юрійович', '0000-00-00', '', 0, 0, 0, 0, 160, '2016', 'прискорений', 160, 0, 0, 0, 0, 0),
(16117959, 'Фiлькін А.С.', 'Фiлькін', 'Андрій', 'Сергійович', '0000-00-00', '', 0, 0, 0, 0, 172, '2016', 'прискорений', 172, 0, 0, 0, 0, 0),
(16117966, 'Хохотва В.Р.', 'Хохотва', 'Владислав', 'романович', '0000-00-00', '', 0, 0, 0, 0, 148, '2016', 'прискорений', 148, 0, 0, 0, 0, 0),
(16117969, 'Кухар П.О.', 'Кухар', 'павло', 'Олександрович', '0000-00-00', '', 0, 0, 0, 0, 105, '2016', 'прискорений', 105, 0, 0, 0, 0, 0),
(16117972, 'Артьоменко С.О.', 'Артьоменко', 'Станіслав', 'Олександрович', '0000-00-00', '', 0, 0, 0, 0, 100, '2016', 'прискорений', 100, 0, 0, 0, 0, 0),
(16117977, 'Давиденко В.Р.', 'Давиденко', 'Владислав', 'Романович', '0000-00-00', '', 0, 0, 0, 0, 124, '2016', 'прискорений', 124, 0, 0, 0, 0, 0),
(16128724, 'Гуцу В.Р.', 'Гуцу', 'Валерія', 'Романівна', '0000-00-00', '', 0, 0, 0, 0, 120, '2016', 'прискорений', 120, 0, 0, 0, 0, 0),
(16128725, 'Шур Ю.М.', 'Шур', 'Юлія', 'Мечиславівна', '0000-00-00', '', 0, 0, 0, 0, 100, '2016', 'прискорений', 100, 0, 0, 0, 0, 0),
(16128726, 'Пріб М.Г.', 'Пріб', 'марина', 'Германівна', '0000-00-00', '', 0, 0, 0, 0, 100, '2016', 'прискорений', 100, 0, 0, 0, 0, 0),
(17064413, 'Чугуєвцев А.Ю.', 'Чугуєвцев', 'Артем', 'Юрійович', '0000-00-00', '', 0, 0, 0, 0, 132, '2017', 'прискорений', 132, 0, 0, 0, 0, 0),
(17083884, 'Боровик С.В.', 'Боровик', 'Сергій', 'Володимирович', '0000-00-00', '', 0, 0, 0, 0, 141, '2017', 'прискорений', 141, 0, 0, 0, 0, 0),
(17083926, 'Мураль В.А.', 'Мураль', 'Валерія', 'Андріївна', '0000-00-00', '', 0, 0, 0, 0, 121, '2017', 'прискорений', 121, 0, 0, 0, 0, 0),
(17083931, 'Камак А.С.', 'Камак', 'Андрій', 'Сергійович', '0000-00-00', '', 0, 0, 0, 0, 159, '2017', 'прискорений', 159, 0, 0, 0, 0, 0),
(17083932, 'Купріков М.В.', 'Купріков', 'Микита', 'Віталійович', '0000-00-00', '', 0, 0, 0, 0, 152, '2017', 'прискорений', 152, 0, 0, 0, 0, 0),
(17083945, 'Коломєєць М.О.', 'Коломєєць', 'Микола', 'Олександрович', '0000-00-00', '', 0, 0, 0, 0, 167, '2017', 'прискорений', 167, 0, 0, 0, 0, 0),
(17084042, 'Никипілов М.С.', 'Никипілов', 'Микола', 'Сергійович', '0000-00-00', '', 0, 0, 0, 0, 151, '2017', 'прискорений', 151, 0, 0, 0, 0, 0),
(17084045, 'Павенко В.Є.', 'Павенко', 'Веніамін', 'Євгенійович', '0000-00-00', '', 0, 0, 0, 0, 144, '2017', 'прискорений', 144, 0, 0, 0, 0, 0),
(17139555, 'Пиженко А.Д.', 'Пиженко', 'Анастасія', 'Дмитрівна', '0000-00-00', '', 0, 0, 0, 0, 144, '2017', 'прискорений', 144, 0, 0, 0, 0, 0),
(17139561, 'Олійникова Є.С.', 'Олійникова', 'Єлизавета', 'Сергіївна', '0000-00-00', '', 0, 0, 0, 0, 100, '2017', 'прискорений', 100, 0, 0, 0, 0, 0),
(17139564, 'Кочерешко П.В.', 'Кочерешко', 'павло', 'Володимирович', '0000-00-00', '', 0, 0, 0, 0, 156, '2017', 'прискорений', 156, 0, 0, 0, 0, 0),
(17139565, 'Бочаров М.С.', 'Бочаров', 'Микола', 'Сергійович', '0000-00-00', '', 0, 0, 0, 0, 142, '2017', 'прискорений', 142, 0, 0, 0, 0, 0),
(28086943, 'Фільчаков О.О.', 'Фільчаков', 'Олексій', 'Олексійович', '0000-00-00', '', 0, 0, 0, 0, 156.3, '2013', 'прискорений', 156.3, 0, 0, 0, 0, 0),
(38065619, 'Гриценко В.І.', 'Гриценко', 'Валерій', 'Ігорович', '1993-03-07', '0632840082', 29, 140, 144, 155, 0, '2014', 'повний', 468, 0, 0, 0, 0, 0),
(38065633, 'Семенченко Р.С.', 'Семенченко', 'Руслана', 'Сергіївна', '0000-00-00', '', 141, 145, 144, 135.5, 0, '2013', 'повний', 565.5, 0, 0, 0, 0, 0),
(38073082, 'Балик Л.С.', 'Балик', 'Людмила', 'Станіславівна', '0000-00-00', '', 180, 152.5, 165.5, 151.5, 0, '2012', 'повний', 649.5, 0, 0, 0, 0, 0),
(38079935, 'Шевченко Д.С.', 'Шевченко', 'Даніїл', 'Сергійович', '0000-00-00', '', 159, 163, 170.5, 177.5, 0, '2013', 'повний', 670, 0, 0, 0, 0, 0),
(39156080, 'Зінченко О.Л.', 'Зінченко', 'Олена', 'Леонтирівна', '0000-00-00', '', 0, 0, 0, 0, 138, '2017', 'прискорений', 138, 0, 0, 0, 0, 0),
(40896826, 'Герасімов Р.О.', 'Герасімов', 'Руслан', 'олександрович', '0000-00-00', '', 155, 140.5, 148.5, 141.5, 0, '2013', 'повний', 585.5, 0, 0, 0, 0, 0),
(40897824, 'Бубнова Ю.Ю.', 'Бубнова', 'Юлія', 'Юріхвна', '1993-05-23', '0996602065', 32, 140, 140, 130, 0, '2014', 'повний', 442, 0, 0, 0, 0, 0),
(41622898, 'Беседа М.О.', 'Беседа', 'Марк', 'Олексійович', '0000-00-00', '', 0, 0, 0, 0, 168, '2012', 'прискорений', 168, 0, 0, 0, 0, 0),
(42411582, 'Тюлюкін Р.Ю.', 'Тюлюкін', 'Руслан', 'Юрійович', '0000-00-00', '', 162, 145, 144.5, 159, 0, '2012', 'повний', 610.5, 0, 0, 0, 0, 0),
(42411651, 'Мала Ю.В.', 'Мала', 'Юлія', 'Віталіївна', '0000-00-00', '', 180, 171.5, 178.5, 156.5, 0, '2012', 'повний', 686.5, 0, 0, 0, 0, 0),
(42411705, 'Зайцев М.П.', 'Зайцев', 'Микола', 'Павлович', '0000-00-00', '', 176.2, 171.5, 195, 186, 0, '2012', 'повний', 728.7, 0, 0, 0, 0, 0),
(42411777, 'Гузенко Д.В.', 'Гузенко', 'Данило', 'Віталійович', '0000-00-00', '', 187.6, 168, 180, 183.5, 0, '2012', 'повний', 719.1, 0, 0, 0, 0, 0),
(42411781, 'Заїка О.О.', 'Заїка', 'Олександр', 'Олександрович', '0000-00-00', '', 179.1, 174.5, 168, 173.5, 0, '2012', 'повний', 695.1, 0, 0, 0, 0, 0),
(42411828, 'Шафалюк М.В.', 'Шафалюк', 'Микита', 'Владиславович', '0000-00-00', '', 165.8, 167, 165.5, 165, 0, '2012', 'повний', 663.3, 0, 0, 0, 0, 0),
(42418070, 'Волошин Г.Д.', 'Волошин', 'Герман', 'Дмитрович', '0000-00-00', '', 183.8, 162.5, 177, 179.5, 0, '2012', 'повний', 702.8, 0, 0, 0, 0, 0),
(42418094, 'Мальцев І.Т.', 'Мальцев', 'Ігор', 'Тігранович', '0000-00-00', '', 177.2, 178.5, 160, 168.5, 0, '2012', 'повний', 684.2, 0, 0, 0, 0, 0),
(42419478, 'Лобач Е.А.', 'Лобач', 'Елеонора', 'Анатоліївна', '0000-00-00', '', 0, 0, 0, 0, 168, '2012', 'прискорений', 168, 0, 0, 0, 0, 0),
(42423172, 'Комісаров К.М.', 'Комісаров', 'Костянтин', 'Михайлович', '0000-00-00', '', 163, 161.5, 169.5, 168, 0, '2012', 'повний', 662, 0, 0, 0, 0, 0),
(42423270, 'Писаренко Б.О.', 'Писаренко', 'Богдан', 'Олегович', '1995-07-24', '-', 45, 165, 178.5, 173.5, 0, '2014', 'повний', 562, 0, 0, 0, 0, 0),
(42423349, 'Моніна М.В.', 'Моніна', 'Маргарита', 'Василівна', '0000-00-00', '', 177.2, 181, 175, 154, 0, '2012', 'повний', 687.2, 0, 0, 0, 0, 0),
(42423352, 'Пилипенко К.В.', 'Пилипенко', 'Катерина', 'Вадимівна', '0000-00-00', '', 178.1, 177, 154, 139.5, 0, '2012', 'повний', 648.6, 0, 0, 0, 0, 0),
(42423548, 'Чернишева І.В.', 'Чернишева', 'Інна', 'Володимирівна', '0000-00-00', '', 174.3, 183.5, 160, 148.5, 0, '2012', 'повний', 666.3, 0, 0, 0, 0, 0),
(42423568, 'Літвиненко Ю.Д.', 'Літвиненко', 'Юлія', 'Дмитрівна', '0000-00-00', '', 183.8, 164, 157, 161, 0, '2012', 'повний', 665.8, 0, 0, 0, 0, 0),
(42423626, 'Заборний О.С.', 'Заборний', 'Олександр', 'Сергіївна', '0000-00-00', '', 181.9, 154, 169, 161, 0, '2012', 'повний', 665.9, 0, 0, 0, 0, 0),
(42433197, 'Лях А.О.', 'Лях', 'Анастасія', 'Олександрівна', '0000-00-00', '', 188.6, 157, 188.5, 176, 0, '2012', 'повний', 710.1, 0, 0, 0, 0, 0),
(42433218, 'Решетняк А.О.', 'Решетняк', 'Анастасія', 'Олександрівна', '0000-00-00', '', 185.7, 177, 163, 148.5, 0, '2012', 'повний', 674.2, 0, 0, 0, 0, 0),
(42433563, 'Никифорова К.Д.', 'Никифорова', 'Карина', 'Дмитрівна', '0000-00-00', '', 182.9, 163, 166.5, 137.5, 0, '2012', 'повний', 649.9, 0, 0, 0, 0, 0),
(42438963, 'Важинський В.О.', 'Важинський', 'Владислав', 'Олександрович', '0000-00-00', '', 181.9, 171.5, 181.5, 168, 0, '2012', 'повний', 702.9, 0, 0, 0, 0, 0),
(42617664, 'Полуектова О.В.', 'Полуектова', 'Ольга', 'Вікторівна', '0000-00-00', '', 0, 0, 0, 0, 198, '2012', 'прискорений', 198, 0, 0, 0, 0, 0),
(42658150, 'Глущенко Ю.В.', 'Глущенко', 'Юлія', 'Віталіївна', '0000-00-00', '', 189.5, 171.5, 164, 168, 0, '2012', 'повний', 693, 0, 0, 0, 0, 0),
(43377610, 'Авдонін О.А.', 'Авдонін', 'Олег', 'Анатолійович', '0000-00-00', '', 0, 0, 0, 0, 148, '2012', 'прискорений', 148, 0, 0, 0, 0, 0),
(43377625, 'Шевченко М.І.', 'Шевченко', 'Максим', 'Ігорович', '0000-00-00', '', 0, 0, 0, 0, 180, '2012', 'прискорений', 180, 0, 0, 0, 0, 0),
(43377657, 'Брєусов І.О.', 'Брєусов', 'Ігор', 'Олегович', '0000-00-00', '', 0, 0, 0, 0, 176, '2012', 'прискорений', 176, 0, 0, 0, 0, 0),
(43377658, 'Дьомін Д.В.', 'Дьомін', 'Дмитро', 'Володимирович', '0000-00-00', '', 0, 0, 0, 0, 188, '2012', 'прискорений', 188, 0, 0, 0, 0, 0),
(43377662, 'Могилянська А.В.', 'Могилянська', 'Анастасія', 'Вадимівна', '0000-00-00', '', 0, 0, 0, 0, 198, '2012', 'прискорений', 198, 0, 0, 0, 0, 0),
(43378698, 'Варламова Я.М.', 'Варламова', 'Яна', 'Миколаївна', '0000-00-00', '', 0, 0, 0, 0, 200, '2012', 'прискорений', 200, 0, 0, 0, 0, 0),
(43485508, 'Литвинова І.С.', 'Литвинова', 'Інна', 'Сергіївна', '0000-00-00', '', 0, 0, 0, 0, 128, '2012', 'прискорений', 128, 0, 0, 0, 0, 0),
(43485510, 'Пальнова Ю.А.', 'Пальнова', 'Юлія', 'Андріївна', '0000-00-00', '', 0, 0, 0, 0, 176, '2012', 'прискорений', 176, 0, 0, 0, 0, 0),
(43837053, 'Огаренко Ю.О.', 'Огаренко', 'Юлія', 'Олександрівна', '0000-00-00', '', 0, 0, 0, 0, 168, '2012', 'прискорений', 168, 0, 0, 0, 0, 0),
(43837083, 'Скрипник К.М.', 'Скрипник', 'Катерина', 'Михайлівна', '0000-00-00', '', 0, 0, 0, 0, 172, '2012', 'прискорений', 172, 0, 0, 0, 0, 0),
(44802406, 'Реутов В.К.', 'Реутов', 'Володимир', 'Костянтинович', '0000-00-00', '', 0, 0, 0, 0, 0, '2017', 'повний', 134.415, 0, 0, 0, 0, 0),
(44802999, 'Терехов І.В.', 'Терехов', 'Ілля', 'Васильович', '0000-00-00', '', 158, 131.5, 165, 154, 0, '2013', 'повний', 608.5, 0, 0, 0, 0, 0),
(44803000, 'Дзьоба К.І.', 'Дзьоба', 'Катерина', 'Ігорівна', '0000-00-00', '', 167, 156.5, 150.5, 137.5, 0, '2013', 'повний', 611.5, 0, 0, 0, 0, 0),
(44803076, 'Кравчинський О.Д.', 'Кравчинський', 'Олексій', 'Дмитрович', '0000-00-00', '', 144, 139.5, 160, 144, 0, '2013', 'повний', 587.5, 0, 0, 0, 0, 0),
(44803088, 'Протиняк К.В.', 'Протиняк', 'Катерина', 'Віталіївна', '0000-00-00', '', 152, 156.5, 140, 140, 0, '2013', 'повний', 588.5, 0, 0, 0, 0, 0),
(44803163, 'Вороніна(Стафікопуло) К.С.', 'Вороніна(Стафікопуло)', 'Карина', 'Сергіївна', '0000-00-00', '', 180, 151.5, 154.5, 151, 0, '2013', 'повний', 637, 0, 0, 0, 0, 0),
(44803201, 'Бєгларян К.О.', 'Бєгларян', 'Катерина', 'Олександрівна', '0000-00-00', '', 173, 177, 181.5, 162.5, 0, '2013', 'повний', 694, 0, 0, 0, 0, 0),
(44803234, 'Дейнега (Железняк) А.О.', 'Дейнега (Железняк)', 'Анастасія', 'Олегівна', '0000-00-00', '', 175, 152.5, 166.5, 156.5, 0, '2013', 'повний', 650.5, 0, 0, 0, 0, 0),
(44803241, 'Сич Р.В.', 'Сич', 'Руслан', 'вячеславович', '0000-00-00', '', 176, 160, 173, 154, 0, '2013', 'повний', 663, 0, 0, 0, 0, 0),
(44803249, 'Філонов В.Д.', 'Філонов', 'Владислав', 'Дмитрович', '0000-00-00', '', 159, 172.5, 173, 156.5, 0, '2013', 'повний', 661, 0, 0, 0, 0, 0),
(44805357, 'Агакін А.О.', 'Агакін', 'Андрій', 'Олександрович', '0000-00-00', '', 170, 157, 161, 140, 0, '2013', 'повний', 628, 0, 0, 0, 0, 0),
(44805539, 'Почивалов О.Д.', 'Почивалов', 'Олександр', 'Дмитрович', '0000-00-00', '', 164, 137.5, 149.5, 166.5, 0, '2013', 'повний', 617.5, 0, 0, 0, 0, 0),
(44807010, 'Скриннікова Д.М.', 'Скриннікова', 'Дар\'я', 'Максимівна', '0000-00-00', '', 186, 164.5, 146.5, 151, 0, '2013', 'повний', 648, 0, 0, 0, 0, 0),
(44807189, 'Бакай О.С.', 'Бакай', 'Олександр', 'Станіславович', '0000-00-00', '', 178, 168.5, 183, 176, 0, '2013', 'повний', 705.5, 0, 0, 0, 0, 0),
(44807201, 'Паршин К.Е.', 'Паршин', 'Кирило', 'Едуардович', '0000-00-00', '', 156, 150, 168.5, 136, 0, '2013', 'повний', 610.5, 0, 0, 0, 0, 0),
(44817250, 'Подоляк Я.В.', 'Подоляк', 'Ярослав', 'Володимирович', '0000-00-00', '', 168, 156.5, 160, 154, 0, '2013', 'повний', 638.5, 0, 0, 0, 0, 0),
(44823298, ' Ігнатюк М.І.', 'Ігнатюк', 'Максим', 'Ігорович', '0000-00-00', '', 153, 147, 156, 144, 0, '2013', 'повний', 600, 0, 0, 0, 0, 0),
(44823416, 'Шиш Г.Г.', 'Шиш', 'Геннадій', 'Геннадійович', '0000-00-00', '', 165, 161.5, 168.5, 149, 0, '2013', 'повний', 644, 0, 0, 0, 0, 0),
(44823500, 'Туз М.В.', 'Туз', 'Микита', 'Віталійович', '0000-00-00', '', 160, 139, 161, 148, 0, '2013', 'повний', 608, 0, 0, 0, 0, 0),
(44826227, 'Шарабан К.О.', 'Шарабан', 'Ксенія', 'Олександрівна', '0000-00-00', '', 165, 151.5, 154.5, 154, 0, '2013', 'повний', 625, 0, 0, 0, 0, 0),
(44827159, 'Гарбуз О.А.', 'Гарбуз', 'Олексій', 'Андрійович', '0000-00-00', '', 152, 135, 144, 148, 0, '2013', 'повний', 579, 0, 0, 0, 0, 0),
(44831843, 'Бубякін Д.Я.', 'Бубякін', 'Дмитро', 'Янович', '0000-00-00', '', 145, 148.5, 149.5, 140, 0, '2013', 'повний', 583, 0, 0, 0, 0, 0),
(44831878, 'Палашек А.Ю.', 'Палашек', 'Артем', 'Юрійович', '0000-00-00', '', 181, 139, 158, 131.5, 0, '2013', 'повний', 609.5, 0, 0, 0, 0, 0),
(44831898, 'Гриненко А.О.', 'Гриненко', 'Андрій', 'Олександрович', '0000-00-00', '', 144, 146.5, 144, 136, 0, '2013', 'повний', 570.5, 0, 0, 0, 0, 0),
(44832070, 'Дмитриєв Д.В.', 'Дмитриєв', 'Даніїл', 'Володимирович', '1996-07-06', '0501939648', 25, 153, 148, 137, 0, '2014', 'повний', 463, 0, 0, 0, 0, 0),
(44832161, 'Ржавська О.В.', 'Ржавська', 'Олена', 'Володимирівна', '0000-00-00', '', 171, 159.5, 158, 140, 0, '2013', 'повний', 628.5, 0, 0, 0, 0, 0),
(44834868, 'Саєвець Є.В.', 'Саєвець', 'Євген', 'Владиславович', '0000-00-00', '', 176, 155.5, 156, 144, 0, '2013', 'повний', 631.5, 0, 0, 0, 0, 0),
(44978659, 'Шаповалов А.О.', 'Шаповалов', 'Алексій', 'Олегович', '1995-02-21', '0954445289', 41, 139, 144, 128.5, 0, '2014', 'повний', 452.5, 0, 0, 0, 0, 0),
(44984388, 'Прилепський М.Д.', 'Прилепський', 'Максим', 'Дмитрович', '0000-00-00', '', 158, 147, 165, 142.5, 0, '2013', 'повний', 612.5, 0, 0, 0, 0, 0),
(45381977, 'Стрельцова Я.Г.', 'Стрельцова', 'Яна', 'Геннадіївна', '0000-00-00', '', 0, 0, 0, 0, 186, '2013', 'прискорений', 186, 0, 0, 0, 0, 0),
(45460859, 'Крихта В.О.', 'Крихта', 'Вікторія', 'Олегівна', '0000-00-00', '', 182, 162, 156, 137.5, 0, '2013', 'повний', 637.5, 0, 0, 0, 0, 0),
(45642944, 'Акімов Д.О.', 'Акімов', 'Денис', 'Олександрович', '0000-00-00', '', 0, 0, 0, 0, 193, '2013', 'прискорений', 193, 0, 0, 0, 0, 0),
(45642949, 'Деревянко А.О.', 'Деревянко', 'Антон', 'Олександрович', '0000-00-00', '', 0, 0, 0, 0, 164, '2013', 'прискорений', 164, 0, 0, 0, 0, 0),
(45642950, 'Єлісєєв В.П.', 'Єлісєєв', 'Віктор', 'Петрович', '0000-00-00', '', 0, 0, 0, 0, 140, '2013', 'прискорений', 140, 0, 0, 0, 0, 0),
(45642956, 'Пігарєва Н.А.', 'Пігарєва', 'Надія', 'Анатоліївна', '0000-00-00', '', 0, 0, 0, 0, 158, '2014', 'прискорений', 158, 0, 0, 0, 0, 0),
(46165859, 'Зайцева Р.В.', 'Зайцева', 'Римма', 'Віталіївна', '1997-04-15', '0508711622', 40.5, 138, 161, 141, 0, '2014', 'повний', 480.5, 0, 0, 0, 0, 0),
(46363901, 'Венцель В.О.', 'Венцель', 'Вероніка', 'Олексіївна', '0000-00-00', '', 172, 156, 153, 141, 0, '2016', 'повний', 622, 0, 0, 0, 0, 0),
(46363941, 'Кубан Є.М.', 'Кубан', 'Євген', 'Миколайович', '1997-06-13', '0953330126', 34.5, 145, 160, 130, 0, '2014', 'повний', 469.5, 0, 0, 0, 0, 0),
(46364077, 'Гераськін В.В.', 'Гераськін', 'Владислав', 'Володимирович', '1996-11-12', '0669811273', 37, 151, 172, 135, 0, '2014', 'повний', 495, 0, 0, 0, 0, 0),
(46368146, 'Половинкин С.В.', 'Половинкин', 'Сергій', 'Валерійович', '1997-07-08', '0660682239', 37, 140, 172, 135, 0, '2014', 'повний', 484, 0, 0, 0, 0, 0),
(46369299, 'Овсянников Р.Р.', 'Овсянников', 'Роман', 'Романович', '1996-03-31', '0993180604', 45.5, 146, 160, 134, 0, '2014', 'повний', 485.5, 0, 0, 0, 0, 0),
(46369339, 'Булига В.С.', 'Булига', 'Вікторія', 'Станіславівна', '1997-06-12', '0953148463', 52, 177, 196, 193, 0, '2014', 'повний', 618, 0, 0, 0, 0, 0),
(46369365, 'Передненко О.В.', 'Передненко', 'Олександра', 'Володимирівна', '0000-00-00', '', 162, 165, 165, 132, 0, '2016', 'повний', 624, 0, 0, 0, 0, 0),
(46369723, 'Мотрич М.В.', 'Мотрич', 'Максим', 'Вікторович', '1997-02-28', '0955600965', 30, 145, 148, 142, 0, '2014', 'повний', 465, 0, 0, 0, 0, 0),
(46369740, 'Гостєвський О.В.', 'Гостєвський', 'Олександр', 'Віталійович', '1997-12-31', '0507731894', 45.5, 145, 148, 140, 0, '2014', 'повний', 478.5, 0, 0, 0, 0, 0),
(46372090, 'Баган А.В.', 'Баган', 'Андрій', 'Володимирович', '1997-01-07', '0660675641', 27, 140, 152, 125, 0, '2014', 'повний', 444, 0, 0, 0, 0, 0),
(46372192, 'Савіна А.С.', 'Савіна', 'Анастасія', 'Сергіївна', '1997-03-16', '0997708885', 37.5, 156, 176, 132, 0, '2014', 'повний', 501.5, 0, 0, 0, 0, 0),
(46372227, 'Корсун А.В.', 'Корсун', 'Антоніна', 'Василівна', '1997-07-28', '0505613275', 38.5, 145, 176, 130, 0, '2014', 'повний', 489.5, 0, 0, 0, 0, 0),
(46372231, 'Кришталь А.С.', 'Кришталь', 'Антон', 'Сергійович', '1996-12-09', '0502816911', 39, 159.5, 183, 171, 0, '2014', 'повний', 552.5, 0, 0, 0, 0, 0),
(46372237, 'Маліборська А.О.', 'Маліборська', 'Анна', 'Олександрівна', '1996-12-27', '0953068925', 47, 157, 177.5, 162.5, 0, '2014', 'повний', 544, 0, 0, 0, 0, 0),
(46372257, 'Стецюк А.В.', 'Стецюк', 'Андрій', 'Володимирович', '1996-07-04', '0662330785', 42, 168, 181.5, 172.5, 0, '2014', 'повний', 564, 0, 0, 0, 0, 0),
(46372410, 'Верещак О.О.', 'Верещак', 'Ольга', 'Олександрівна', '1996-11-18', '0999144824', 53, 170.5, 168, 149, 0, '2014', 'повний', 540.5, 0, 0, 0, 0, 0),
(46372421, 'Карнаух М.А.', 'Карнаух', 'Маргарита', 'Андріївна', '1997-03-18', '0661229792', 42, 129, 157, 135, 0, '2014', 'повний', 463, 0, 0, 0, 0, 0),
(46372513, 'Енгель В.П.', 'Енгель', 'Вячеслав', 'Павлович', '1996-11-14', '0991105997', 47.5, 169.5, 154.5, 151.5, 0, '2014', 'повний', 523, 0, 0, 0, 0, 0),
(46372516, 'Кандій О.Д.', 'Кандій', 'Олена', 'Дмитрівна', '1996-12-16', '0509472503', 37.5, 153, 148, 137, 0, '2014', 'повний', 475.5, 0, 0, 0, 0, 0),
(46372623, 'Федченко А.Д.', 'Федченко', 'Артем', 'Дмитрович', '1197-03-28', '0669811579', 37.5, 145, 156, 140, 0, '2014', 'повний', 478.5, 0, 0, 0, 0, 0),
(46375220, 'Веприцький Д.Ю.', 'Веприцький', 'Дмитро', 'Юрійович', '1997-06-28', '0663851394', 41, 153, 168, 148, 0, '2014', 'повний', 510, 0, 0, 0, 0, 0),
(46883242, 'Ткаченко П.С.', 'Ткаченко', 'Пилип', 'Сергійович', '1996-03-09', '0663016066', 36.5, 145, 188, 145, 0, '2014', 'повний', 514.5, 0, 0, 0, 0, 0),
(47004101, 'Гундарєв М.С.', 'Гундарєв', 'Максим', 'Сергійович', '0000-00-00', '', 0, 0, 0, 0, 152, '2014', 'прискорений', 152, 0, 0, 0, 0, 0),
(47004108, 'Писаренко І.В.', 'Писаренко', 'Іван', 'Вікторович', '0000-00-00', '', 0, 0, 0, 0, 125, '2015', 'прискорений', 125, 0, 0, 0, 0, 0),
(47004112, 'Хопта О.Г.', 'Хопта', 'Олександр', 'Геннадійович', '0000-00-00', '', 0, 0, 0, 0, 156, '2014', 'прискорений', 156, 0, 0, 0, 0, 0),
(47215934, 'Білик О.В.', 'Білик', 'Олександр', 'Віталійович', '0000-00-00', '', 0, 0, 0, 0, 162, '2014', 'прискорений', 162, 0, 0, 0, 0, 0),
(47215936, 'Глянько І.Ю.', 'Глянько', 'Ігор', 'Юрійович', '0000-00-00', '', 0, 0, 0, 0, 154, '2014', 'прискорений', 154, 0, 0, 0, 0, 0),
(47215957, 'Беспалова Ю.Ю.', 'Беспалова', 'Юлія', 'Юріївна', '0000-00-00', '', 0, 0, 0, 0, 164, '2014', 'прискорений', 164, 0, 0, 0, 0, 0),
(47215958, 'Болотова В.С.', 'Болотова', 'Вікторія', 'Сергіївна', '0000-00-00', '', 0, 0, 0, 0, 168, '2014', 'прискорений', 168, 0, 0, 0, 0, 0),
(47215959, 'В\'ялих С.О.', 'В\'ялих', 'Сергій', 'Олександрович', '0000-00-00', '', 0, 0, 0, 0, 169, '2014', 'прискорений', 169, 0, 0, 0, 0, 0),
(47215967, 'Пєтаєв С.О.', 'Пєтаєв', 'Сергій', 'Олегович', '0000-00-00', '', 0, 0, 0, 0, 128, '2014', 'прискорений', 128, 0, 0, 0, 0, 0),
(47215968, 'Подобєдова Д.В.', 'Подобєдова', 'Діана', 'Віталіївна', '0000-00-00', '', 0, 0, 0, 0, 132, '2014', 'прискорений', 132, 0, 0, 0, 0, 0),
(47215969, 'Середа С.С.', 'Середа', 'Станіслав', 'Сергійович', '0000-00-00', '', 0, 0, 0, 0, 156, '2014', 'прискорений', 156, 0, 0, 0, 0, 0),
(47215975, 'Астахова І.Р.', 'Астахова', 'Ірина', 'Романівна', '0000-00-00', '', 0, 0, 0, 0, 184, '2014', 'прискорений', 184, 0, 0, 0, 0, 0),
(47314711, 'Бриньов Д.В.', 'Бриньов', 'Дмитро', 'Володимирович', '0000-00-00', '', 155, 176, 184, 153, 0, '2016', 'повний', 668, 0, 0, 0, 0, 0),
(47501786, 'Мельникова Н.Б.', 'Мельникова', 'Надія', 'Біналіївна', '0000-00-00', '', 0, 0, 0, 0, 168, '2014', 'прискорений', 168, 0, 0, 0, 0, 0),
(47860489, 'Мороз А.Р.', 'Мороз', 'Андрій', 'Русланович', '0000-00-00', '', 153, 142.5, 158, 100, 0, '2015', 'повний', 553.5, 0, 0, 0, 0, 0),
(47861087, 'Стульнєв О.Г.', 'Стульнєв', 'Олег', 'Геннадійович', '0000-00-00', '', 163, 156.5, 162, 165, 0, '2015', 'повний', 646.5, 0, 0, 0, 0, 0),
(47861270, 'Сігіда О.О.', 'Сігіда', 'Олег', 'Олександрович', '0000-00-00', '', 177, 150, 114.5, 161, 0, '2015', 'повний', 602.5, 0, 0, 0, 0, 0),
(47861482, 'Колесников Д.В.', 'Колесников', 'Дмитро', 'Вадимович', '0000-00-00', '', 170, 162.5, 134, 151, 0, '2015', 'повний', 617.5, 0, 0, 0, 0, 0),
(47861493, 'Федан М.В.', 'Федан', 'Марина', 'Володимирівна', '0000-00-00', '', 183, 167, 140, 151, 0, '2015', 'повний', 641, 0, 0, 0, 0, 0),
(47861523, 'Новощинська А.В.', 'Новощинська', 'Анастасія', 'віталіївна', '0000-00-00', '', 176, 171.5, 152, 163, 0, '2015', 'повний', 662.5, 0, 0, 0, 0, 0),
(47861578, 'Решетова Н.О.', 'Решетова', 'Наталія', 'Олегівна', '0000-00-00', '', 180, 169.5, 142.5, 151, 0, '2015', 'повний', 643, 0, 0, 0, 0, 0),
(47861669, 'Бутко К.Р.', 'Бутко', 'Карина', 'Русланівна', '0000-00-00', '', 171, 165, 147, 163, 0, '2015', 'повний', 646, 0, 0, 0, 0, 0),
(47861755, 'Нікітенко А.А.', 'Нікітенко', 'Аліна', 'Андріївна', '0000-00-00', '', 174, 157.5, 123, 148.5, 0, '2015', 'повний', 603, 0, 0, 0, 0, 0),
(47861813, 'Баган С.В.', 'Баган', 'Софія', 'Вячеславівна', '0000-00-00', '', 186, 186, 169, 191, 0, '2015', 'повний', 732, 0, 0, 0, 0, 0),
(47861817, 'Васильцов І.В.', 'Васильцов', 'Ігор', 'Володимирович', '0000-00-00', '', 170, 133, 119, 156, 0, '2015', 'повний', 578, 0, 0, 0, 0, 0),
(47862011, 'Хмель І.Л.', 'Хмель', 'Іван', 'Леонідович', '0000-00-00', '', 163, 167, 162, 158.5, 0, '2015', 'повний', 650.5, 0, 0, 0, 0, 0),
(47862077, 'Діденко О.А.', 'Діденко', 'Олексій', 'Андрійович', '0000-00-00', '', 155, 162.5, 152, 161, 0, '2015', 'повний', 630.5, 0, 0, 0, 0, 0);
INSERT INTO `Students` (`Student_id`, `Student_FIO`, `Student_surname`, `Student_name`, `Student_lastname`, `Birhdate`, `Student_phone`, `Certificate_raiting`, `Certificate_ZNO_1`, `Certificate_ZNO_2`, `Certificate_ZNO_3`, `SR_ball_doc`, `Year`, `Class`, `Sum_ball`, `s1`, `s2`, `sr`, `s1stud`, `s2stud`) VALUES
(47863785, 'Новак А.А.', 'Новак', 'Андрій', 'Андрійович', '0000-00-00', '', 167, 135, 127, 151, 0, '2015', 'повний', 580, 0, 0, 0, 0, 0),
(47864911, 'Склярова М.С.', 'Склярова', 'Мар\'яна', 'Сергіївна', '0000-00-00', '', 170, 165, 154, 167, 0, '2015', 'повний', 656, 0, 0, 0, 0, 0),
(47865099, 'Попова Т.О.', 'Попова', 'Тамара', 'Олександрівна', '0000-00-00', '', 159, 133, 100, 118.5, 0, '2015', 'повний', 510.5, 0, 0, 0, 0, 0),
(47865115, 'Ченакал А.В.', 'Ченакал', 'Анела', 'Вікторівна', '0000-00-00', '', 162, 158, 140, 140, 0, '2015', 'повний', 600, 0, 0, 0, 0, 0),
(47866171, 'Мандрик С.О.', 'Мандрик', 'Сергій', 'Олександрович', '0000-00-00', '', 168, 162.5, 157, 158.5, 0, '2015', 'повний', 646, 0, 0, 0, 0, 0),
(47866260, 'Сабайдаш І.О.', 'Сабайдаш', 'Ігор', 'Олександрович', '0000-00-00', '', 174, 147.5, 153, 100, 0, '2015', 'повний', 574.5, 0, 0, 0, 0, 0),
(47866863, 'Шпаченко Н.О.', 'Шпаченко', 'Наталія', 'Олександрівна', '0000-00-00', '', 174, 157.5, 147, 100, 0, '2015', 'повний', 578.5, 0, 0, 0, 0, 0),
(47867025, 'Пономарьов Ф.О.', 'Пономарьов', 'Федір', 'Олександрович', '0000-00-00', '', 173, 155.5, 173, 127, 0, '2015', 'повний', 628.5, 0, 0, 0, 0, 0),
(47868495, 'Тушева А.А.', 'Тушева', 'Анастасія', 'Андріївна', '0000-00-00', '', 188, 170.5, 152, 173, 0, '2015', 'повний', 683.5, 0, 0, 0, 0, 0),
(48878121, 'Кадацький М.А.', 'Кадацький', 'Микита', 'Андрійович', '0000-00-00', '', 186, 164, 159, 148, 0, '2016', 'повний', 657, 0, 0, 0, 0, 0),
(48880714, 'Пудов О.В.', 'Пудов', 'Олександр', 'Володимирович', '0000-00-00', '', 164, 155, 152, 155, 0, '2016', 'повний', 626, 0, 0, 0, 0, 0),
(48881921, 'Рябікіна Д.О.', 'Рябікіна', 'Дар\'я', 'Олегівна', '0000-00-00', '', 168, 149, 148, 140, 0, '2016', 'повний', 605, 0, 0, 0, 0, 0),
(48882982, 'Кузнецова А.Р.', 'Кузнецова', 'Анастасія', 'Романівна', '0000-00-00', '', 181, 160, 153, 100, 0, '2016', 'повний', 594, 0, 0, 0, 0, 0),
(48883088, 'Губін Є.О.', 'Губін', 'Євгеній', 'Олександрович', '0000-00-00', '', 178, 159, 128, 155, 0, '2016', 'повний', 620, 0, 0, 0, 0, 0),
(48883102, 'Кришталь М.Р.', 'Кришталь', 'Максим', 'Романович', '0000-00-00', '', 179, 174, 161, 113, 0, '2016', 'повний', 627, 0, 0, 0, 0, 0),
(48883115, 'Дідевич К.С.', 'Дідевич', 'Катерина', 'Сергіївна', '0000-00-00', '', 179, 173, 137, 153, 0, '2016', 'повний', 642, 0, 0, 0, 0, 0),
(48883228, 'Артеменко О.А.', 'Артеменко', 'Олександра', 'Андріївна', '0000-00-00', '', 166, 167, 131, 122, 0, '2016', 'повний', 586, 0, 0, 0, 0, 0),
(48883284, 'Бондаренко А.А.', 'Бондаренко', 'Андрій', 'Андрійович', '0000-00-00', '', 170, 166, 141, 145, 0, '2016', 'повний', 622, 0, 0, 0, 0, 0),
(48883568, 'Носуля Е.О.', 'Носуля', 'Елізар', 'Олександрович', '0000-00-00', '', 144, 151, 161, 148, 0, '2016', 'повний', 604, 0, 0, 0, 0, 0),
(48883621, 'Сокольський О.С.', 'Сокольський', 'Олександр', 'Сергійович', '0000-00-00', '', 185, 174, 186, 173, 0, '2016', 'повний', 718, 0, 0, 0, 0, 0),
(48883634, 'Соляник В.О.', 'Соляник', 'Вадим', 'Олегович', '0000-00-00', '', 183, 174, 145, 149, 0, '2016', 'повний', 651, 0, 0, 0, 0, 0),
(48893178, 'Гончаров І.В.', 'Гончаров', 'Ігор', 'віталійович', '0000-00-00', '', 158, 135, 143, 111, 0, '2016', 'повний', 547, 0, 0, 0, 0, 0),
(48893181, 'Баштинська А.О.', 'Баштинська', 'Анастасія', 'Олександрівна', '0000-00-00', '', 180, 164, 133, 151, 0, '2016', 'повний', 628, 0, 0, 0, 0, 0),
(48893552, 'Можаєва С.В.', 'Можаєва', 'Світлана', 'Володимирівна', '0000-00-00', '', 174, 142, 152, 163, 0, '2016', 'повний', 631, 0, 0, 0, 0, 0),
(48938254, 'Андросов В.О.', 'Андросов', 'Владислав', 'Олексійович', '0000-00-00', '', 182, 170, 151, 144, 0, '2016', 'повний', 647, 0, 0, 0, 0, 0),
(49817121, 'Іваницький О.О.', 'Іваницький', 'Олексій', 'Олександрович', '0000-00-00', '', 0, 0, 0, 0, 0, '2017', 'повний', 144.76, 0, 0, 0, 0, 0),
(49823333, 'Воронцов В.А.', 'Воронцов', 'Володимир', 'Андрійович', '0000-00-00', '', 0, 0, 0, 0, 0, '2017', 'повний', 117.78, 0, 0, 0, 0, 0),
(49823398, 'Костенко А.Є.', 'Костенко', 'Андрій', 'Євгенович', '0000-00-00', '', 0, 0, 0, 0, 0, '2017', 'повний', 163.007, 0, 0, 0, 0, 0),
(49823425, 'Брадарський А.В.', 'Брадарський', 'Андрій', 'Вікторович', '0000-00-00', '', 0, 0, 0, 0, 0, '2017', 'повний', 122.055, 0, 0, 0, 0, 0),
(49823449, 'Водолазська А.О.', 'Водолазська', 'Альона', 'Олександрівна', '0000-00-00', '', 0, 0, 0, 0, 0, '2017', 'повний', 137.299, 0, 0, 0, 0, 0),
(49863821, 'Рубан К.В.', 'Рубан', 'Кирило', 'Володимирович', '0000-00-00', '', 0, 0, 0, 0, 0, '2017', 'повний', 151.815, 0, 0, 0, 0, 0),
(49863896, 'Попік В.В.', 'Попік', 'Вадим', 'Вадимович', '0000-00-00', '', 0, 0, 0, 0, 0, '2017', 'повний', 138.341, 0, 0, 0, 0, 0),
(49863898, 'Ляхов Б.А.', 'Ляхов', 'Богдан', 'Андрійович', '0000-00-00', '', 0, 0, 0, 0, 0, '2017', 'повний', 137.811, 0, 0, 0, 0, 0),
(49863902, 'Парамонова К.О.', 'Парамонова', 'Катерина', 'Олегівна', '0000-00-00', '', 0, 0, 0, 0, 0, '2017', 'повний', 134.518, 0, 0, 0, 0, 0),
(49863967, 'Душко С.В.', 'Душко', 'Софія', 'Валеріївна', '0000-00-00', '', 0, 0, 0, 0, 0, '2017', 'повний', 157.278, 0, 0, 0, 0, 0),
(49864008, 'Павлова С.О.', 'Павлова', 'Софія', 'Олексіївна', '0000-00-00', '', 0, 0, 0, 0, 0, '2017', 'повний', 170.858, 0, 0, 0, 0, 0),
(49864090, 'Науматуллов Б.С.', 'Науматуллов', 'Богдан', 'Сергійович', '0000-00-00', '', 0, 0, 0, 0, 0, '2017', 'повний', 136.99, 0, 0, 0, 0, 0),
(49864238, 'Литвинов А.Є.', 'Литвинов', 'Андрій', 'Євгенійович', '0000-00-00', '', 0, 0, 0, 0, 0, '2017', 'повний', 170.221, 0, 0, 0, 0, 0),
(49864264, 'Коноваленко Д.О.', 'Коноваленко', 'Дмитро', 'Олександрович', '0000-00-00', '', 0, 0, 0, 0, 0, '2017', 'повний', 169.054, 0, 0, 0, 0, 0),
(49864332, 'Глєбов Б.О.', 'Глєбов', 'Богдан', 'Олександрович', '0000-00-00', '', 0, 0, 0, 0, 0, '2017', 'повний', 141.736, 0, 0, 0, 0, 0),
(49864354, 'Харченко Б.М.', 'Харченко', 'Богдан', 'Михайлович', '0000-00-00', '', 0, 0, 0, 0, 0, '2017', 'повний', 154.467, 0, 0, 0, 0, 0),
(49864380, 'Бондарєв Я.Г.', 'Бондарєв', 'Ярослав', 'Геннадійович', '0000-00-00', '', 0, 0, 0, 0, 0, '2017', 'повний', 171.813, 0, 0, 0, 0, 0),
(49864446, 'Боровинський Б.В.', 'Боровинський', 'Борис', 'Володимирович', '0000-00-00', '', 0, 0, 0, 0, 0, '2017', 'повний', 150.754, 0, 0, 0, 0, 0),
(49864576, 'Деркач Р.Р.', 'Деркач', 'Римма', 'Русланівна', '0000-00-00', '', 0, 0, 0, 0, 0, '2017', 'повний', 155.263, 0, 0, 0, 0, 0),
(50513497, 'Ергерт Е.Є.', '', '', '', '0000-00-00', '', 0, 0, 0, 0, 0, '', '', 150.176, 0, 0, 0, 0, 0);

-- --------------------------------------------------------

--
-- Структура таблицы `Teachers`
--

CREATE TABLE `Teachers` (
  `Teacher_id` int(11) NOT NULL,
  `Teacher_FIO` varchar(255) NOT NULL,
  `Teacher_surname` varchar(255) NOT NULL,
  `Teacher_name` varchar(255) NOT NULL,
  `Teacher_lastname` varchar(255) NOT NULL,
  `Teacher_phone` varchar(255) NOT NULL,
  `Teacher_email` varchar(255) NOT NULL,
  `image` varchar(255) NOT NULL,
  `Kolteach` int(11) NOT NULL
) ENGINE=InnoDB DEFAULT CHARSET=utf8;

--
-- Дамп данных таблицы `Teachers`
--

INSERT INTO `Teachers` (`Teacher_id`, `Teacher_FIO`, `Teacher_surname`, `Teacher_name`, `Teacher_lastname`, `Teacher_phone`, `Teacher_email`, `image`, `Kolteach`) VALUES
(1, 'Єнікєєв О.Ф.', 'Єнікєєв', 'Олександр', 'Фанілович', '', 'Al_enikeev@bigmir.net', '1e241058db159ccf2a324f6c56dca206.jpg', 0),
(2, 'Мельников О.Ю.', 'Мельников', 'Олександр', 'Юрійович', '0509570184', 'al_mel@mail.ru', '556bae07773aed7950b5e47b7f7efde4.jpg', 0),
(3, 'Гітіс В.Б.', 'Гітіс', 'Веніамін', 'Борисович', '', 'vengit@mail.ru', 'ffffdce9e9174ba0ceedf13246f5bc8b.jpg', 0),
(4, 'Шевченко Н.Ю.', 'Шевченко', 'Наталя', 'Юріївна', '0996406461', 'natasha_shev@mail.ru', '151f6cb0ffdfebf990792491fe3eb4ba.jpg', 0),
(5, 'Ольховська О.Л.', 'Ольховська', 'Оксана', 'Леонідівна', '0505800816', 'olkhovska.ol@googlemail.com', '17088951a42844f37e5f181a9401dd08.jpg', 0),
(6, 'Івченкова О.Ю.', 'Івченкова', 'Олена', 'Юріївна', '0660264082', 'yefanova_helen@mail.ru', '952c5ecb5c0a956ae0f151ec9ee0317f.jpg', 0),
(7, 'Нечволода Л.В.', 'Нечволода', 'Людмила', 'Володимирівна', '0508634138', 'lylyne4v@yandex.ru', 'ffaa54d10a74787814c8b3bf7c1d2280.jpg', 0),
(8, 'Загребельний С.Л.', 'Загребельний', 'Сергій', ' Леонідович', '0506262459', 'szagrebelniy@gmail.com', 'a5804917698dcc867cdbbe71c97cb626.jpg', 0),
(9, 'Костіков О.А.', 'Костіков', 'Олександр', 'Анатолійович', '', 'alexkst63@gmail.com', '4a63afa9f838dc59ce17fd5be335b706.jpg', 0),
(10, 'Ісікова Н.П.', 'Ісікова', 'Наталія', 'Павлівна', '0502738251', 'nat_1789@mail.ru', '56c3fbb96ec3c9e5d7e1cdb1ac8e69f3.jpg', 0),
(11, 'Срибнік М.В.', 'Срибнік', ' Михайло', 'Володимирович', '', 'mike@dgma.donetsk.ua', '', 0),
(12, 'Крикуненко К.М.', 'Крикуненко', 'Катерина', 'Миколаївна', '', 'lady.babenko-87@yandex.ru', '1fa514ae5139130a3559118f6cab4f74.jpg', 0),
(13, 'Мічківський С.Н.', 'Мічківський', 'Сергій', 'Миколайович', '0506733658', 's.michkivskyy@gmail.com', '16a7875a679fdf76255a99ec66cfe159.jpg', 0),
(14, 'Гудкова К.Ю.', 'Гудкова', 'Катерина', 'Юріївна', '0509643672', 'eugudkova@gmail.com', '0fbb81dc376e2f0723291801d0e7fb5c.jpg', 0),
(15, 'Решетняк Т.В.', 'Решетняк', 'Тетяна', 'Вікторівна', '0634526742', 'reshetnyak_2010@mail.ru', '579c947fe0e6e3a5fc1779bafe36b3f6.jpg', 0),
(16, 'Пальцева В.В.', 'Пальцева', 'Вікторія', 'Віталіївна', '(0626)416713', 'kiber@dgma.donetsk.ua', '900dfa68136d77727050bbafbcf7fa92.jpg', 0),
(17, 'Кузнецова К.С.', 'Кузнецова', 'Катерина', 'Сергіївна', '(0626)416713', 'kiber@dgma.donetsk.ua', '7e01b3f9a43ef36b2711830991593dbc.jpg', 0),
(18, 'Бєлєвцов Л.В.', 'Бєлєвцов', 'Леонід', 'Васильович', '', '', '', 0),
(19, 'Турлакова С.С.', 'Турлакова', 'Світлана', 'Сергіївна', '', '', '', 0),
(20, 'Протиняк(Наумова) С.І.', 'Протиняк(Наумова)', 'Світлана', 'Іванівна', '', '', '', 0),
(21, 'Решетнік Н.О.', 'Решетнік', 'Наталя', 'Олександрівна', '', '', '', 0),
(22, 'Сташкевич І.І.', 'Сташкевич', 'Ігор', 'Ігорович', '', '', '', 0),
(23, 'Куліш О.', 'Куліш', 'Олексій', '', '', '', '', 0),
(24, 'Гореславець А.М.', 'Гореславець', 'Андрій', 'Миколайович', '', '', '', 0),
(25, 'Спаська Г.М.', 'Спаська', 'Ганна', 'Михайлівна', '', '', '', 0),
(26, 'Терпій Д.М.', 'Терпій', 'Дмитро', 'Миколайович', '', '', '', 0),
(27, 'Віннік О.В.', 'Віннік', 'Олексій', 'Вікторович', '', '', '', 0),
(28, 'Волкова Г.А.', 'Волкова', 'Ганна', '', '', '', '', 0),
(29, 'Кутєпов М.Л.', 'Кутєпов', 'Микола', 'Леонідович', '', '', '', 0),
(30, 'Шишкіна К.М.', 'Шишкіна', 'Катерина', 'Миколаївна', '', '', '', 0),
(31, 'Останкова Л.А.', 'Останкова', 'Лариса', 'Анатоліївна', '', '', '', 0);

-- --------------------------------------------------------

--
-- Структура таблицы `user`
--

CREATE TABLE `user` (
  `id` int(11) NOT NULL,
  `username` varchar(255) COLLATE utf8_unicode_ci NOT NULL,
  `Student_surname` varchar(255) COLLATE utf8_unicode_ci NOT NULL,
  `auth_key` varchar(32) COLLATE utf8_unicode_ci NOT NULL,
  `password_hash` varchar(255) COLLATE utf8_unicode_ci NOT NULL,
  `password_reset_token` varchar(255) COLLATE utf8_unicode_ci DEFAULT NULL,
  `email` varchar(255) COLLATE utf8_unicode_ci NOT NULL,
  `status` smallint(6) NOT NULL DEFAULT '10',
  `created_at` datetime DEFAULT NULL,
  `updated_at` datetime DEFAULT NULL
) ENGINE=InnoDB DEFAULT CHARSET=utf8 COLLATE=utf8_unicode_ci;

--
-- Дамп данных таблицы `user`
--

INSERT INTO `user` (`id`, `username`, `Student_surname`, `auth_key`, `password_hash`, `password_reset_token`, `email`, `status`, `created_at`, `updated_at`) VALUES
(1, 'admin', 'Админ', 's85edNJeckozoDqM_4PoWwLZXOzOHPxr', '$2y$13$jv3MUcrTSmHlE5eSBxoejuJJeKWUsMPHuCmfQ8SiT4cX4hMYMlCbq', NULL, '', 1, '2018-06-25 00:00:00', '0000-00-00 00:00:00'),
(32, 'lylyne4v', 'Нечволода Л.В', 'X1m-eTL6ZPpuFsVG7t4YnAo_UIH1x4W0', '$2y$13$fuyOBh0TmCxugL5UZTDJ1eDsUK.BBc/yuSJ8x2u8n2DWzkARSb/QW', NULL, 'lylyne4v@yandex.ru', 1, '0000-00-00 00:00:00', '0000-00-00 00:00:00'),
(35, 'melya', 'Мельников О.Ю.', 'j858Nzaa8kB2aRHV3_xVauoW56Cc-ca-', '$2y$13$4PyCnyeXeJ7m/SsAlHHvPOPe1JVhNXwGsl2tzcl96Xp9cXWT/rKxq', 'KY5ZTh4nUZKyvi3jy1qL9J00Kps4Q1FB_1537430542', 'al_mel@mail.ru', 1, '0000-00-00 00:00:00', '0000-00-00 00:00:00'),
(444, '38065619', 'Гриценко', 'n9noKrbzNDZaxCVEe7NF1VqvrL9LT_6S', '$2y$13$EXvWI3g8KTfkGUY0H9JU1OhYXj1P1gzy77ytO5VGwD4jcUP0/yFgi', 'xze-HQSCmWRjjgNGM7ydie055KB7PdVI_1546189324', 'gritsenko.valeriy93@gmail.com', 1, '0000-00-00 00:00:00', '2018-12-30 20:02:04'),
(448, '4', 'Ареф’єва', 'NjBepHOuYS1pUdFP4NJ7rCJa1tT6FXmu', '$2y$13$xodT689ktr0pXmfyDEbXxu8MZjO/FfLGIII7k5J9SPwXFxM7a3rWK', 'stlP9kwPu8JTMrm-vAt0XnhmRdQis9Px_1546190468', 'admin@mail.ru', 1, '2018-10-07 23:00:57', '2018-12-30 20:21:08'),
(449, '10000004', 'Грицко', '6RGi4AHHdbToyNwOGgN1jAv7FXyjccX3', '$2y$13$1QaTVY0l/odVd8In.4LBbO1mXO3dftX41VdN.0M2YddLdtyWD1X02', NULL, 'admin1@mail.ru', 10, '2018-10-08 19:48:30', '2018-10-08 19:48:30'),
(450, '10000011', 'Мартем\'янова', 'r50I8ivzqKlyjp5WIkoR1qDUCMpHjudq', '$2y$13$yySL1TlO1n43AAnuHON/3.bQJOvQYTwdn9xLrKwzbwzk1OOHpjs2G', NULL, 'admin@bk.ru', 10, '2018-12-30 20:16:07', '2018-12-30 20:16:07');

--
-- Индексы сохранённых таблиц
--

--
-- Индексы таблицы `auth_assignment`
--
ALTER TABLE `auth_assignment`
  ADD PRIMARY KEY (`item_name`,`user_id`),
  ADD KEY `auth_assignment_user_id_idx` (`user_id`);

--
-- Индексы таблицы `auth_item`
--
ALTER TABLE `auth_item`
  ADD PRIMARY KEY (`name`),
  ADD KEY `rule_name` (`rule_name`),
  ADD KEY `idx-auth_item-type` (`type`);

--
-- Индексы таблицы `auth_item_child`
--
ALTER TABLE `auth_item_child`
  ADD PRIMARY KEY (`parent`,`child`),
  ADD KEY `child` (`child`);

--
-- Индексы таблицы `auth_rule`
--
ALTER TABLE `auth_rule`
  ADD PRIMARY KEY (`name`);

--
-- Индексы таблицы `blog`
--
ALTER TABLE `blog`
  ADD PRIMARY KEY (`id`),
  ADD KEY `status_id` (`status_id`),
  ADD KEY `author_id` (`author_id`);

--
-- Индексы таблицы `Cathedra`
--
ALTER TABLE `Cathedra`
  ADD PRIMARY KEY (`Cathedra_id`);

--
-- Индексы таблицы `Control_type`
--
ALTER TABLE `Control_type`
  ADD PRIMARY KEY (`Control_type_id`);

--
-- Индексы таблицы `Current_estimates`
--
ALTER TABLE `Current_estimates`
  ADD PRIMARY KEY (`estimates_id`);

--
-- Индексы таблицы `Current_raitings`
--
ALTER TABLE `Current_raitings`
  ADD PRIMARY KEY (`Current_raiting_id`);

--
-- Индексы таблицы `Diplom`
--
ALTER TABLE `Diplom`
  ADD PRIMARY KEY (`Diplom_id`);

--
-- Индексы таблицы `Disciplines`
--
ALTER TABLE `Disciplines`
  ADD PRIMARY KEY (`Discipline_id`);

--
-- Индексы таблицы `Discipline_fixation`
--
ALTER TABLE `Discipline_fixation`
  ADD PRIMARY KEY (`Discipline_fix_id`);

--
-- Индексы таблицы `Fixation_by_group`
--
ALTER TABLE `Fixation_by_group`
  ADD PRIMARY KEY (`Fix_by_group_id`),
  ADD KEY `Student_id` (`Student_id`,`Group_id`);

--
-- Индексы таблицы `Fixation_by_position_teacher`
--
ALTER TABLE `Fixation_by_position_teacher`
  ADD PRIMARY KEY (`Fix_by_teach_id`),
  ADD KEY `Teachers_id` (`Teacher_id`,`Position_id`),
  ADD KEY `Pos_id` (`Position_id`);

--
-- Индексы таблицы `Fixation_by_rank_teacher`
--
ALTER TABLE `Fixation_by_rank_teacher`
  ADD PRIMARY KEY (`Fix_by_rank_teach_id`);

--
-- Индексы таблицы `Fixation_speciality_to_cathedra`
--
ALTER TABLE `Fixation_speciality_to_cathedra`
  ADD PRIMARY KEY (`Fix_speciality_to_cathedra_id`);

--
-- Индексы таблицы `Fixation_teacher_to_cathedra`
--
ALTER TABLE `Fixation_teacher_to_cathedra`
  ADD PRIMARY KEY (`Fix_teacher_to_cathedra`);

--
-- Индексы таблицы `Group_academy`
--
ALTER TABLE `Group_academy`
  ADD PRIMARY KEY (`Group_id`);

--
-- Индексы таблицы `List_stud`
--
ALTER TABLE `List_stud`
  ADD PRIMARY KEY (`List_stud_id`);

--
-- Индексы таблицы `migration`
--
ALTER TABLE `migration`
  ADD PRIMARY KEY (`version`);

--
-- Индексы таблицы `news`
--
ALTER TABLE `news`
  ADD PRIMARY KEY (`id`),
  ADD KEY `author_id` (`author_id`),
  ADD KEY `status_id` (`status_id`);

--
-- Индексы таблицы `Plan`
--
ALTER TABLE `Plan`
  ADD PRIMARY KEY (`Plan_id`);

--
-- Индексы таблицы `Position`
--
ALTER TABLE `Position`
  ADD PRIMARY KEY (`Position_id`);

--
-- Индексы таблицы `progress_in_public`
--
ALTER TABLE `progress_in_public`
  ADD PRIMARY KEY (`id_progress_public`);

--
-- Индексы таблицы `progress_in_science`
--
ALTER TABLE `progress_in_science`
  ADD PRIMARY KEY (`id_progress_science`),
  ADD KEY `science_id` (`science_id`,`Student_id`);

--
-- Индексы таблицы `public_work`
--
ALTER TABLE `public_work`
  ADD PRIMARY KEY (`public_id`);

--
-- Индексы таблицы `Ranks`
--
ALTER TABLE `Ranks`
  ADD PRIMARY KEY (`Rank_id`);

--
-- Индексы таблицы `Rank_fixation`
--
ALTER TABLE `Rank_fixation`
  ADD PRIMARY KEY (`Rank_fix_id`);

--
-- Индексы таблицы `science_work`
--
ALTER TABLE `science_work`
  ADD PRIMARY KEY (`science_id`);

--
-- Индексы таблицы `Session`
--
ALTER TABLE `Session`
  ADD PRIMARY KEY (`Session_id`);

--
-- Индексы таблицы `Specialities`
--
ALTER TABLE `Specialities`
  ADD PRIMARY KEY (`Speciality_id`);

--
-- Индексы таблицы `Students`
--
ALTER TABLE `Students`
  ADD PRIMARY KEY (`Student_id`);

--
-- Индексы таблицы `Teachers`
--
ALTER TABLE `Teachers`
  ADD PRIMARY KEY (`Teacher_id`);

--
-- Индексы таблицы `user`
--
ALTER TABLE `user`
  ADD PRIMARY KEY (`id`),
  ADD UNIQUE KEY `username` (`username`),
  ADD UNIQUE KEY `email` (`email`),
  ADD UNIQUE KEY `password_reset_token` (`password_reset_token`);

--
-- AUTO_INCREMENT для сохранённых таблиц
--

--
-- AUTO_INCREMENT для таблицы `blog`
--
ALTER TABLE `blog`
  MODIFY `id` int(11) NOT NULL AUTO_INCREMENT, AUTO_INCREMENT=10;
--
-- AUTO_INCREMENT для таблицы `Cathedra`
--
ALTER TABLE `Cathedra`
  MODIFY `Cathedra_id` int(11) NOT NULL AUTO_INCREMENT, AUTO_INCREMENT=2;
--
-- AUTO_INCREMENT для таблицы `Control_type`
--
ALTER TABLE `Control_type`
  MODIFY `Control_type_id` int(11) NOT NULL AUTO_INCREMENT;
--
-- AUTO_INCREMENT для таблицы `Current_estimates`
--
ALTER TABLE `Current_estimates`
  MODIFY `estimates_id` int(11) NOT NULL AUTO_INCREMENT, AUTO_INCREMENT=1102;
--
-- AUTO_INCREMENT для таблицы `Current_raitings`
--
ALTER TABLE `Current_raitings`
  MODIFY `Current_raiting_id` int(11) NOT NULL AUTO_INCREMENT;
--
-- AUTO_INCREMENT для таблицы `Diplom`
--
ALTER TABLE `Diplom`
  MODIFY `Diplom_id` int(11) NOT NULL AUTO_INCREMENT, AUTO_INCREMENT=493;
--
-- AUTO_INCREMENT для таблицы `Disciplines`
--
ALTER TABLE `Disciplines`
  MODIFY `Discipline_id` int(11) NOT NULL AUTO_INCREMENT, AUTO_INCREMENT=67;
--
-- AUTO_INCREMENT для таблицы `Discipline_fixation`
--
ALTER TABLE `Discipline_fixation`
  MODIFY `Discipline_fix_id` int(11) NOT NULL AUTO_INCREMENT;
--
-- AUTO_INCREMENT для таблицы `Fixation_by_group`
--
ALTER TABLE `Fixation_by_group`
  MODIFY `Fix_by_group_id` int(11) NOT NULL AUTO_INCREMENT, AUTO_INCREMENT=225;
--
-- AUTO_INCREMENT для таблицы `Fixation_by_position_teacher`
--
ALTER TABLE `Fixation_by_position_teacher`
  MODIFY `Fix_by_teach_id` int(11) NOT NULL AUTO_INCREMENT, AUTO_INCREMENT=37;
--
-- AUTO_INCREMENT для таблицы `Fixation_by_rank_teacher`
--
ALTER TABLE `Fixation_by_rank_teacher`
  MODIFY `Fix_by_rank_teach_id` int(11) NOT NULL AUTO_INCREMENT, AUTO_INCREMENT=17;
--
-- AUTO_INCREMENT для таблицы `Fixation_speciality_to_cathedra`
--
ALTER TABLE `Fixation_speciality_to_cathedra`
  MODIFY `Fix_speciality_to_cathedra_id` int(11) NOT NULL AUTO_INCREMENT, AUTO_INCREMENT=4;
--
-- AUTO_INCREMENT для таблицы `Fixation_teacher_to_cathedra`
--
ALTER TABLE `Fixation_teacher_to_cathedra`
  MODIFY `Fix_teacher_to_cathedra` int(11) NOT NULL AUTO_INCREMENT, AUTO_INCREMENT=37;
--
-- AUTO_INCREMENT для таблицы `Group_academy`
--
ALTER TABLE `Group_academy`
  MODIFY `Group_id` int(11) NOT NULL AUTO_INCREMENT, AUTO_INCREMENT=16;
--
-- AUTO_INCREMENT для таблицы `List_stud`
--
ALTER TABLE `List_stud`
  MODIFY `List_stud_id` int(11) NOT NULL AUTO_INCREMENT, AUTO_INCREMENT=17;
--
-- AUTO_INCREMENT для таблицы `Plan`
--
ALTER TABLE `Plan`
  MODIFY `Plan_id` int(11) NOT NULL AUTO_INCREMENT, AUTO_INCREMENT=126;
--
-- AUTO_INCREMENT для таблицы `Position`
--
ALTER TABLE `Position`
  MODIFY `Position_id` int(11) NOT NULL AUTO_INCREMENT, AUTO_INCREMENT=6;
--
-- AUTO_INCREMENT для таблицы `progress_in_public`
--
ALTER TABLE `progress_in_public`
  MODIFY `id_progress_public` int(11) NOT NULL AUTO_INCREMENT, AUTO_INCREMENT=20;
--
-- AUTO_INCREMENT для таблицы `progress_in_science`
--
ALTER TABLE `progress_in_science`
  MODIFY `id_progress_science` int(11) NOT NULL AUTO_INCREMENT, AUTO_INCREMENT=35;
--
-- AUTO_INCREMENT для таблицы `public_work`
--
ALTER TABLE `public_work`
  MODIFY `public_id` int(11) NOT NULL AUTO_INCREMENT, AUTO_INCREMENT=33;
--
-- AUTO_INCREMENT для таблицы `Ranks`
--
ALTER TABLE `Ranks`
  MODIFY `Rank_id` int(11) NOT NULL AUTO_INCREMENT, AUTO_INCREMENT=7;
--
-- AUTO_INCREMENT для таблицы `Rank_fixation`
--
ALTER TABLE `Rank_fixation`
  MODIFY `Rank_fix_id` int(11) NOT NULL AUTO_INCREMENT, AUTO_INCREMENT=17;
--
-- AUTO_INCREMENT для таблицы `science_work`
--
ALTER TABLE `science_work`
  MODIFY `science_id` int(11) NOT NULL AUTO_INCREMENT, AUTO_INCREMENT=56;
--
-- AUTO_INCREMENT для таблицы `Session`
--
ALTER TABLE `Session`
  MODIFY `Session_id` int(11) NOT NULL AUTO_INCREMENT, AUTO_INCREMENT=241;
--
-- AUTO_INCREMENT для таблицы `Specialities`
--
ALTER TABLE `Specialities`
  MODIFY `Speciality_id` int(11) NOT NULL AUTO_INCREMENT, AUTO_INCREMENT=4;
--
-- AUTO_INCREMENT для таблицы `Teachers`
--
ALTER TABLE `Teachers`
  MODIFY `Teacher_id` int(11) NOT NULL AUTO_INCREMENT, AUTO_INCREMENT=32;
--
-- AUTO_INCREMENT для таблицы `user`
--
ALTER TABLE `user`
  MODIFY `id` int(11) NOT NULL AUTO_INCREMENT, AUTO_INCREMENT=451;
--
-- Ограничения внешнего ключа сохраненных таблиц
--

--
-- Ограничения внешнего ключа таблицы `auth_assignment`
--
ALTER TABLE `auth_assignment`
  ADD CONSTRAINT `auth_assignment_ibfk_1` FOREIGN KEY (`item_name`) REFERENCES `auth_item` (`name`) ON DELETE CASCADE ON UPDATE CASCADE;

--
-- Ограничения внешнего ключа таблицы `auth_item`
--
ALTER TABLE `auth_item`
  ADD CONSTRAINT `auth_item_ibfk_1` FOREIGN KEY (`rule_name`) REFERENCES `auth_rule` (`name`) ON DELETE SET NULL ON UPDATE CASCADE;

--
-- Ограничения внешнего ключа таблицы `auth_item_child`
--
ALTER TABLE `auth_item_child`
  ADD CONSTRAINT `auth_item_child_ibfk_1` FOREIGN KEY (`parent`) REFERENCES `auth_item` (`name`) ON DELETE CASCADE ON UPDATE CASCADE,
  ADD CONSTRAINT `auth_item_child_ibfk_2` FOREIGN KEY (`child`) REFERENCES `auth_item` (`name`) ON DELETE CASCADE ON UPDATE CASCADE;
COMMIT;

/*!40101 SET CHARACTER_SET_CLIENT=@OLD_CHARACTER_SET_CLIENT */;
/*!40101 SET CHARACTER_SET_RESULTS=@OLD_CHARACTER_SET_RESULTS */;
/*!40101 SET COLLATION_CONNECTION=@OLD_COLLATION_CONNECTION */;
